Workbook

Sheet plan de data
D1: 4 | E1: 5 | F1: 6 | G1: 7 | H1: 8 | I1: 9 | J1: 10 | K1: 11 | L1: 12 | M1: 13 | N1: 14 | O1: 15 | P1: 16 | Q1: 17 | R1: 18 | S1: 19 | T1: 20 | U1: 21 | V1: 22 | W1: 23 | X1: 24 | Y1: 25 | Z1: 26 | AA1: 27 | AD1: 30 | AE1: 31 | AF1: 32 | AG1: 33 | AH1: 34
A2: folha | B2: data | C2: FMRC NUMEROS | D2: FORMA 1 | E2: TP1 | F2: FORMA 2 | G2: TP2 | H2: FORMA 3 | I2: TP3 | J2: FORMA 4 | K2: TP4 | L2: FORMA 5 | M2: TP5 | N2: FORMA 6 | O2: TP6 | P2: FORMA 7 | Q2: TP7 | R2: FORMA 8 | S2: TP8 | T2: FORMA 9 | U2: TP9 | V2: FORMA 10 | W2: TP10 | X2: FORMA 11 | Y2: TP11 | Z2: FORMA 12 | AA2: TP12 | AB2: FORMA 13 | AC2: TP13 | AE2: MESA | AF2: cliente | AG2: obra | AH2: descrição do tanque
A3: 1 | B3: 45733 | C3: 982-983-984-985 | D3: PN-02 | E3: P | F3: PN-03 | G3: P | H3: PN-04 | I3: P | J3: PN-05 | K3: P | L3: PN-06 | M3: P | N3: PN-10 | O3: P | P3: PN-11 | Q3: P | AE3: PN-001 | AF3: CONSÓRCIO NOVA ETE - PARQUE NOVO MUNDO | AG3: ETE - PARQUE NOVO MUNDO | AH3: REATORES NEREDA
A4: 2 | B4: 45741 | C4: 987-988-989-990 | D4: PN-12 | E4: P | F4: PN-13 | G4: P | H4: PN-14 | I4: P | J4: PN-15 | K4: P | L4: PN-16 | M4: P | N4: PN-17 | O4: P | P4: PN-18 | Q4: P | AE4: PN-001 | AF4: CONSÓRCIO NOVA ETE - PARQUE NOVO MUNDO | AG4: ETE - PARQUE NOVO MUNDO | AH4: REATORES NEREDA
A5: 3 | B5: 45742 | C5: 992-993-994-995 | F5: PN-19 | G5: P | H5: PN-20 | I5: P | J5: PN-21 | K5: P | L5: PN-22 | M5: P | N5: PN-23 | O5: P | P5: PN-25 | Q5: P | R5: PN-26 | S5: P | AE5: PN-002 | AF5: CONSÓRCIO NOVA ETE - PARQUE NOVO MUNDO | AG5: ETE - PARQUE NOVO MUNDO | AH5: REATORES NEREDA
A6: 4 | B6: 45743 | C6: 997-998-999-1000 | D6: PN-27 | E6: P | F6: PN-28 | G6: p | H6: PN-29 | I6: P | J6: PN-30 | K6: P | L6: PN-31 | M6: P | N6: PN-33 | O6: P | P6: PN-34 | Q6: P | AE6: PN-001 | AF6: CONSÓRCIO NOVA ETE - PARQUE NOVO MUNDO | AG6: ETE - PARQUE NOVO MUNDO | AH6: REATORES NEREDA
A7: 5 | B7: 45744 | C7: 1002-1003-1004-1005 | F7: PN-36 | G7: P | H7: PN-37 | I7: P | J7: PN-38 | K7: P | L7: PN-40 | M7: P | N7: PN-41 | O7: P | P7: PN-42 | Q7: P | R7: PN-35 | S7: P | AE7: PN-002 | AF7: CONSÓRCIO NOVA ETE - PARQUE NOVO MUNDO | AG7: ETE - PARQUE NOVO MUNDO | AH7: REATORES NEREDA
A8: 6 | B8: 45747 | C8: 1006-1007-1008-1009 | D8: PN-43 | E8: P | F8: PN-44 | G8: P | H8: PN-45 | I8: P | J8: PN-46 | K8: P | L8: PN-47 | M8: P | N8: PN-48 | O8: P | P8: PN-49 | Q8: P | AE8: PN-001 | AF8: CONSÓRCIO NOVA ETE - PARQUE NOVO MUNDO | AG8: ETE - PARQUE NOVO MUNDO | AH8: REATORES NEREDA
A9: 7 | B9: 45749 | C9: 1011-1012-1013-1014 | F9: PN-51 | G9: P | H9: PN-52 | I9: P | J9: PN-53 | K9: P | L9: PN-54 | M9: P | N9: PN-56 | O9: P | P9: PN-57 | Q9: P | R9: PN-50 | S9: P | AE9: PN-002 | AF9: CONSÓRCIO NOVA ETE - PARQUE NOVO MUNDO | AG9: ETE - PARQUE NOVO MUNDO | AH9: REATORES NEREDA
A10: 8 | B10: 45750 | C10: 1016-1017-1018 | D10: PN-58 | E10: P | F10: PN-59 | G10: P | H10: PN-60 | I10: P | J10: PN61 | K10: P | L10: PN-62 | M10: P | N10: PN-64 | O10: P | P10: PN-65 | Q10: P | AE10: PN-001 | AF10: CONSÓRCIO NOVA ETE - PARQUE NOVO MUNDO | AG10: ETE - PARQUE NOVO MUNDO | AH10: REATORES NEREDA
A11: 9 | B11: 45752 | C11: 1020-1021-1022-1023 | F11: PN-66 | G11: P | H11: PN-67 | I11: P | J11: PN-68 | K11: P | L11: PN-72 | M11: P | N11: PN-73 | O11: P | P11: PN-74 | Q11: P | R11: PN-75 | S11: P | AE11: PN-002 | AF11: CONSÓRCIO NOVA ETE - PARQUE NOVO MUNDO | AG11: ETE - PARQUE NOVO MUNDO | AH11: REATORES NEREDA
A12: 10 | B12: 45754 | C12: 1025-1026-1027-1028 | D12: PN-76 | E12: P | F12: PN-77 | G12: P | H12: PN-78 | I12: P | J12: PN-79 | K12: P | L12: PN-80 | M12: P | N12: PN-81 | O12: P | P12: PN-82 | Q12: P | AE12: PN-001 | AF12: CONSÓRCIO NOVA ETE - PARQUE NOVO MUNDO | AG12: ETE - PARQUE NOVO MUNDO | AH12: REATORES NEREDA
A13: 11 | B13: 45755 | C13: 1030-1031-1032-1033 | F13: PN-83 | G13: P | H13: PN-84 | I13: P | J13: PN-85 | K13: P | L13: PN-87 | M13: P | N13: PN-88 | O13: P | P13: PN-89 | Q13: P | R13: PN-90 | S13: P | AE13: PN-002 | AF13: CONSÓRCIO NOVA ETE - PARQUE NOVO MUNDO | AG13: ETE - PARQUE NOVO MUNDO | AH13: REATORES NEREDA
A14: 12 | B14: 45757 | C14: 1034-1035-1036-1037 | F14: PN-91 | G14: P | H14: PN92 | I14: P | J14: PN-93 | K14: P | L14: PN-95 | M14: P | N14: PN-96 | O14: P | P14: PN-97 | Q14: P | R14: PN-98 | S14: p | AE14: PN-002 | AF14: CONSÓRCIO NOVA ETE - PARQUE NOVO MUNDO | AG14: ETE - PARQUE NOVO MUNDO | AH14: REATORES NEREDA
A15: 13 | B15: 45758 | C15: 1039-1040-1041-1042 | D15: PN-99 | E15: P | F15: PN-100 | G15: P | H15: PN-102 | I15: P | J15: PN-103 | K15: P | L15: PN-104 | M15: P | N15: PN-105 | O15: P | P15: PN-106 | Q15: P | AE15: PN-001 | AF15: CONSÓRCIO NOVA ETE - PARQUE NOVO MUNDO | AG15: ETE - PARQUE NOVO MUNDO | AH15: REATORES NEREDA
A16: 14 | B16: 45761 | C16: 1044-1045-1046 | F16: PN-108 | G16: P | H16: PN-109 | I16: P | J16: PN-110 | K16: P | L16: PN-111 | M16: P | N16: PN-112 | O16: P | P16: PN-113 | Q16: P | AE16: PN-001 | AF16: CONSÓRCIO NOVA ETE - PARQUE NOVO MUNDO | AG16: ETE - PARQUE NOVO MUNDO | AH16: REATORES NEREDA
A17: 15 | B17: 45762 | C17: 1048-1049-1050-1051 | F17: PN-107 | G17: P | H17: PN-114 | I17: P | J17: PN-115 | K17: P | L17: PN-116 | M17: P | N17: PN-118 | O17: P | P17: PN-119 | Q17: P | R17: PN-120 | S17: P | AE17: PN-002 | AF17: CONSÓRCIO NOVA ETE - PARQUE NOVO MUNDO | AG17: ETE - PARQUE NOVO MUNDO | AH17: REATORES NEREDA
A18: 16 | B18: 45764 | C18: 1052-1053-1054-1055 | D18: PN-121 | E18: P | F18: PN-122 | G18: P | H18: PN-123 | I18: P | J18: PN-124 | K18: P | L18: PN-126 | M18: P | N18: PN-127 | O18: P | P18: PN-128 | Q18: P | AE18: PN-001 | AF18: CONSÓRCIO NOVA ETE - PARQUE NOVO MUNDO | AG18: ETE - PARQUE NOVO MUNDO | AH18: REATORES NEREDA
A19: 17 | B19: 45764 | C19: 1056-1057-1058-1059 | F19: PN-129 | G19: P | H19: PN-130 | I19: P | J19: PN-131 | K19: P | L19: PN-132 | M19: P | N19: PN-134 | O19: P | P19: PN-135 | Q19: P | R19: PN-136 | S19: P | AE19: PN-002 | AF19: CONSÓRCIO NOVA ETE - PARQUE NOVO MUNDO | AG19: ETE - PARQUE NOVO MUNDO | AH19: REATORES NEREDA
A20: 18 | B20: 45770 | C20: 1060-1061-1062-1063 | F20: PN-137 | G20: P | H20: PN-138 | I20: P | J20: PN-139 | K20: P | L20: PN-140 | M20: P | N20: PN-141 | O20: P | P20: PN-142 | Q20: P | R20: PN-143 | S20: P | AE20: PN-002 | AF20: CONSÓRCIO NOVA ETE - PARQUE NOVO MUNDO | AG20: ETE - PARQUE NOVO MUNDO | AH20: REATORES NEREDA
A21: 19 | B21: 45771 | C21: 1064-1065-1066-1067 | D21: PN-144 | E21: P | F21: PN-145 | G21: P | H21: PN-146 | I21: P | J21: PN-147 | K21: P | L21: PN-151 | M21: P | N21: PN-152 | O21: P | P21: PN-153 | Q21: P | AE21: PN-001 | AF21: CONSÓRCIO NOVA ETE - PARQUE NOVO MUNDO | AG21: ETE - PARQUE NOVO MUNDO | AH21: REATORES NEREDA
A22: 20 | B22: 45773 | C22: 1069-1070-1071-1072 | F22: PN-154 | G22: P | H22: PN-155 | I22: P | J22: PN-157 | K22: P | L22: PN-158 | M22: P | N22: PN-159 | O22: P | P22: PN-160 | Q22: P | R22: PN-161 | S22: P | AE22: PN-002 | AF22: CONSÓRCIO NOVA ETE - PARQUE NOVO MUNDO | AG22: ETE - PARQUE NOVO MUNDO | AH22: REATORES NEREDA
A23: 21 | B23: 45776 | C23: 1074-1075-1076-1077 | D23: PN-162 | E23: P | F23: PN-163 | G23: P | H23: PN-165 | I23: P | J23: PN-166 | K23: P | L23: PN-167 | M23: P | N23: PN-168 | O23: P | P23: PN-169 | Q23: P | AE23: PN-001 | AF23: CONSÓRCIO NOVA ETE - PARQUE NOVO MUNDO | AG23: ETE - PARQUE NOVO MUNDO | AH23: REATORES NEREDA
A24: 22 | B24: 45777 | C24: 1079-1080-1081-1082 | F24: PN-170 | G24: P | H24: PN-171 | I24: P | J24: PN-172 | K24: P | L24: PN-173 | M24: P | N24: PN-174 | O24: P | P24: PN-175 | Q24: P | R24: PN-176 | S24: P | AE24: PN-002 | AF24: CONSÓRCIO NOVA ETE - PARQUE NOVO MUNDO | AG24: ETE - PARQUE NOVO MUNDO | AH24: REATORES NEREDA
A25: 23 | B25: 45780 | C25: 1084-1085-1086 | D25: PN-177 | E25: P | F25: PN-178 | G25: P | H25: PN-179 | I25: P | J25: PN-181 | K25: P | L25: PN-182 | M25: P | N25: PN-183 | O25: P | P25: PN-184 | Q25: P | AE25: PN-001 | AF25: CONSÓRCIO NOVA ETE - PARQUE NOVO MUNDO | AG25: ETE - PARQUE NOVO MUNDO | AH25: REATORES NEREDA
A26: 24 | B26: 45782 | C26: 1088-1089-1090-1091 | F26: PN-185 | G26: P | H26: PN-186 | I26: P | J26: PN-188 | K26: P | L26: PN-189 | M26: P | N26: PN-190 | O26: P | P26: PN-191 | Q26: P | R26: PN-192 | S26: P | AE26: PN-002 | AF26: CONSÓRCIO NOVA ETE - PARQUE NOVO MUNDO | AG26: ETE - PARQUE NOVO MUNDO | AH26: REATORES NEREDA
A27: 25 | B27: 45783 | C27: 1093-1094-1095-1096 | D27: PN-193 | E27: P | F27: PN-194 | G27: P | H27: PN-196 | I27: P | J27: PN-197 | K27: P | L27: PN-198 | M27: P | N27: PN-199 | O27: P | P27: PN-200 | Q27: P | AE27: PN-001 | AF27: CONSÓRCIO NOVA ETE - PARQUE NOVO MUNDO | AG27: ETE - PARQUE NOVO MUNDO | AH27: REATORES NEREDA
A28: 26 | B28: 45785 | C28: 1098-1099-1100-1101 | F28: PN-201 | G28: P | H28: PN-202 | I28: P | J28: PN-203 | K28: P | L28: PN-204 | M28: P | N28: PN-205 | O28: P | P28: PN-206 | Q28: P | R28: PN-207 | S28: P | AE28: PN-002 | AF28: CONSÓRCIO NOVA ETE - PARQUE NOVO MUNDO | AG28: ETE - PARQUE NOVO MUNDO | AH28: REATORES NEREDA
A29: 27 | B29: 45786 | C29: 1103-1104-1105-1106 | D29: PN-208 | E29: P | F29: PN-209 | G29: P | H29: PN-210 | I29: P | J29: PN-212 | K29: P | L29: PN-213 | M29: P | N29: PN-214 | O29: P | P29: PN-215 | Q29: P | AE29: PN-001 | AF29: CONSÓRCIO NOVA ETE - PARQUE NOVO MUNDO | AG29: ETE - PARQUE NOVO MUNDO | AH29: REATORES NEREDA
A30: 28 | B30: 45789 | C30: 1107-1108-1109-1110 | F30: PN-216 | G30: P | H30: PN-217 | I30: P | J30: PN-219 | K30: P | L30: PN-220 | M30: P | N30: PN-221 | O30: P | P30: PN-222 | Q30: P | R30: PN-223 | S30: P | AE30: PN-002 | AF30: CONSÓRCIO NOVA ETE - PARQUE NOVO MUNDO | AG30: ETE - PARQUE NOVO MUNDO | AH30: REATORES NEREDA
A31: 29 | B31: 45796 | C31: 1112-A / 1113 | D31: PF-01 | E31: PF | AE31: PF-001 | AF31: CONSÓRCIO NOVA ETE - PARQUE NOVO MUNDO | AG31: ETE - PARQUE NOVO MUNDO | AH31: REATORES NEREDA
A32: 30 | B32: 45800 | C32: 1115-A / 1116 | D32: PF-32 | E32: PF | AE32: PF-001 | AF32: CONSÓRCIO NOVA ETE - PARQUE NOVO MUNDO | AG32: ETE - PARQUE NOVO MUNDO | AH32: REATORES NEREDA
A33: 31 | B33: 45806 | C33: 1118-1119-1120 | D33: PE-09 | E33: T3 | F33: PE-08 | G33: T1 | H33: PE-24 | I33: T4 | J33: PE-55 | K33: T4 | L33: PE-07 | M33: T2 | N33: PE-39 | O33: T2 | P33: PN-224 | Q33: P | AE33: PN-001 | AF33: CONSÓRCIO NOVA ETE - PARQUE NOVO MUNDO | AG33: ETE - PARQUE NOVO MUNDO | AH33: REATORES NEREDA
A34: 32 | B34: 45812 | C34: 1123-1124-1125 | D34: PE-71 | E34: T3 | F34: PE-70 | G34: T1 | H34: PE-86 | I34: T4 | J34: PE-117 | K34: T4 | L34: PE-69 | M34: T2 | N34: PE-101 | O34: T2 | P34: PN-225 | Q34: P | AE34: PN-001 | AF34: CONSÓRCIO NOVA ETE - PARQUE NOVO MUNDO | AG34: ETE - PARQUE NOVO MUNDO | AH34: REATORES NEREDA
A35: 33 | B35: 45814 | C35: 1128 | D35: PF-63 | E35: PF | AE35: PF-001 | AF35: CONSÓRCIO NOVA ETE - PARQUE NOVO MUNDO | AG35: ETE - PARQUE NOVO MUNDO | AH35: REATORES NEREDA
A36: 34 | B36: 45818 | C36: 1129-1130-1131-1132 | D36: PE-148 | E36: T3 | F36: PE-149 | G36: T1 | H36: PE-133 | I36: T4 | J36: PE-164 | K36: T4 | L36: PE-150 | M36: T2 | N36: PE-180 | O36: T2 | P36: PN-227 | Q36: P | AE36: PN-001 | AF36: CONSÓRCIO NOVA ETE - PARQUE NOVO MUNDO | AG36: ETE - PARQUE NOVO MUNDO | AH36: REATORES NEREDA
A37: 35 | B37: 45822 | C37: 1133-1134-1135-1136 | D37: PE-241 | E37: T3 | F37: PE-242 | G37: T1 | H37: PE-195 | I37: T4 | J37: PE-226 | K37: T4 | L37: PE-211 | M37: T2 | N37: PE-243 | O37: T2 | P37: PN-228 | Q37: P | AE37: PN-001 | AF37: CONSÓRCIO NOVA ETE - PARQUE NOVO MUNDO | AG37: ETE - PARQUE NOVO MUNDO | AH37: REATORES NEREDA
A38: 36 | B38: 45825 | C38: 1138 | D38: PF-94 | E38: PF | AE38: PF-001 | AF38: CONSÓRCIO NOVA ETE - PARQUE NOVO MUNDO | AG38: ETE - PARQUE NOVO MUNDO | AH38: REATORES NEREDA
A39: 37 | B39: 45827 | C39: 1139-1140-1141-1142 | D39: PN-229 | E39: P | F39: PN-230 | G39: P | H39: PE-257 | I39: T4 | J39: PN-231 | K39: P | L39: PN-232 | M39: P | N39: PN-233 | O39: P | P39: PN-234 | Q39: P | AE39: PN-001 | AF39: CONSÓRCIO NOVA ETE - PARQUE NOVO MUNDO | AG39: ETE - PARQUE NOVO MUNDO | AH39: REATORES NEREDA
A40: 38 | B40: 45833 | C40: 1150-1151-1152-1153 | D40: PN-235 | E40: P | F40: PN-236 | G40: P | H40: PN-237 | I40: P | J40: PE-288 | K40: T4 | L40: PN-238 | M40: P | N40: PN-239 | O40: P | P40: PN-240 | Q40: P | AE40: PN-001 | AF40: CONSÓRCIO NOVA ETE - PARQUE NOVO MUNDO | AG40: ETE - PARQUE NOVO MUNDO | AH40: REATORES NEREDA
A41: 39 | B41: 45836 | C41: 1162 | D41: PF-125 | E41: PF | AE41: PF-001 | AF41: CONSÓRCIO NOVA ETE - PARQUE NOVO MUNDO | AG41: ETE - PARQUE NOVO MUNDO | AH41: REATORES NEREDA
A42: 40 | B42: 45839 | C42: 1168 | D42: PF-156 | E42: PF | AE42: PF-001 | AF42: CONSÓRCIO NOVA ETE - PARQUE NOVO MUNDO | AG42: ETE - PARQUE NOVO MUNDO | AH42: REATORES NEREDA
A43: 41 | B43: 45842 | C43: 1173-1174-1175-1176 | D43: PN-244 | E43: P | F43: PN-245 | G43: P | H43: PN-246 | I43: P | J43: PE-334 | K43: T4 | L43: PN-247 | M43: P | N43: PN-248 | O43: P | P43: PN-250 | Q43: P | AE43: PN-001 | AF43: CONSÓRCIO NOVA ETE - PARQUE NOVO MUNDO | AG43: ETE - PARQUE NOVO MUNDO | AH43: REATORES NEREDA
A44: 42 | B44: 45848 | C44: 1178-1179-1180-1181 | D44: PN-251 | E44: P | F44: PN-252 | G44: P | H44: PN-253 | I44: P | J44: PE-365 | K44: T4 | L44: PN-254 | M44: P | N44: PN-255 | O44: P | P44: PN-256 | Q44: P | AE44: PN-001 | AF44: CONSÓRCIO NOVA ETE - PARQUE NOVO MUNDO | AG44: ETE - PARQUE NOVO MUNDO | AH44: REATORES NEREDA
A45: 43 | B45: 45850 | C45: 1183-1184-1185-1186 | D45: PN-258 | E45: P | F45: PN-259 | G45: P | H45: PE-302 | I45: T4 | J45: PN-260 | K45: P | L45: PN-261 | M45: P | N45: PN-262 | O45: P | P45: PN-263 | Q45: P | AE45: PN-001 | AF45: CONSÓRCIO NOVA ETE - PARQUE NOVO MUNDO | AG45: ETE - PARQUE NOVO MUNDO | AH45: REATORES NEREDA
A46: 44 | B46: 45853 | C46: 1187-1188-1189-1190 | D46: PN-264 | E46: P | F46: PN-265 | G46: P | H46: PE-351 | I46: T4 | J46: PN-266 | K46: P | L46: PN-267 | M46: P | N46: PN-268 | O46: P | P46: PN-269 | Q46: P | AE46: PN-001 | AF46: CONSÓRCIO NOVA ETE - PARQUE NOVO MUNDO | AG46: ETE - PARQUE NOVO MUNDO | AH46: REATORES NEREDA
A47: 45 | B47: 45854 | C47: 1192-1193-1194-1195 | F47: PN-270 | G47: P | H47: PN-271 | I47: P | J47: PN-272 | K47: P | L47: PN-274 | M47: P | N47: PN-275 | O47: P | P47: PN-276 | Q47: P | R47: PN-277 | S47: P | AE47: PN-002 | AF47: CONSÓRCIO NOVA ETE - PARQUE NOVO MUNDO | AG47: ETE - PARQUE NOVO MUNDO | AH47: REATORES NEREDA
A48: 46 | B48: 45855 | C48: 1196-1197-1198-1199 | D48: PN-278 | E48: P | F48: PN-279 | G48: P | H48: PE-382 | I48: T4 | J48: PN-281 | K48: P | L48: PN-282 | M48: P | N48: PN-283 | O48: P | P48: PN-284 | Q48: P | AE48: PN-001 | AF48: CONSÓRCIO NOVA ETE - PARQUE NOVO MUNDO | AG48: ETE - PARQUE NOVO MUNDO | AH48: REATORES NEREDA
A49: 47 | B49: 45856 | C49: 1200-1201-1202-1203 | F49: PN-285 | G49: P | H49: PN-286 | I49: P | J49: PN-287 | K49: P | L49: PN-289 | M49: P | N49: PN-290 | O49: P | P49: PN-291 | Q49: P | R49: PN-292 | S49: P | AE49: PN-002 | AF49: CONSÓRCIO NOVA ETE - PARQUE NOVO MUNDO | AG49: ETE - PARQUE NOVO MUNDO | AH49: REATORES NEREDA
A50: 48 | B50: 45857 | C50: 1205-1206-1207-1208 | D50: PN-293 | E50: P | F50: PN-294 | G50: P | H50: PN-295 | I50: P | J50: PN-296 | K50: P | L50: PN-297 | M50: P | N50: PN-298 | O50: P | P50: PN-299 | Q50: P | AE50: PN-001 | AF50: CONSÓRCIO NOVA ETE - PARQUE NOVO MUNDO | AG50: ETE - PARQUE NOVO MUNDO | AH50: REATORES NEREDA
A51: 49 | B51: 45859 | C51: 1209 | D51: PF-187 | E51: PF | AE51: PF-001 | AF51: CONSÓRCIO NOVA ETE - PARQUE NOVO MUNDO | AG51: ETE - PARQUE NOVO MUNDO | AH51: REATORES NEREDA
A52: 50 | B52: 45859 | C52: 1210-1211-1212-1213 | F52: PN-300 | G52: P | H52: PN-301 | I52: P | J52: PN-306 | K52: P | L52: PN-307 | M52: P | N52: PN-308 | O52: P | P52: PN-309 | Q52: P | R52: PN-310 | S52: P | AE52: PN-002 | AF52: CONSÓRCIO NOVA ETE - PARQUE NOVO MUNDO | AG52: ETE - PARQUE NOVO MUNDO | AH52: REATORES NEREDA
A53: 51 | B53: 45861 | C53: 1214-1215-1216-1217 | D53: PN-312 | E53: P | F53: PN-313 | G53: P | H53: PN-314 | I53: P | J53: PN-315 | K53: P | L53: PN-316 | M53: P | N53: PN-317 | O53: P | P53: PN-319 | Q53: P | AE53: PN-001 | AF53: CONSÓRCIO NOVA ETE - PARQUE NOVO MUNDO | AG53: ETE - PARQUE NOVO MUNDO | AH53: REATORES NEREDA
A54: 52 | B54: 45862 | C54: 1219-1220-1221-1222 | F54: PN-320 | G54: P | H54: PN-321 | I54: P | J54: PN-322 | K54: P | L54: PN-323 | M54: P | N54: PN-324 | O54: P | P54: PN-325 | Q54: P | R54: PN-326 | S54: P | AE54: PN-002 | AF54: CONSÓRCIO NOVA ETE - PARQUE NOVO MUNDO | AG54: ETE - PARQUE NOVO MUNDO | AH54: REATORES NEREDA
A55: 53 | B55: 45863 | C55: 1224-1225-1226-1227 | D55: PN-327 | E55: P | F55: PN-328 | G55: P | H55: PN-329 | I55: P | J55: PN-330 | K55: P | L55: PN-331 | M55: P | N55: PN-332 | O55: P | P55: PN-333 | Q55: P | AE55: PN-001 | AF55: CONSÓRCIO NOVA ETE - PARQUE NOVO MUNDO | AG55: ETE - PARQUE NOVO MUNDO | AH55: REATORES NEREDA
A56: 54 | B56: 45864 | C56: 1229-1230-1231-1232 | F56: PN-335 | G56: P | H56: PN-336 | I56: P | J56: PN-337 | K56: P | L56: PN-338 | M56: P | N56: PN-339 | O56: P | P56: PN-340 | Q56: P | R56: PN-341 | S56: P | AE56: PN-002 | AF56: CONSÓRCIO NOVA ETE - PARQUE NOVO MUNDO | AG56: ETE - PARQUE NOVO MUNDO | AH56: REATORES NEREDA
A57: 55 | B57: 45867 | C57: 1233-1234-1235-1236 | D57: PN-343 | E57: P | F57: PN-344 | G57: P | H57: PN-345 | I57: P | J57: PN-346 | K57: P | L57: PN-347 | M57: P | N57: PN-352 | O57: P | P57: PN-353 | Q57: P | AE57: PN-001 | AF57: CONSÓRCIO NOVA ETE - PARQUE NOVO MUNDO | AG57: ETE - PARQUE NOVO MUNDO | AH57: REATORES NEREDA
A58: 56 | B58: 45868 | C58: 1238-1239-1240-1241 | F58: PN-354 | G58: P | H58: PN-355 | I58: P | J58: PN-356 | K58: P | L58: PN-357 | M58: P | N58: PN-358 | O58: P | P58: PN-359 | Q58: P | R58: PN-360 | S58: P | AE58: PN-002 | AF58: CONSÓRCIO NOVA ETE - PARQUE NOVO MUNDO | AG58: ETE - PARQUE NOVO MUNDO | AH58: REATORES NEREDA
A59: 57 | B59: 45870 | C59: 1242-1243-1244-1245 | D59: PN-361 | E59: P | F59: PN-362 | G59: P | H59: PN-363 | I59: P | J59: PN-364 | K59: P | L59: PN-366 | M59: P | N59: PN-367 | O59: P | P59: PN-368 | Q59: P | AE59: PN-001 | AF59: CONSÓRCIO NOVA ETE - PARQUE NOVO MUNDO | AG59: ETE - PARQUE NOVO MUNDO | AH59: REATORES NEREDA
A60: 58 | B60: 45871 | C60: 1247-1248-1249-1250 | F60: PN-369 | G60: P | H60: PN-370 | I60: P | J60: PN-371 | K60: P | L60: PN-372 | M60: P | N60: PN-374 | O60: P | P60: PN-375 | Q60: P | R60: PN-376 | S60: P | AE60: PN-002 | AF60: CONSÓRCIO NOVA ETE - PARQUE NOVO MUNDO | AG60: ETE - PARQUE NOVO MUNDO | AH60: REATORES NEREDA
A61: 59 | B61: 45873 | C61: 1251-1252-1253-1254 | D61: PE-303 | E61: T3 | F61: PN-377 | G61: P | H61: PN-378 | I61: P | J61: PN-383 | K61: P | L61: PN-384 | M61: P | N61: PN-385 | O61: P | P61: PN-386 | Q61: P | AE61: PN-001 | AF61: CONSÓRCIO NOVA ETE - PARQUE NOVO MUNDO | AG61: ETE - PARQUE NOVO MUNDO | AH61: REATORES NEREDA
A62: 60 | B62: 45874 | C62: 1255-1256-1257-1258 | F62: PN-387 | G62: P | H62: PN-388 | I62: P | J62: PN-389 | K62: P | L62: PN-390 | M62: P | N62: PN-391 | O62: P | P62: PN-392 | Q62: P | R62: PN-393 | S62: P | AE62: PN-002 | AF62: CONSÓRCIO NOVA ETE - PARQUE NOVO MUNDO | AG62: ETE - PARQUE NOVO MUNDO | AH62: REATORES NEREDA
A63: 61 | B63: 45876 | C63: 1260-1261-1262-1263 | D63: PN-394 | E63: P | F63: PN-395 | G63: P | H63: PN-397 | I63: P | J63: PN-398 | K63: P | L63: PE-273 | M63: T2 | N63: PN-399 | O63: P | P63: PN-400 | Q63: P | AE63: PN-001 | AF63: CONSÓRCIO NOVA ETE - PARQUE NOVO MUNDO | AG63: ETE - PARQUE NOVO MUNDO | AH63: REATORES NEREDA
A64: 62 | B64: 45877 | C64: 1264-1265-1266-1267 | F64: PN-401 | G64: P | H64: PN-402 | I64: P | J64: PN-403 | K64: P | L64: PN-405 | M64: P | N64: PN-406 | O64: P | P64: PN-407 | Q64: P | R64: PN-408 | S64: P | AE64: PN-002 | AF64: CONSÓRCIO NOVA ETE - PARQUE NOVO MUNDO | AG64: ETE - PARQUE NOVO MUNDO | AH64: REATORES NEREDA
A65: 63 | B65: 45878 | C65: 1268-1269-1270-1271 | D65: PN-409 | E65: P | F65: PN-410 | G65: P | H65: PN-412 | I65: P | J65: PN-413 | K65: P | L65: PN-414 | M65: P | N65: PN-415 | O65: P | P65: PN-416 | Q65: P | AE65: PN-001 | AF65: CONSÓRCIO NOVA ETE - PARQUE NOVO MUNDO | AG65: ETE - PARQUE NOVO MUNDO | AH65: REATORES NEREDA
A66: 64 | B66: 45881 | C66: 1272 | D66: PF-218 | E66: PF | AE66: PF-001 | AF66: CONSÓRCIO NOVA ETE - PARQUE NOVO MUNDO | AG66: ETE - PARQUE NOVO MUNDO | AH66: REATORES NEREDA
A67: 65 | B67: 45881 | C67: 1272-1273-1274-1275 | F67: PN-417 | G67: P | H67: PN-418 | I67: P | J67: PN-419 | K67: P | L67: PN-420 | M67: P | N67: PN-421 | O67: P | P67: PN-422 | Q67: P | R67: PN-423 | S67: P | AE67: PN-002 | AF67: CONSÓRCIO NOVA ETE - PARQUE NOVO MUNDO | AG67: ETE - PARQUE NOVO MUNDO | AH67: REATORES NEREDA
A68: 66 | B68: 45883 | C68: 1276-1277-1278-1279 | D68: PN-424 | E68: P | F68: PN-425 | G68: P | H68: PN-426 | I68: P | J68: PN-428 | K68: P | L68: PN-429 | M68: P | N68: PN-430 | O68: P | P68: PN-431 | Q68: P | AE68: PN-001 | AF68: CONSÓRCIO NOVA ETE - PARQUE NOVO MUNDO | AG68: ETE - PARQUE NOVO MUNDO | AH68: REATORES NEREDA
A69: 67 | B69: 45884 | C69: 1280-1281-1282-1283 | F69: PN-432 | G69: P | H69: PN-433 | I69: P | J69: PN-434 | K69: P | L69: PN-436 | M69: P | N69: PN-437 | O69: P | P69: PN-438 | Q69: P | R69: PN-439 | S69: P | AE69: PN-002 | AF69: CONSÓRCIO NOVA ETE - PARQUE NOVO MUNDO | AG69: ETE - PARQUE NOVO MUNDO | AH69: REATORES NEREDA
A70: 68 | B70: 45885 | C70: 1284-1285-1286-1287 | D70: PN-440 | E70: P | F70: PN-441 | G70: P | H70: PN-442 | I70: P | J70: PN-444 | K70: P | L70: PN-445 | M70: P | N70: PN-446 | O70: P | P70: PN-447 | Q70: P | AE70: PN-001 | AF70: CONSÓRCIO NOVA ETE - PARQUE NOVO MUNDO | AG70: ETE - PARQUE NOVO MUNDO | AH70: REATORES NEREDA
A71: 69 | B71: 45887 | C71: 1288 | D71: PF-249 | E71: PF | AE71: PF-001 | AF71: CONSÓRCIO NOVA ETE - PARQUE NOVO MUNDO | AG71: ETE - PARQUE NOVO MUNDO | AH71: REATORES NEREDA
A72: 70 | B72: 45888 | C72: 1289-1290-1291-1292 | F72: PN-448 | G72: P | H72: PN-449 | I72: P | J72: PN-450 | K72: P | L72: PN-451 | M72: P | N72: PN-452 | O72: P | P72: PN-453 | Q72: P | R72: PN-454 | S72: P | AE72: PN-002 | AF72: CONSÓRCIO NOVA ETE - PARQUE NOVO MUNDO | AG72: ETE - PARQUE NOVO MUNDO | AH72: REATORES NEREDA
A73: 71 | B73: 45889 | C73: 1293-1294-1295-1296 | D73: PN-455 | E73: P | F73: PN-456 | G73: P | H73: PN-461 | I73: P | J73: PN-462 | K73: P | L73: PE-305 | M73: T2 | N73: PN-463 | O73: P | P73: PN-464 | Q73: P | AE73: PN-001 | AF73: CONSÓRCIO NOVA ETE - PARQUE NOVO MUNDO | AG73: ETE - PARQUE NOVO MUNDO | AH73: REATORES NEREDA
A74: 72 | B74: 45891 | C74: 1298-1299-1300-1301 | F74: PN-465 | G74: P | H74: PN-467 | I74: P | J74: PN-468 | K74: P | L74: PN-469 | M74: P | N74: PN-470 | O74: P | P74: PN-471 | Q74: P | R74: PN-472 | S74: P | AE74: PN-002 | AF74: CONSÓRCIO NOVA ETE - PARQUE NOVO MUNDO | AG74: ETE - PARQUE NOVO MUNDO | AH74: REATORES NEREDA
A75: 73 | B75: 45892 | C75: 1303-1304-1305-1306 | D75: PN-473 | E75: P | F75: PE-304 | G75: T1 | H75: PN-475 | I75: P | J75: PN-476 | K75: P | L75: PN-477 | M75: P | N75: PN-478 | O75: P | P75: PN-479 | Q75: P | AE75: PN-001 | AF75: CONSÓRCIO NOVA ETE - PARQUE NOVO MUNDO | AG75: ETE - PARQUE NOVO MUNDO | AH75: REATORES NEREDA
A76: 74 | B76: 45894 | C76: 1307 | D76: PF-280 | E76: PF | AE76: PF-001 | AF76: CONSÓRCIO NOVA ETE - PARQUE NOVO MUNDO | AG76: ETE - PARQUE NOVO MUNDO | AH76: REATORES NEREDA
A77: 75 | B77: 45895 | C77: 1308-1309-1310-1311 | F77: PN-480 | G77: P | H77: PN-481 | I77: P | J77: PN-482 | K77: P | L77: PN-483 | M77: P | N77: PN-484 | O77: P | P77: PN-485 | Q77: P | R77: PN-486 | S77: P | AE77: PN-002 | AF77: CONSÓRCIO NOVA ETE - PARQUE NOVO MUNDO | AG77: ETE - PARQUE NOVO MUNDO | AH77: REATORES NEREDA
A78: 76 | B78: 45897 | C78: 1312-1313-1314-1315 | D78: PN-487 | E78: P | F78: PN-488 | G78: P | H78: PN-489 | I78: P | J78: PN-491 | K78: P | L78: PN-492 | M78: P | N78: PN-493 | O78: P | P78: PN-494 | Q78: P | AE78: PN-001 | AF78: CONSÓRCIO NOVA ETE - PARQUE NOVO MUNDO | AG78: ETE - PARQUE NOVO MUNDO | AH78: REATORES NEREDA
A79: 77 | B79: 45899 | C79: 1316-1317-1318-1319 | F79: PN-495 | G79: P | H79: PE-350 | I79: T3 | J79: PE-318 | K79: T2 | L79: PN-496 | M79: P | N79: PN-498 | O79: P | P79: PN-499 | Q79: P | R79: PN-500 | S79: P | AE79: PN-002 | AF79: CONSÓRCIO NOVA ETE - PARQUE NOVO MUNDO | AG79: ETE - PARQUE NOVO MUNDO | AH79: REATORES NEREDA
A80: 78 | B80: 45899 | C80: 1320-1321-1322-1323 | D80: PN-501 | E80: P | F80: PN-502 | G80: P | H80: PN-503 | I80: P | J80: PN-504 | K80: P | L80: PN-505 | M80: P | N80: PN-506 | O80: P | P80: PN-507 | Q80: P | AE80: PN-001 | AF80: CONSÓRCIO NOVA ETE - PARQUE NOVO MUNDO | AG80: ETE - PARQUE NOVO MUNDO | AH80: REATORES NEREDA
A81: 79 | B81: 45902 | C81: 1324 | D81: PF-311 | E81: PF | AE81: PF-001 | AF81: CONSÓRCIO NOVA ETE - PARQUE NOVO MUNDO | AG81: ETE - PARQUE NOVO MUNDO | AH81: REATORES NEREDA
A82: 80 | B82: 45904 | C82: 1325-1326-1327-1328 | F82: PE-349 | G82: T1 | H82: PN-509 | I82: P | J82: PN-510 | K82: P | L82: PE-348 | M82: T2 | N82: PE-396 | O82: T4 | P82: PE-427 | Q82: T4 | R82: PE-443 | S82: T4 | AE82: PN-002 | AF82: CONSÓRCIO NOVA ETE - PARQUE NOVO MUNDO | AG82: ETE - PARQUE NOVO MUNDO | AH82: REATORES NEREDA
A83: 81 | B83: 45904 | C83: 1329 | D83: PF-342 | E83: PF | AE83: PF-001 | AF83: CONSÓRCIO NOVA ETE - PARQUE NOVO MUNDO | AG83: ETE - PARQUE NOVO MUNDO | AH83: REATORES NEREDA
A84: 82 | B84: 45906 | C84: 1330-1331-1332-1333 | F84: PN-511 | G84: P | H84: PN-512 | I84: P | J84: PN-513 | K84: P | L84: PN-514 | M84: P | N84: PN-515 | O84: P | P84: PN-516 | Q84: P | R84: PN-517 | S84: P | AE84: PN-002 | AF84: CONSÓRCIO NOVA ETE - PARQUE NOVO MUNDO | AG84: ETE - PARQUE NOVO MUNDO | AH84: REATORES NEREDA
A85: 83 | B85: 45909 | C85: 1334 | D85: PF-373 | E85: PF | AE85: PF-001 | AF85: CONSÓRCIO NOVA ETE - PARQUE NOVO MUNDO | AG85: ETE - PARQUE NOVO MUNDO | AH85: REATORES NEREDA
A86: 84 | AF86: CONSÓRCIO NOVA ETE - PARQUE NOVO MUNDO | AG86: ETE - PARQUE NOVO MUNDO | AH86: REATORES NEREDA
A87: 85 | AF87: CONSÓRCIO NOVA ETE - PARQUE NOVO MUNDO | AG87: ETE - PARQUE NOVO MUNDO | AH87: REATORES NEREDA
A88: 86 | AF88: CONSÓRCIO NOVA ETE - PARQUE NOVO MUNDO | AG88: ETE - PARQUE NOVO MUNDO | AH88: REATORES NEREDA

Sheet Planilha1
A1: MESAS
A2: PN-001
A3: PN-002
A4: PF-001
A5: SR-06
A6: LAJES
A7: MADEIRA
A8: PILAR
A9: MESA 4
A10: SR-06/ MADEIRA
A11: PILAR /MADEIRA

Sheet CA
B1: DATA | C1: CABOS PROTENDIDOS - LANÇAR ALONGAMENTOS | Y1: N° BOBINA | Z1: DATA FAB. | AA1: CERTIFICADO | AB1: N° BOBINA | AC1: DATA FAB. | AD1: CERTIFICADO | AE1: E= | AF1: A= | AG1: E= | AH1: A= | AJ1: PN | AK1: PF
C2: C-1 | D2: C-2 | E2: C-3 | F2: C-4 | G2: C-5 | H2: C-6 | I2: C-7 | J2: C-8 | K2: C-9 | L2: C-10 | M2: C-11 | N2: C-12 | O2: C-13 | P2: C-14 | Q2: C-15 | R2: C-16 | S2: C-17 | T2: C-18 | U2: C-19 | V2: C-20 | W2: C-21 | X2: C-22
A3: ='plan de data'!A3 -> 1 | B3: ='plan de data'!B3 -> 45733 | C3: 338 | D3: 337 | E3: 340 | F3: 338 | G3: 341 | H3: 338 | I3: 340 | J3: 341 | K3: 341 | L3: 339 | M3: 340 | N3: 339 | O3: 342 | P3: 343 | Q3: 341 | R3: 340 | Y3: 1062265533 | Z3: =IF(Y3="","-",VLOOKUP(Y3,'CERT. COR'!$A$4:$E$2200,3,0)) -> 45716 | AA3: =IF(Y3="","-",VLOOKUP(Y3,'CERT. COR'!$A$4:$E$2200,2,0)) -> 81795 | AC3: =IF(AB3="","-",VLOOKUP(AB3,'CERT. COR'!$A$4:$E$2200,3,0)) -> - | AD3: =IF(AB3="","-",VLOOKUP(AB3,'CERT. COR'!$A$4:$E$2200,2,0)) -> - | AE3: =IF(Y3="","-",VLOOKUP(Y3,'CERT. COR'!$A$4:$E$2200,5,0)) -> 100 | AF3: =IF(Y3="","-",VLOOKUP(Y3,'CERT. COR'!$A$4:$E$2200,4,0)) -> 192.3 | AG3: =IF(AB3="","-",VLOOKUP(AB3,'CERT. COR'!$A$4:$E$2200,5,0)) -> - | AH3: =IF(AB3="","-",VLOOKUP(AB3,'CERT. COR'!$A$4:$E$2200,4,0)) -> - | AI3: =IF(T3="","PN","PF") -> PN | AJ3: =IF(AI3="PN",SUM(C3:R3),0) -> 5438 | AK3: =IF(AI3="PF",SUM(C3:T3),0) -> 0
A4: ='plan de data'!A4 -> 2 | B4: ='plan de data'!B4 -> 45741 | C4: 341 | D4: 342 | E4: 342 | F4: 341 | G4: 342 | H4: 342 | I4: 342 | J4: 341 | K4: 341 | L4: 342 | M4: 343 | N4: 342 | O4: 343 | P4: 341 | Q4: 344 | R4: 342 | Y4: 1062265533 | Z4: =IF(Y4="","-",VLOOKUP(Y4,'CERT. COR'!$A$4:$E$2200,3,0)) -> 45716 | AA4: =IF(Y4="","-",VLOOKUP(Y4,'CERT. COR'!$A$4:$E$2200,2,0)) -> 81795 | AC4: =IF(AB4="","-",VLOOKUP(AB4,'CERT. COR'!$A$4:$E$2200,3,0)) -> - | AD4: =IF(AB4="","-",VLOOKUP(AB4,'CERT. COR'!$A$4:$E$2200,2,0)) -> - | AE4: =IF(Y4="","-",VLOOKUP(Y4,'CERT. COR'!$A$4:$E$2200,5,0)) -> 100 | AF4: =IF(Y4="","-",VLOOKUP(Y4,'CERT. COR'!$A$4:$E$2200,4,0)) -> 192.3 | AG4: =IF(AB4="","-",VLOOKUP(AB4,'CERT. COR'!$A$4:$E$2200,5,0)) -> - | AH4: =IF(AB4="","-",VLOOKUP(AB4,'CERT. COR'!$A$4:$E$2200,4,0)) -> - | AI4: =IF(T4="","PN","PF") -> PN | AJ4: =IF(AI4="PN",SUM(C4:R4),0) -> 5471 | AK4: =IF(AI4="PF",SUM(C4:T4),0) -> 0
A5: ='plan de data'!A5 -> 3 | B5: ='plan de data'!B5 -> 45742 | C5: 341 | D5: 342 | E5: 340 | F5: 340 | G5: 344 | H5: 344 | I5: 345 | J5: 344 | K5: 343 | L5: 342 | M5: 343 | N5: 344 | O5: 347 | P5: 346 | Q5: 344 | R5: 344 | Y5: 1061132962 | Z5: =IF(Y5="","-",VLOOKUP(Y5,'CERT. COR'!$A$4:$E$2200,3,0)) -> 45539 | AA5: =IF(Y5="","-",VLOOKUP(Y5,'CERT. COR'!$A$4:$E$2200,2,0)) -> 109622 | AC5: =IF(AB5="","-",VLOOKUP(AB5,'CERT. COR'!$A$4:$E$2200,3,0)) -> - | AD5: =IF(AB5="","-",VLOOKUP(AB5,'CERT. COR'!$A$4:$E$2200,2,0)) -> - | AE5: =IF(Y5="","-",VLOOKUP(Y5,'CERT. COR'!$A$4:$E$2200,5,0)) -> 99.5 | AF5: =IF(Y5="","-",VLOOKUP(Y5,'CERT. COR'!$A$4:$E$2200,4,0)) -> 197 | AG5: =IF(AB5="","-",VLOOKUP(AB5,'CERT. COR'!$A$4:$E$2200,5,0)) -> - | AH5: =IF(AB5="","-",VLOOKUP(AB5,'CERT. COR'!$A$4:$E$2200,4,0)) -> - | AI5: =IF(T5="","PN","PF") -> PN | AJ5: =IF(AI5="PN",SUM(C5:R5),0) -> 5493 | AK5: =IF(AI5="PF",SUM(C5:T5),0) -> 0
A6: ='plan de data'!A6 -> 4 | B6: ='plan de data'!B6 -> 45743 | C6: 340 | D6: 345 | E6: 339 | F6: 338 | G6: 339 | H6: 338 | I6: 340 | J6: 340 | K6: 340 | L6: 340 | M6: 341 | N6: 341 | O6: 339 | P6: 344 | Q6: 344 | R6: 342 | Y6: 1062265533 | Z6: =IF(Y6="","-",VLOOKUP(Y6,'CERT. COR'!$A$4:$E$2200,3,0)) -> 45716 | AA6: =IF(Y6="","-",VLOOKUP(Y6,'CERT. COR'!$A$4:$E$2200,2,0)) -> 81795 | AC6: =IF(AB6="","-",VLOOKUP(AB6,'CERT. COR'!$A$4:$E$2200,3,0)) -> - | AD6: =IF(AB6="","-",VLOOKUP(AB6,'CERT. COR'!$A$4:$E$2200,2,0)) -> - | AE6: =IF(Y6="","-",VLOOKUP(Y6,'CERT. COR'!$A$4:$E$2200,5,0)) -> 100 | AF6: =IF(Y6="","-",VLOOKUP(Y6,'CERT. COR'!$A$4:$E$2200,4,0)) -> 192.3 | AG6: =IF(AB6="","-",VLOOKUP(AB6,'CERT. COR'!$A$4:$E$2200,5,0)) -> - | AH6: =IF(AB6="","-",VLOOKUP(AB6,'CERT. COR'!$A$4:$E$2200,4,0)) -> - | AI6: =IF(T6="","PN","PF") -> PN | AJ6: =IF(AI6="PN",SUM(C6:R6),0) -> 5450 | AK6: =IF(AI6="PF",SUM(C6:T6),0) -> 0
A7: ='plan de data'!A7 -> 5 | B7: ='plan de data'!B7 -> 45744 | C7: 348 | D7: 340 | E7: 341 | F7: 338 | G7: 341 | H7: 339 | I7: 342 | J7: 340 | K7: 343 | L7: 341 | M7: 342 | N7: 342 | O7: 341 | P7: 340 | Q7: 343 | R7: 340 | Y7: 1061132962 | Z7: =IF(Y7="","-",VLOOKUP(Y7,'CERT. COR'!$A$4:$E$2200,3,0)) -> 45539 | AA7: =IF(Y7="","-",VLOOKUP(Y7,'CERT. COR'!$A$4:$E$2200,2,0)) -> 109622 | AB7: 1062076102 | AC7: =IF(AB7="","-",VLOOKUP(AB7,'CERT. COR'!$A$4:$E$2200,3,0)) -> 45737 | AD7: =IF(AB7="","-",VLOOKUP(AB7,'CERT. COR'!$A$4:$E$2200,2,0)) -> 81985 | AE7: =IF(Y7="","-",VLOOKUP(Y7,'CERT. COR'!$A$4:$E$2200,5,0)) -> 99.5 | AF7: =IF(Y7="","-",VLOOKUP(Y7,'CERT. COR'!$A$4:$E$2200,4,0)) -> 197 | AG7: =IF(AB7="","-",VLOOKUP(AB7,'CERT. COR'!$A$4:$E$2200,5,0)) -> 100 | AH7: =IF(AB7="","-",VLOOKUP(AB7,'CERT. COR'!$A$4:$E$2200,4,0)) -> 198.8 | AI7: =IF(T7="","PN","PF") -> PN | AJ7: =IF(AI7="PN",SUM(C7:R7),0) -> 5461 | AK7: =IF(AI7="PF",SUM(C7:T7),0) -> 0
A8: ='plan de data'!A8 -> 6 | B8: ='plan de data'!B8 -> 45747 | C8: 339 | D8: 339 | E8: 343 | F8: 344 | G8: 340 | H8: 341 | I8: 344 | J8: 343 | K8: 343 | L8: 343 | M8: 344 | N8: 344 | O8: 339 | P8: 341 | Q8: 345 | R8: 344 | Y8: 1062076102 | Z8: =IF(Y8="","-",VLOOKUP(Y8,'CERT. COR'!$A$4:$E$2200,3,0)) -> 45737 | AA8: =IF(Y8="","-",VLOOKUP(Y8,'CERT. COR'!$A$4:$E$2200,2,0)) -> 81985 | AC8: =IF(AB8="","-",VLOOKUP(AB8,'CERT. COR'!$A$4:$E$2200,3,0)) -> - | AD8: =IF(AB8="","-",VLOOKUP(AB8,'CERT. COR'!$A$4:$E$2200,2,0)) -> - | AE8: =IF(Y8="","-",VLOOKUP(Y8,'CERT. COR'!$A$4:$E$2200,5,0)) -> 100 | AF8: =IF(Y8="","-",VLOOKUP(Y8,'CERT. COR'!$A$4:$E$2200,4,0)) -> 198.8 | AG8: =IF(AB8="","-",VLOOKUP(AB8,'CERT. COR'!$A$4:$E$2200,5,0)) -> - | AH8: =IF(AB8="","-",VLOOKUP(AB8,'CERT. COR'!$A$4:$E$2200,4,0)) -> - | AI8: =IF(T8="","PN","PF") -> PN | AJ8: =IF(AI8="PN",SUM(C8:R8),0) -> 5476 | AK8: =IF(AI8="PF",SUM(C8:T8),0) -> 0
A9: ='plan de data'!A9 -> 7 | B9: ='plan de data'!B9 -> 45749 | C9: 346 | D9: 344 | E9: 344 | F9: 344 | G9: 347 | H9: 344 | I9: 346 | J9: 345 | K9: 347 | L9: 346 | M9: 347 | N9: 346 | O9: 346 | P9: 346 | Q9: 347 | R9: 347 | Y9: 1061132929 | Z9: =IF(Y9="","-",VLOOKUP(Y9,'CERT. COR'!$A$4:$E$2200,3,0)) -> 45539 | AA9: =IF(Y9="","-",VLOOKUP(Y9,'CERT. COR'!$A$4:$E$2200,2,0)) -> 109623 | AC9: =IF(AB9="","-",VLOOKUP(AB9,'CERT. COR'!$A$4:$E$2200,3,0)) -> - | AD9: =IF(AB9="","-",VLOOKUP(AB9,'CERT. COR'!$A$4:$E$2200,2,0)) -> - | AE9: =IF(Y9="","-",VLOOKUP(Y9,'CERT. COR'!$A$4:$E$2200,5,0)) -> 100 | AF9: =IF(Y9="","-",VLOOKUP(Y9,'CERT. COR'!$A$4:$E$2200,4,0)) -> 198 | AG9: =IF(AB9="","-",VLOOKUP(AB9,'CERT. COR'!$A$4:$E$2200,5,0)) -> - | AH9: =IF(AB9="","-",VLOOKUP(AB9,'CERT. COR'!$A$4:$E$2200,4,0)) -> - | AI9: =IF(T9="","PN","PF") -> PN | AJ9: =IF(AI9="PN",SUM(C9:R9),0) -> 5532 | AK9: =IF(AI9="PF",SUM(C9:T9),0) -> 0
A10: ='plan de data'!A10 -> 8 | B10: ='plan de data'!B10 -> 45750 | C10: 346 | D10: 347 | E10: 345 | F10: 345 | G10: 345 | H10: 345 | I10: 345 | J10: 348 | K10: 345 | L10: 345 | M10: 345 | N10: 345 | O10: 345 | P10: 345 | Q10: 346 | R10: 347 | Y10: 1062076102 | Z10: =IF(Y10="","-",VLOOKUP(Y10,'CERT. COR'!$A$4:$E$2200,3,0)) -> 45737 | AA10: =IF(Y10="","-",VLOOKUP(Y10,'CERT. COR'!$A$4:$E$2200,2,0)) -> 81985 | AC10: =IF(AB10="","-",VLOOKUP(AB10,'CERT. COR'!$A$4:$E$2200,3,0)) -> - | AD10: =IF(AB10="","-",VLOOKUP(AB10,'CERT. COR'!$A$4:$E$2200,2,0)) -> - | AE10: =IF(Y10="","-",VLOOKUP(Y10,'CERT. COR'!$A$4:$E$2200,5,0)) -> 100 | AF10: =IF(Y10="","-",VLOOKUP(Y10,'CERT. COR'!$A$4:$E$2200,4,0)) -> 198.8 | AG10: =IF(AB10="","-",VLOOKUP(AB10,'CERT. COR'!$A$4:$E$2200,5,0)) -> - | AH10: =IF(AB10="","-",VLOOKUP(AB10,'CERT. COR'!$A$4:$E$2200,4,0)) -> - | AI10: =IF(T10="","PN","PF") -> PN | AJ10: =IF(AI10="PN",SUM(C10:R10),0) -> 5529 | AK10: =IF(AI10="PF",SUM(C10:T10),0) -> 0
A11: ='plan de data'!A11 -> 9 | B11: ='plan de data'!B11 -> 45752 | C11: 346 | D11: 344 | E11: 347 | F11: 347 | G11: 344 | H11: 347 | I11: 346 | J11: 348 | K11: 349 | L11: 348 | M11: 350 | N11: 350 | O11: 348 | P11: 349 | Q11: 351 | R11: 350 | Y11: 1061132929 | Z11: =IF(Y11="","-",VLOOKUP(Y11,'CERT. COR'!$A$4:$E$2200,3,0)) -> 45539 | AA11: =IF(Y11="","-",VLOOKUP(Y11,'CERT. COR'!$A$4:$E$2200,2,0)) -> 109623 | AC11: =IF(AB11="","-",VLOOKUP(AB11,'CERT. COR'!$A$4:$E$2200,3,0)) -> - | AD11: =IF(AB11="","-",VLOOKUP(AB11,'CERT. COR'!$A$4:$E$2200,2,0)) -> - | AE11: =IF(Y11="","-",VLOOKUP(Y11,'CERT. COR'!$A$4:$E$2200,5,0)) -> 100 | AF11: =IF(Y11="","-",VLOOKUP(Y11,'CERT. COR'!$A$4:$E$2200,4,0)) -> 198 | AG11: =IF(AB11="","-",VLOOKUP(AB11,'CERT. COR'!$A$4:$E$2200,5,0)) -> - | AH11: =IF(AB11="","-",VLOOKUP(AB11,'CERT. COR'!$A$4:$E$2200,4,0)) -> - | AI11: =IF(T11="","PN","PF") -> PN | AJ11: =IF(AI11="PN",SUM(C11:R11),0) -> 5564 | AK11: =IF(AI11="PF",SUM(C11:T11),0) -> 0
A12: ='plan de data'!A12 -> 10 | B12: ='plan de data'!B12 -> 45754 | C12: 341 | D12: 343 | E12: 345 | F12: 344 | G12: 342 | H12: 342 | I12: 345 | J12: 345 | K12: 345 | L12: 344 | M12: 345 | N12: 345 | O12: 340 | P12: 341 | Q12: 345 | R12: 346 | Y12: 1062076102 | Z12: =IF(Y12="","-",VLOOKUP(Y12,'CERT. COR'!$A$4:$E$2200,3,0)) -> 45737 | AA12: =IF(Y12="","-",VLOOKUP(Y12,'CERT. COR'!$A$4:$E$2200,2,0)) -> 81985 | AC12: =IF(AB12="","-",VLOOKUP(AB12,'CERT. COR'!$A$4:$E$2200,3,0)) -> - | AD12: =IF(AB12="","-",VLOOKUP(AB12,'CERT. COR'!$A$4:$E$2200,2,0)) -> - | AE12: =IF(Y12="","-",VLOOKUP(Y12,'CERT. COR'!$A$4:$E$2200,5,0)) -> 100 | AF12: =IF(Y12="","-",VLOOKUP(Y12,'CERT. COR'!$A$4:$E$2200,4,0)) -> 198.8 | AG12: =IF(AB12="","-",VLOOKUP(AB12,'CERT. COR'!$A$4:$E$2200,5,0)) -> - | AH12: =IF(AB12="","-",VLOOKUP(AB12,'CERT. COR'!$A$4:$E$2200,4,0)) -> - | AI12: =IF(T12="","PN","PF") -> PN | AJ12: =IF(AI12="PN",SUM(C12:R12),0) -> 5498 | AK12: =IF(AI12="PF",SUM(C12:T12),0) -> 0
A13: ='plan de data'!A13 -> 11 | B13: ='plan de data'!B13 -> 45755 | C13: 344 | D13: 343 | E13: 344 | F13: 344 | G13: 345 | H13: 345 | I13: 347 | J13: 347 | K13: 348 | L13: 346 | M13: 349 | N13: 348 | O13: 352 | P13: 348 | Q13: 351 | R13: 348 | Y13: 1061132929 | Z13: =IF(Y13="","-",VLOOKUP(Y13,'CERT. COR'!$A$4:$E$2200,3,0)) -> 45539 | AA13: =IF(Y13="","-",VLOOKUP(Y13,'CERT. COR'!$A$4:$E$2200,2,0)) -> 109623 | AC13: =IF(AB13="","-",VLOOKUP(AB13,'CERT. COR'!$A$4:$E$2200,3,0)) -> - | AD13: =IF(AB13="","-",VLOOKUP(AB13,'CERT. COR'!$A$4:$E$2200,2,0)) -> - | AE13: =IF(Y13="","-",VLOOKUP(Y13,'CERT. COR'!$A$4:$E$2200,5,0)) -> 100 | AF13: =IF(Y13="","-",VLOOKUP(Y13,'CERT. COR'!$A$4:$E$2200,4,0)) -> 198 | AG13: =IF(AB13="","-",VLOOKUP(AB13,'CERT. COR'!$A$4:$E$2200,5,0)) -> - | AH13: =IF(AB13="","-",VLOOKUP(AB13,'CERT. COR'!$A$4:$E$2200,4,0)) -> - | AI13: =IF(T13="","PN","PF") -> PN | AJ13: =IF(AI13="PN",SUM(C13:R13),0) -> 5549 | AK13: =IF(AI13="PF",SUM(C13:T13),0) -> 0
A14: ='plan de data'!A14 -> 12 | B14: ='plan de data'!B14 -> 45757 | C14: 341 | D14: 340 | E14: 348 | F14: 347 | G14: 343 | H14: 344 | I14: 347 | J14: 347 | K14: 348 | L14: 348 | M14: 348 | N14: 350 | O14: 345 | P14: 342 | Q14: 348 | R14: 353 | Y14: 1061132929 | Z14: =IF(Y14="","-",VLOOKUP(Y14,'CERT. COR'!$A$4:$E$2200,3,0)) -> 45539 | AA14: =IF(Y14="","-",VLOOKUP(Y14,'CERT. COR'!$A$4:$E$2200,2,0)) -> 109623 | AB14: 1062265764 | AC14: =IF(AB14="","-",VLOOKUP(AB14,'CERT. COR'!$A$4:$E$2200,3,0)) -> 45730 | AD14: =IF(AB14="","-",VLOOKUP(AB14,'CERT. COR'!$A$4:$E$2200,2,0)) -> 81902 | AE14: =IF(Y14="","-",VLOOKUP(Y14,'CERT. COR'!$A$4:$E$2200,5,0)) -> 100 | AF14: =IF(Y14="","-",VLOOKUP(Y14,'CERT. COR'!$A$4:$E$2200,4,0)) -> 198 | AG14: =IF(AB14="","-",VLOOKUP(AB14,'CERT. COR'!$A$4:$E$2200,5,0)) -> 99.6 | AH14: =IF(AB14="","-",VLOOKUP(AB14,'CERT. COR'!$A$4:$E$2200,4,0)) -> 199.3 | AI14: =IF(T14="","PN","PF") -> PN | AJ14: =IF(AI14="PN",SUM(C14:R14),0) -> 5539 | AK14: =IF(AI14="PF",SUM(C14:T14),0) -> 0
A15: ='plan de data'!A15 -> 13 | B15: ='plan de data'!B15 -> 45758 | C15: 345 | D15: 342 | E15: 342 | F15: 346 | G15: 342 | H15: 342 | I15: 342 | J15: 344 | K15: 345 | L15: 344 | M15: 341 | N15: 343 | O15: 343 | P15: 344 | Q15: 346 | R15: 344 | Y15: 1062076102 | Z15: =IF(Y15="","-",VLOOKUP(Y15,'CERT. COR'!$A$4:$E$2200,3,0)) -> 45737 | AA15: =IF(Y15="","-",VLOOKUP(Y15,'CERT. COR'!$A$4:$E$2200,2,0)) -> 81985 | AB15: 1062269468 | AC15: =IF(AB15="","-",VLOOKUP(AB15,'CERT. COR'!$A$4:$E$2200,3,0)) -> 45730 | AD15: =IF(AB15="","-",VLOOKUP(AB15,'CERT. COR'!$A$4:$E$2200,2,0)) -> 81902 | AE15: =IF(Y15="","-",VLOOKUP(Y15,'CERT. COR'!$A$4:$E$2200,5,0)) -> 100 | AF15: =IF(Y15="","-",VLOOKUP(Y15,'CERT. COR'!$A$4:$E$2200,4,0)) -> 198.8 | AG15: =IF(AB15="","-",VLOOKUP(AB15,'CERT. COR'!$A$4:$E$2200,5,0)) -> 100 | AH15: =IF(AB15="","-",VLOOKUP(AB15,'CERT. COR'!$A$4:$E$2200,4,0)) -> 200.9 | AI15: =IF(T15="","PN","PF") -> PN | AJ15: =IF(AI15="PN",SUM(C15:R15),0) -> 5495 | AK15: =IF(AI15="PF",SUM(C15:T15),0) -> 0
A16: ='plan de data'!A16 -> 14 | B16: ='plan de data'!B16 -> 45761 | C16: 349 | D16: 343 | E16: 343 | F16: 344 | G16: 345 | H16: 347 | I16: 346 | J16: 345 | K16: 346 | L16: 346 | M16: 349 | N16: 347 | O16: 350 | P16: 351 | Q16: 351 | R16: 350 | Y16: 1062269468 | Z16: =IF(Y16="","-",VLOOKUP(Y16,'CERT. COR'!$A$4:$E$2200,3,0)) -> 45730 | AA16: =IF(Y16="","-",VLOOKUP(Y16,'CERT. COR'!$A$4:$E$2200,2,0)) -> 81902 | AC16: =IF(AB16="","-",VLOOKUP(AB16,'CERT. COR'!$A$4:$E$2200,3,0)) -> - | AD16: =IF(AB16="","-",VLOOKUP(AB16,'CERT. COR'!$A$4:$E$2200,2,0)) -> - | AE16: =IF(Y16="","-",VLOOKUP(Y16,'CERT. COR'!$A$4:$E$2200,5,0)) -> 100 | AF16: =IF(Y16="","-",VLOOKUP(Y16,'CERT. COR'!$A$4:$E$2200,4,0)) -> 200.9 | AG16: =IF(AB16="","-",VLOOKUP(AB16,'CERT. COR'!$A$4:$E$2200,5,0)) -> - | AH16: =IF(AB16="","-",VLOOKUP(AB16,'CERT. COR'!$A$4:$E$2200,4,0)) -> - | AI16: =IF(T16="","PN","PF") -> PN | AJ16: =IF(AI16="PN",SUM(C16:R16),0) -> 5552 | AK16: =IF(AI16="PF",SUM(C16:T16),0) -> 0
A17: ='plan de data'!A17 -> 15 | B17: ='plan de data'!B17 -> 45762 | C17: 345 | D17: 348 | E17: 344 | F17: 345 | G17: 341 | H17: 347 | I17: 346 | J17: 347 | K17: 347 | L17: 347 | M17: 349 | N17: 348 | O17: 343 | P17: 343 | Q17: 348 | R17: 346 | Y17: 1062265764 | Z17: =IF(Y17="","-",VLOOKUP(Y17,'CERT. COR'!$A$4:$E$2200,3,0)) -> 45730 | AA17: =IF(Y17="","-",VLOOKUP(Y17,'CERT. COR'!$A$4:$E$2200,2,0)) -> 81902 | AC17: =IF(AB17="","-",VLOOKUP(AB17,'CERT. COR'!$A$4:$E$2200,3,0)) -> - | AD17: =IF(AB17="","-",VLOOKUP(AB17,'CERT. COR'!$A$4:$E$2200,2,0)) -> - | AE17: =IF(Y17="","-",VLOOKUP(Y17,'CERT. COR'!$A$4:$E$2200,5,0)) -> 99.6 | AF17: =IF(Y17="","-",VLOOKUP(Y17,'CERT. COR'!$A$4:$E$2200,4,0)) -> 199.3 | AG17: =IF(AB17="","-",VLOOKUP(AB17,'CERT. COR'!$A$4:$E$2200,5,0)) -> - | AH17: =IF(AB17="","-",VLOOKUP(AB17,'CERT. COR'!$A$4:$E$2200,4,0)) -> - | AI17: =IF(T17="","PN","PF") -> PN | AJ17: =IF(AI17="PN",SUM(C17:R17),0) -> 5534 | AK17: =IF(AI17="PF",SUM(C17:T17),0) -> 0
A18: ='plan de data'!A18 -> 16 | B18: ='plan de data'!B18 -> 45764 | C18: 349 | D18: 344 | E18: 343 | F18: 343 | G18: 347 | H18: 345 | I18: 345 | J18: 345 | K18: 346 | L18: 346 | M18: 346 | N18: 346 | O18: 348 | P18: 348 | Q18: 349 | R18: 349 | Y18: 1062269468 | Z18: =IF(Y18="","-",VLOOKUP(Y18,'CERT. COR'!$A$4:$E$2200,3,0)) -> 45730 | AA18: =IF(Y18="","-",VLOOKUP(Y18,'CERT. COR'!$A$4:$E$2200,2,0)) -> 81902 | AC18: =IF(AB18="","-",VLOOKUP(AB18,'CERT. COR'!$A$4:$E$2200,3,0)) -> - | AD18: =IF(AB18="","-",VLOOKUP(AB18,'CERT. COR'!$A$4:$E$2200,2,0)) -> - | AE18: =IF(Y18="","-",VLOOKUP(Y18,'CERT. COR'!$A$4:$E$2200,5,0)) -> 100 | AF18: =IF(Y18="","-",VLOOKUP(Y18,'CERT. COR'!$A$4:$E$2200,4,0)) -> 200.9 | AG18: =IF(AB18="","-",VLOOKUP(AB18,'CERT. COR'!$A$4:$E$2200,5,0)) -> - | AH18: =IF(AB18="","-",VLOOKUP(AB18,'CERT. COR'!$A$4:$E$2200,4,0)) -> - | AI18: =IF(T18="","PN","PF") -> PN | AJ18: =IF(AI18="PN",SUM(C18:R18),0) -> 5539 | AK18: =IF(AI18="PF",SUM(C18:T18),0) -> 0
A19: ='plan de data'!A19 -> 17 | B19: ='plan de data'!B19 -> 45764 | C19: 341 | D19: 342 | E19: 344 | F19: 343 | G19: 342 | H19: 342 | I19: 343 | J19: 345 | K19: 345 | L19: 345 | M19: 345 | N19: 344 | O19: 343 | P19: 343 | Q19: 345 | R19: 346 | Y19: 1062265764 | Z19: =IF(Y19="","-",VLOOKUP(Y19,'CERT. COR'!$A$4:$E$2200,3,0)) -> 45730 | AA19: =IF(Y19="","-",VLOOKUP(Y19,'CERT. COR'!$A$4:$E$2200,2,0)) -> 81902 | AC19: =IF(AB19="","-",VLOOKUP(AB19,'CERT. COR'!$A$4:$E$2200,3,0)) -> - | AD19: =IF(AB19="","-",VLOOKUP(AB19,'CERT. COR'!$A$4:$E$2200,2,0)) -> - | AE19: =IF(Y19="","-",VLOOKUP(Y19,'CERT. COR'!$A$4:$E$2200,5,0)) -> 99.6 | AF19: =IF(Y19="","-",VLOOKUP(Y19,'CERT. COR'!$A$4:$E$2200,4,0)) -> 199.3 | AG19: =IF(AB19="","-",VLOOKUP(AB19,'CERT. COR'!$A$4:$E$2200,5,0)) -> - | AH19: =IF(AB19="","-",VLOOKUP(AB19,'CERT. COR'!$A$4:$E$2200,4,0)) -> - | AI19: =IF(T19="","PN","PF") -> PN | AJ19: =IF(AI19="PN",SUM(C19:R19),0) -> 5498 | AK19: =IF(AI19="PF",SUM(C19:T19),0) -> 0
A20: ='plan de data'!A20 -> 18 | B20: ='plan de data'!B20 -> 45770 | C20: 346 | D20: 343 | E20: 343 | F20: 343 | G20: 345 | H20: 344 | I20: 343 | J20: 343 | K20: 345 | L20: 345 | M20: 345 | N20: 345 | O20: 345 | P20: 345 | Q20: 345 | R20: 345 | Y20: 1062265764 | Z20: =IF(Y20="","-",VLOOKUP(Y20,'CERT. COR'!$A$4:$E$2200,3,0)) -> 45730 | AA20: =IF(Y20="","-",VLOOKUP(Y20,'CERT. COR'!$A$4:$E$2200,2,0)) -> 81902 | AC20: =IF(AB20="","-",VLOOKUP(AB20,'CERT. COR'!$A$4:$E$2200,3,0)) -> - | AD20: =IF(AB20="","-",VLOOKUP(AB20,'CERT. COR'!$A$4:$E$2200,2,0)) -> - | AE20: =IF(Y20="","-",VLOOKUP(Y20,'CERT. COR'!$A$4:$E$2200,5,0)) -> 99.6 | AF20: =IF(Y20="","-",VLOOKUP(Y20,'CERT. COR'!$A$4:$E$2200,4,0)) -> 199.3 | AG20: =IF(AB20="","-",VLOOKUP(AB20,'CERT. COR'!$A$4:$E$2200,5,0)) -> - | AH20: =IF(AB20="","-",VLOOKUP(AB20,'CERT. COR'!$A$4:$E$2200,4,0)) -> - | AI20: =IF(T20="","PN","PF") -> PN | AJ20: =IF(AI20="PN",SUM(C20:R20),0) -> 5510 | AK20: =IF(AI20="PF",SUM(C20:T20),0) -> 0
A21: ='plan de data'!A21 -> 19 | B21: ='plan de data'!B21 -> 45771 | C21: 350 | D21: 345 | E21: 341 | F21: 341 | G21: 343 | H21: 341 | I21: 341 | J21: 348 | K21: 341 | L21: 342 | M21: 341 | N21: 342 | O21: 343 | P21: 344 | Q21: 344 | R21: 343 | Y21: 1062269468 | Z21: =IF(Y21="","-",VLOOKUP(Y21,'CERT. COR'!$A$4:$E$2200,3,0)) -> 45730 | AA21: =IF(Y21="","-",VLOOKUP(Y21,'CERT. COR'!$A$4:$E$2200,2,0)) -> 81902 | AC21: =IF(AB21="","-",VLOOKUP(AB21,'CERT. COR'!$A$4:$E$2200,3,0)) -> - | AD21: =IF(AB21="","-",VLOOKUP(AB21,'CERT. COR'!$A$4:$E$2200,2,0)) -> - | AE21: =IF(Y21="","-",VLOOKUP(Y21,'CERT. COR'!$A$4:$E$2200,5,0)) -> 100 | AF21: =IF(Y21="","-",VLOOKUP(Y21,'CERT. COR'!$A$4:$E$2200,4,0)) -> 200.9 | AG21: =IF(AB21="","-",VLOOKUP(AB21,'CERT. COR'!$A$4:$E$2200,5,0)) -> - | AH21: =IF(AB21="","-",VLOOKUP(AB21,'CERT. COR'!$A$4:$E$2200,4,0)) -> - | AI21: =IF(T21="","PN","PF") -> PN | AJ21: =IF(AI21="PN",SUM(C21:R21),0) -> 5490 | AK21: =IF(AI21="PF",SUM(C21:T21),0) -> 0
A22: ='plan de data'!A22 -> 20 | B22: ='plan de data'!B22 -> 45773 | C22: 344 | D22: 345 | E22: 344 | F22: 342 | G22: 343 | H22: 341 | I22: 342 | J22: 343 | K22: 347 | L22: 344 | M22: 346 | N22: 345 | O22: 349 | P22: 342 | Q22: 349 | R22: 349 | Y22: 1062552789 | Z22: =IF(Y22="","-",VLOOKUP(Y22,'CERT. COR'!$A$4:$E$2200,3,0)) -> 45764 | AA22: =IF(Y22="","-",VLOOKUP(Y22,'CERT. COR'!$A$4:$E$2200,2,0)) -> 82245 | AB22: 1062265764 | AC22: =IF(AB22="","-",VLOOKUP(AB22,'CERT. COR'!$A$4:$E$2200,3,0)) -> 45730 | AD22: =IF(AB22="","-",VLOOKUP(AB22,'CERT. COR'!$A$4:$E$2200,2,0)) -> 81902 | AE22: =IF(Y22="","-",VLOOKUP(Y22,'CERT. COR'!$A$4:$E$2200,5,0)) -> 100 | AF22: =IF(Y22="","-",VLOOKUP(Y22,'CERT. COR'!$A$4:$E$2200,4,0)) -> 199.9 | AG22: =IF(AB22="","-",VLOOKUP(AB22,'CERT. COR'!$A$4:$E$2200,5,0)) -> 99.6 | AH22: =IF(AB22="","-",VLOOKUP(AB22,'CERT. COR'!$A$4:$E$2200,4,0)) -> 199.3 | AI22: =IF(T22="","PN","PF") -> PN | AJ22: =IF(AI22="PN",SUM(C22:R22),0) -> 5515 | AK22: =IF(AI22="PF",SUM(C22:T22),0) -> 0
A23: ='plan de data'!A23 -> 21 | B23: ='plan de data'!B23 -> 45776 | C23: 344 | D23: 342 | E23: 347 | F23: 344 | G23: 342 | H23: 342 | I23: 347 | J23: 346 | K23: 348 | L23: 348 | M23: 341 | N23: 346 | O23: 342 | P23: 343 | Q23: 346 | R23: 350 | Y23: 1062269468 | Z23: =IF(Y23="","-",VLOOKUP(Y23,'CERT. COR'!$A$4:$E$2200,3,0)) -> 45730 | AA23: =IF(Y23="","-",VLOOKUP(Y23,'CERT. COR'!$A$4:$E$2200,2,0)) -> 81902 | AB23: 1062279616 | AC23: =IF(AB23="","-",VLOOKUP(AB23,'CERT. COR'!$A$4:$E$2200,3,0)) -> 45716 | AD23: =IF(AB23="","-",VLOOKUP(AB23,'CERT. COR'!$A$4:$E$2200,2,0)) -> 81795 | AE23: =IF(Y23="","-",VLOOKUP(Y23,'CERT. COR'!$A$4:$E$2200,5,0)) -> 100 | AF23: =IF(Y23="","-",VLOOKUP(Y23,'CERT. COR'!$A$4:$E$2200,4,0)) -> 200.9 | AG23: =IF(AB23="","-",VLOOKUP(AB23,'CERT. COR'!$A$4:$E$2200,5,0)) -> 99.9 | AH23: =IF(AB23="","-",VLOOKUP(AB23,'CERT. COR'!$A$4:$E$2200,4,0)) -> 200.9 | AI23: =IF(T23="","PN","PF") -> PN | AJ23: =IF(AI23="PN",SUM(C23:R23),0) -> 5518 | AK23: =IF(AI23="PF",SUM(C23:T23),0) -> 0
A24: ='plan de data'!A24 -> 22 | B24: ='plan de data'!B24 -> 45777 | C24: 345 | D24: 343 | E24: 344 | F24: 344 | G24: 344 | H24: 344 | I24: 347 | J24: 345 | K24: 348 | L24: 349 | M24: 350 | N24: 350 | O24: 345 | P24: 345 | Q24: 353 | R24: 351 | Y24: 1062552789 | Z24: =IF(Y24="","-",VLOOKUP(Y24,'CERT. COR'!$A$4:$E$2200,3,0)) -> 45764 | AA24: =IF(Y24="","-",VLOOKUP(Y24,'CERT. COR'!$A$4:$E$2200,2,0)) -> 82245 | AC24: =IF(AB24="","-",VLOOKUP(AB24,'CERT. COR'!$A$4:$E$2200,3,0)) -> - | AD24: =IF(AB24="","-",VLOOKUP(AB24,'CERT. COR'!$A$4:$E$2200,2,0)) -> - | AE24: =IF(Y24="","-",VLOOKUP(Y24,'CERT. COR'!$A$4:$E$2200,5,0)) -> 100 | AF24: =IF(Y24="","-",VLOOKUP(Y24,'CERT. COR'!$A$4:$E$2200,4,0)) -> 199.9 | AG24: =IF(AB24="","-",VLOOKUP(AB24,'CERT. COR'!$A$4:$E$2200,5,0)) -> - | AH24: =IF(AB24="","-",VLOOKUP(AB24,'CERT. COR'!$A$4:$E$2200,4,0)) -> - | AI24: =IF(T24="","PN","PF") -> PN | AJ24: =IF(AI24="PN",SUM(C24:R24),0) -> 5547 | AK24: =IF(AI24="PF",SUM(C24:T24),0) -> 0
A25: ='plan de data'!A25 -> 23 | B25: ='plan de data'!B25 -> 45780 | C25: 344 | D25: 341 | E25: 342 | F25: 339 | G25: 343 | H25: 342 | I25: 342 | J25: 341 | K25: 343 | L25: 341 | M25: 344 | N25: 344 | O25: 343 | P25: 343 | Q25: 346 | R25: 345 | Y25: 1062279616 | Z25: =IF(Y25="","-",VLOOKUP(Y25,'CERT. COR'!$A$4:$E$2200,3,0)) -> 45716 | AA25: =IF(Y25="","-",VLOOKUP(Y25,'CERT. COR'!$A$4:$E$2200,2,0)) -> 81795 | AC25: =IF(AB25="","-",VLOOKUP(AB25,'CERT. COR'!$A$4:$E$2200,3,0)) -> - | AD25: =IF(AB25="","-",VLOOKUP(AB25,'CERT. COR'!$A$4:$E$2200,2,0)) -> - | AE25: =IF(Y25="","-",VLOOKUP(Y25,'CERT. COR'!$A$4:$E$2200,5,0)) -> 99.9 | AF25: =IF(Y25="","-",VLOOKUP(Y25,'CERT. COR'!$A$4:$E$2200,4,0)) -> 200.9 | AG25: =IF(AB25="","-",VLOOKUP(AB25,'CERT. COR'!$A$4:$E$2200,5,0)) -> - | AH25: =IF(AB25="","-",VLOOKUP(AB25,'CERT. COR'!$A$4:$E$2200,4,0)) -> - | AI25: =IF(T25="","PN","PF") -> PN | AJ25: =IF(AI25="PN",SUM(C25:R25),0) -> 5483 | AK25: =IF(AI25="PF",SUM(C25:T25),0) -> 0
A26: ='plan de data'!A26 -> 24 | B26: ='plan de data'!B26 -> 45782 | C26: 342 | D26: 344 | E26: 345 | F26: 345 | G26: 348 | H26: 352 | I26: 345 | J26: 345 | K26: 346 | L26: 342 | M26: 347 | N26: 347 | O26: 345 | P26: 344 | Q26: 348 | R26: 347 | Y26: 1062552789 | Z26: =IF(Y26="","-",VLOOKUP(Y26,'CERT. COR'!$A$4:$E$2200,3,0)) -> 45764 | AA26: =IF(Y26="","-",VLOOKUP(Y26,'CERT. COR'!$A$4:$E$2200,2,0)) -> 82245 | AC26: =IF(AB26="","-",VLOOKUP(AB26,'CERT. COR'!$A$4:$E$2200,3,0)) -> - | AD26: =IF(AB26="","-",VLOOKUP(AB26,'CERT. COR'!$A$4:$E$2200,2,0)) -> - | AE26: =IF(Y26="","-",VLOOKUP(Y26,'CERT. COR'!$A$4:$E$2200,5,0)) -> 100 | AF26: =IF(Y26="","-",VLOOKUP(Y26,'CERT. COR'!$A$4:$E$2200,4,0)) -> 199.9 | AG26: =IF(AB26="","-",VLOOKUP(AB26,'CERT. COR'!$A$4:$E$2200,5,0)) -> - | AH26: =IF(AB26="","-",VLOOKUP(AB26,'CERT. COR'!$A$4:$E$2200,4,0)) -> - | AI26: =IF(T26="","PN","PF") -> PN | AJ26: =IF(AI26="PN",SUM(C26:R26),0) -> 5532 | AK26: =IF(AI26="PF",SUM(C26:T26),0) -> 0
A27: ='plan de data'!A27 -> 25 | B27: ='plan de data'!B27 -> 45783 | C27: 346 | D27: 344 | E27: 345 | F27: 344 | G27: 348 | H27: 346 | I27: 346 | J27: 346 | K27: 346 | L27: 346 | M27: 345 | N27: 345 | O27: 346 | P27: 346 | Q27: 346 | R27: 347 | Y27: 1062279616 | Z27: =IF(Y27="","-",VLOOKUP(Y27,'CERT. COR'!$A$4:$E$2200,3,0)) -> 45716 | AA27: =IF(Y27="","-",VLOOKUP(Y27,'CERT. COR'!$A$4:$E$2200,2,0)) -> 81795 | AC27: =IF(AB27="","-",VLOOKUP(AB27,'CERT. COR'!$A$4:$E$2200,3,0)) -> - | AD27: =IF(AB27="","-",VLOOKUP(AB27,'CERT. COR'!$A$4:$E$2200,2,0)) -> - | AE27: =IF(Y27="","-",VLOOKUP(Y27,'CERT. COR'!$A$4:$E$2200,5,0)) -> 99.9 | AF27: =IF(Y27="","-",VLOOKUP(Y27,'CERT. COR'!$A$4:$E$2200,4,0)) -> 200.9 | AG27: =IF(AB27="","-",VLOOKUP(AB27,'CERT. COR'!$A$4:$E$2200,5,0)) -> - | AH27: =IF(AB27="","-",VLOOKUP(AB27,'CERT. COR'!$A$4:$E$2200,4,0)) -> - | AI27: =IF(T27="","PN","PF") -> PN | AJ27: =IF(AI27="PN",SUM(C27:R27),0) -> 5532 | AK27: =IF(AI27="PF",SUM(C27:T27),0) -> 0
A28: ='plan de data'!A28 -> 26 | B28: ='plan de data'!B28 -> 45785 | C28: 348 | D28: 344 | E28: 345 | F28: 345 | G28: 345 | H28: 347 | I28: 345 | J28: 345 | K28: 346 | L28: 346 | M28: 348 | N28: 346 | O28: 346 | P28: 348 | Q28: 349 | R28: 346 | Y28: 1062552789 | Z28: =IF(Y28="","-",VLOOKUP(Y28,'CERT. COR'!$A$4:$E$2200,3,0)) -> 45764 | AA28: =IF(Y28="","-",VLOOKUP(Y28,'CERT. COR'!$A$4:$E$2200,2,0)) -> 82245 | AB28: 1062630742 | AC28: =IF(AB28="","-",VLOOKUP(AB28,'CERT. COR'!$A$4:$E$2200,3,0)) -> 45764 | AD28: =IF(AB28="","-",VLOOKUP(AB28,'CERT. COR'!$A$4:$E$2200,2,0)) -> 82245 | AE28: =IF(Y28="","-",VLOOKUP(Y28,'CERT. COR'!$A$4:$E$2200,5,0)) -> 100 | AF28: =IF(Y28="","-",VLOOKUP(Y28,'CERT. COR'!$A$4:$E$2200,4,0)) -> 199.9 | AG28: =IF(AB28="","-",VLOOKUP(AB28,'CERT. COR'!$A$4:$E$2200,5,0)) -> 99.8 | AH28: =IF(AB28="","-",VLOOKUP(AB28,'CERT. COR'!$A$4:$E$2200,4,0)) -> 200.5 | AI28: =IF(T28="","PN","PF") -> PN | AJ28: =IF(AI28="PN",SUM(C28:R28),0) -> 5539 | AK28: =IF(AI28="PF",SUM(C28:T28),0) -> 0
A29: ='plan de data'!A29 -> 27 | B29: ='plan de data'!B29 -> 45786 | C29: 342 | D29: 342 | E29: 346 | F29: 342 | G29: 345 | H29: 345 | I29: 347 | J29: 342 | K29: 342 | L29: 341 | M29: 341 | N29: 342 | O29: 345 | P29: 345 | Q29: 344 | R29: 345 | Y29: 1062279616 | Z29: =IF(Y29="","-",VLOOKUP(Y29,'CERT. COR'!$A$4:$E$2200,3,0)) -> 45716 | AA29: =IF(Y29="","-",VLOOKUP(Y29,'CERT. COR'!$A$4:$E$2200,2,0)) -> 81795 | AC29: =IF(AB29="","-",VLOOKUP(AB29,'CERT. COR'!$A$4:$E$2200,3,0)) -> - | AD29: =IF(AB29="","-",VLOOKUP(AB29,'CERT. COR'!$A$4:$E$2200,2,0)) -> - | AE29: =IF(Y29="","-",VLOOKUP(Y29,'CERT. COR'!$A$4:$E$2200,5,0)) -> 99.9 | AF29: =IF(Y29="","-",VLOOKUP(Y29,'CERT. COR'!$A$4:$E$2200,4,0)) -> 200.9 | AG29: =IF(AB29="","-",VLOOKUP(AB29,'CERT. COR'!$A$4:$E$2200,5,0)) -> - | AH29: =IF(AB29="","-",VLOOKUP(AB29,'CERT. COR'!$A$4:$E$2200,4,0)) -> - | AI29: =IF(T29="","PN","PF") -> PN | AJ29: =IF(AI29="PN",SUM(C29:R29),0) -> 5496 | AK29: =IF(AI29="PF",SUM(C29:T29),0) -> 0
A30: ='plan de data'!A30 -> 28 | B30: ='plan de data'!B30 -> 45789 | C30: 344 | D30: 341 | E30: 343 | F30: 343 | G30: 343 | H30: 345 | I30: 343 | J30: 345 | K30: 345 | L30: 344 | M30: 345 | N30: 343 | O30: 346 | P30: 350 | Q30: 346 | R30: 345 | Y30: 1062630742 | Z30: =IF(Y30="","-",VLOOKUP(Y30,'CERT. COR'!$A$4:$E$2200,3,0)) -> 45764 | AA30: =IF(Y30="","-",VLOOKUP(Y30,'CERT. COR'!$A$4:$E$2200,2,0)) -> 82245 | AC30: =IF(AB30="","-",VLOOKUP(AB30,'CERT. COR'!$A$4:$E$2200,3,0)) -> - | AD30: =IF(AB30="","-",VLOOKUP(AB30,'CERT. COR'!$A$4:$E$2200,2,0)) -> - | AE30: =IF(Y30="","-",VLOOKUP(Y30,'CERT. COR'!$A$4:$E$2200,5,0)) -> 99.8 | AF30: =IF(Y30="","-",VLOOKUP(Y30,'CERT. COR'!$A$4:$E$2200,4,0)) -> 200.5 | AG30: =IF(AB30="","-",VLOOKUP(AB30,'CERT. COR'!$A$4:$E$2200,5,0)) -> - | AH30: =IF(AB30="","-",VLOOKUP(AB30,'CERT. COR'!$A$4:$E$2200,4,0)) -> - | AI30: =IF(T30="","PN","PF") -> PN | AJ30: =IF(AI30="PN",SUM(C30:R30),0) -> 5511 | AK30: =IF(AI30="PF",SUM(C30:T30),0) -> 0
A31: ='plan de data'!A31 -> 29 | B31: ='plan de data'!B31 -> 45796 | C31: 114 | D31: 114 | E31: 113 | F31: 113 | G31: 116 | H31: 116 | I31: 115 | J31: 113 | K31: 115 | L31: 115 | M31: 117 | N31: 119 | O31: 116 | P31: 117 | Q31: 119 | R31: 118 | S31: 115 | T31: 115 | Y31: 1062279616 | Z31: =IF(Y31="","-",VLOOKUP(Y31,'CERT. COR'!$A$4:$E$2200,3,0)) -> 45716 | AA31: =IF(Y31="","-",VLOOKUP(Y31,'CERT. COR'!$A$4:$E$2200,2,0)) -> 81795 | AC31: =IF(AB31="","-",VLOOKUP(AB31,'CERT. COR'!$A$4:$E$2200,3,0)) -> - | AD31: =IF(AB31="","-",VLOOKUP(AB31,'CERT. COR'!$A$4:$E$2200,2,0)) -> - | AE31: =IF(Y31="","-",VLOOKUP(Y31,'CERT. COR'!$A$4:$E$2200,5,0)) -> 99.9 | AF31: =IF(Y31="","-",VLOOKUP(Y31,'CERT. COR'!$A$4:$E$2200,4,0)) -> 200.9 | AG31: =IF(AB31="","-",VLOOKUP(AB31,'CERT. COR'!$A$4:$E$2200,5,0)) -> - | AH31: =IF(AB31="","-",VLOOKUP(AB31,'CERT. COR'!$A$4:$E$2200,4,0)) -> - | AI31: =IF(T31="","PN","PF") -> PF | AJ31: =IF(AI31="PN",SUM(C31:R31),0) -> 0 | AK31: =IF(AI31="PF",SUM(C31:T31),0) -> 2080
A32: ='plan de data'!A32 -> 30 | B32: ='plan de data'!B32 -> 45800 | C32: 114 | D32: 115 | E32: 113 | F32: 113 | G32: 113 | H32: 115 | I32: 114 | J32: 115 | K32: 115 | L32: 115 | M32: 115 | N32: 115 | O32: 116 | P32: 117 | Q32: 116 | R32: 116 | S32: 117 | T32: 117 | Y32: 1062630742 | Z32: =IF(Y32="","-",VLOOKUP(Y32,'CERT. COR'!$A$4:$E$2200,3,0)) -> 45764 | AA32: =IF(Y32="","-",VLOOKUP(Y32,'CERT. COR'!$A$4:$E$2200,2,0)) -> 82245 | AC32: =IF(AB32="","-",VLOOKUP(AB32,'CERT. COR'!$A$4:$E$2200,3,0)) -> - | AD32: =IF(AB32="","-",VLOOKUP(AB32,'CERT. COR'!$A$4:$E$2200,2,0)) -> - | AE32: =IF(Y32="","-",VLOOKUP(Y32,'CERT. COR'!$A$4:$E$2200,5,0)) -> 99.8 | AF32: =IF(Y32="","-",VLOOKUP(Y32,'CERT. COR'!$A$4:$E$2200,4,0)) -> 200.5 | AG32: =IF(AB32="","-",VLOOKUP(AB32,'CERT. COR'!$A$4:$E$2200,5,0)) -> - | AH32: =IF(AB32="","-",VLOOKUP(AB32,'CERT. COR'!$A$4:$E$2200,4,0)) -> - | AI32: =IF(T32="","PN","PF") -> PF | AJ32: =IF(AI32="PN",SUM(C32:R32),0) -> 0 | AK32: =IF(AI32="PF",SUM(C32:T32),0) -> 2071
A33: ='plan de data'!A33 -> 31 | B33: ='plan de data'!B33 -> 45806 | C33: 348 | D33: 349 | E33: 345 | F33: 344 | G33: 349 | H33: 350 | I33: 343 | J33: 343 | K33: 345 | L33: 345 | M33: 345 | N33: 346 | O33: 348 | P33: 350 | Q33: 347 | R33: 346 | Y33: 1062153482 | Z33: =IF(Y33="","-",VLOOKUP(Y33,'CERT. COR'!$A$4:$E$2200,3,0)) -> 45716 | AA33: =IF(Y33="","-",VLOOKUP(Y33,'CERT. COR'!$A$4:$E$2200,2,0)) -> 81795 | AC33: =IF(AB33="","-",VLOOKUP(AB33,'CERT. COR'!$A$4:$E$2200,3,0)) -> - | AD33: =IF(AB33="","-",VLOOKUP(AB33,'CERT. COR'!$A$4:$E$2200,2,0)) -> - | AE33: =IF(Y33="","-",VLOOKUP(Y33,'CERT. COR'!$A$4:$E$2200,5,0)) -> 99.7 | AF33: =IF(Y33="","-",VLOOKUP(Y33,'CERT. COR'!$A$4:$E$2200,4,0)) -> 198.7 | AG33: =IF(AB33="","-",VLOOKUP(AB33,'CERT. COR'!$A$4:$E$2200,5,0)) -> - | AH33: =IF(AB33="","-",VLOOKUP(AB33,'CERT. COR'!$A$4:$E$2200,4,0)) -> - | AI33: =IF(T33="","PN","PF") -> PN | AJ33: =IF(AI33="PN",SUM(C33:R33),0) -> 5543 | AK33: =IF(AI33="PF",SUM(C33:T33),0) -> 0
A34: ='plan de data'!A34 -> 32 | B34: ='plan de data'!B34 -> 45812 | C34: 352 | D34: 345 | E34: 344 | F34: 344 | G34: 344 | H34: 346 | I34: 344 | J34: 340 | K34: 346 | L34: 344 | M34: 343 | N34: 344 | O34: 350 | P34: 347 | Q34: 346 | R34: 345 | Y34: 1062153482 | Z34: =IF(Y34="","-",VLOOKUP(Y34,'CERT. COR'!$A$4:$E$2200,3,0)) -> 45716 | AA34: =IF(Y34="","-",VLOOKUP(Y34,'CERT. COR'!$A$4:$E$2200,2,0)) -> 81795 | AC34: =IF(AB34="","-",VLOOKUP(AB34,'CERT. COR'!$A$4:$E$2200,3,0)) -> - | AD34: =IF(AB34="","-",VLOOKUP(AB34,'CERT. COR'!$A$4:$E$2200,2,0)) -> - | AE34: =IF(Y34="","-",VLOOKUP(Y34,'CERT. COR'!$A$4:$E$2200,5,0)) -> 99.7 | AF34: =IF(Y34="","-",VLOOKUP(Y34,'CERT. COR'!$A$4:$E$2200,4,0)) -> 198.7 | AG34: =IF(AB34="","-",VLOOKUP(AB34,'CERT. COR'!$A$4:$E$2200,5,0)) -> - | AH34: =IF(AB34="","-",VLOOKUP(AB34,'CERT. COR'!$A$4:$E$2200,4,0)) -> - | AI34: =IF(T34="","PN","PF") -> PN | AJ34: =IF(AI34="PN",SUM(C34:R34),0) -> 5524 | AK34: =IF(AI34="PF",SUM(C34:T34),0) -> 0
A35: ='plan de data'!A35 -> 33 | B35: ='plan de data'!B35 -> 45814 | C35: 116 | D35: 117 | E35: 115 | F35: 114 | G35: 115 | H35: 114 | I35: 116 | J35: 116 | K35: 116 | L35: 115 | M35: 115 | N35: 115 | O35: 116 | P35: 117 | Q35: 115 | R35: 116 | S35: 117 | T35: 117 | Y35: 1062630742 | Z35: =IF(Y35="","-",VLOOKUP(Y35,'CERT. COR'!$A$4:$E$2200,3,0)) -> 45764 | AA35: =IF(Y35="","-",VLOOKUP(Y35,'CERT. COR'!$A$4:$E$2200,2,0)) -> 82245 | AC35: =IF(AB35="","-",VLOOKUP(AB35,'CERT. COR'!$A$4:$E$2200,3,0)) -> - | AD35: =IF(AB35="","-",VLOOKUP(AB35,'CERT. COR'!$A$4:$E$2200,2,0)) -> - | AE35: =IF(Y35="","-",VLOOKUP(Y35,'CERT. COR'!$A$4:$E$2200,5,0)) -> 99.8 | AF35: =IF(Y35="","-",VLOOKUP(Y35,'CERT. COR'!$A$4:$E$2200,4,0)) -> 200.5 | AG35: =IF(AB35="","-",VLOOKUP(AB35,'CERT. COR'!$A$4:$E$2200,5,0)) -> - | AH35: =IF(AB35="","-",VLOOKUP(AB35,'CERT. COR'!$A$4:$E$2200,4,0)) -> - | AI35: =IF(T35="","PN","PF") -> PF | AJ35: =IF(AI35="PN",SUM(C35:R35),0) -> 0 | AK35: =IF(AI35="PF",SUM(C35:T35),0) -> 2082
A36: ='plan de data'!A36 -> 34 | B36: ='plan de data'!B36 -> 45818 | C36: 345 | D36: 341 | E36: 342 | F36: 341 | G36: 344 | H36: 343 | I36: 339 | J36: 341 | K36: 342 | L36: 342 | M36: 342 | N36: 341 | O36: 343 | P36: 344 | Q36: 343 | R36: 344 | Y36: 1062153482 | Z36: =IF(Y36="","-",VLOOKUP(Y36,'CERT. COR'!$A$4:$E$2200,3,0)) -> 45716 | AA36: =IF(Y36="","-",VLOOKUP(Y36,'CERT. COR'!$A$4:$E$2200,2,0)) -> 81795 | AC36: =IF(AB36="","-",VLOOKUP(AB36,'CERT. COR'!$A$4:$E$2200,3,0)) -> - | AD36: =IF(AB36="","-",VLOOKUP(AB36,'CERT. COR'!$A$4:$E$2200,2,0)) -> - | AE36: =IF(Y36="","-",VLOOKUP(Y36,'CERT. COR'!$A$4:$E$2200,5,0)) -> 99.7 | AF36: =IF(Y36="","-",VLOOKUP(Y36,'CERT. COR'!$A$4:$E$2200,4,0)) -> 198.7 | AG36: =IF(AB36="","-",VLOOKUP(AB36,'CERT. COR'!$A$4:$E$2200,5,0)) -> - | AH36: =IF(AB36="","-",VLOOKUP(AB36,'CERT. COR'!$A$4:$E$2200,4,0)) -> - | AI36: =IF(T36="","PN","PF") -> PN | AJ36: =IF(AI36="PN",SUM(C36:R36),0) -> 5477 | AK36: =IF(AI36="PF",SUM(C36:T36),0) -> 0
A37: ='plan de data'!A37 -> 35 | B37: ='plan de data'!B37 -> 45822 | C37: 342 | D37: 341 | E37: 344 | F37: 345 | G37: 341 | H37: 346 | I37: 343 | J37: 344 | K37: 345 | L37: 345 | M37: 346 | N37: 344 | O37: 347 | P37: 350 | Q37: 348 | R37: 347 | Y37: 1062153482 | Z37: =IF(Y37="","-",VLOOKUP(Y37,'CERT. COR'!$A$4:$E$2200,3,0)) -> 45716 | AA37: =IF(Y37="","-",VLOOKUP(Y37,'CERT. COR'!$A$4:$E$2200,2,0)) -> 81795 | AB37: 1062266407 | AC37: =IF(AB37="","-",VLOOKUP(AB37,'CERT. COR'!$A$4:$E$2200,3,0)) -> 45716 | AD37: =IF(AB37="","-",VLOOKUP(AB37,'CERT. COR'!$A$4:$E$2200,2,0)) -> 81795 | AE37: =IF(Y37="","-",VLOOKUP(Y37,'CERT. COR'!$A$4:$E$2200,5,0)) -> 99.7 | AF37: =IF(Y37="","-",VLOOKUP(Y37,'CERT. COR'!$A$4:$E$2200,4,0)) -> 198.7 | AG37: =IF(AB37="","-",VLOOKUP(AB37,'CERT. COR'!$A$4:$E$2200,5,0)) -> 100 | AH37: =IF(AB37="","-",VLOOKUP(AB37,'CERT. COR'!$A$4:$E$2200,4,0)) -> 201.5 | AI37: =IF(T37="","PN","PF") -> PN | AJ37: =IF(AI37="PN",SUM(C37:R37),0) -> 5518 | AK37: =IF(AI37="PF",SUM(C37:T37),0) -> 0
A38: ='plan de data'!A38 -> 36 | B38: ='plan de data'!B38 -> 45825 | C38: 117 | D38: 115 | E38: 115 | F38: 114 | G38: 115 | H38: 114 | I38: 115 | J38: 115 | K38: 115 | L38: 116 | M38: 116 | N38: 116 | O38: 117 | P38: 117 | Q38: 117 | R38: 116 | S38: 117 | T38: 118 | Y38: 1062266407 | Z38: =IF(Y38="","-",VLOOKUP(Y38,'CERT. COR'!$A$4:$E$2200,3,0)) -> 45716 | AA38: =IF(Y38="","-",VLOOKUP(Y38,'CERT. COR'!$A$4:$E$2200,2,0)) -> 81795 | AC38: =IF(AB38="","-",VLOOKUP(AB38,'CERT. COR'!$A$4:$E$2200,3,0)) -> - | AD38: =IF(AB38="","-",VLOOKUP(AB38,'CERT. COR'!$A$4:$E$2200,2,0)) -> - | AE38: =IF(Y38="","-",VLOOKUP(Y38,'CERT. COR'!$A$4:$E$2200,5,0)) -> 100 | AF38: =IF(Y38="","-",VLOOKUP(Y38,'CERT. COR'!$A$4:$E$2200,4,0)) -> 201.5 | AG38: =IF(AB38="","-",VLOOKUP(AB38,'CERT. COR'!$A$4:$E$2200,5,0)) -> - | AH38: =IF(AB38="","-",VLOOKUP(AB38,'CERT. COR'!$A$4:$E$2200,4,0)) -> - | AI38: =IF(T38="","PN","PF") -> PF | AJ38: =IF(AI38="PN",SUM(C38:R38),0) -> 0 | AK38: =IF(AI38="PF",SUM(C38:T38),0) -> 2085
A39: ='plan de data'!A39 -> 37 | B39: ='plan de data'!B39 -> 45827 | C39: 348 | D39: 347 | E39: 345 | F39: 345 | G39: 345 | H39: 345 | I39: 346 | J39: 345 | K39: 346 | L39: 344 | M39: 344 | N39: 344 | O39: 345 | P39: 344 | Q39: 346 | R39: 345 | Y39: 1062266407 | Z39: =IF(Y39="","-",VLOOKUP(Y39,'CERT. COR'!$A$4:$E$2200,3,0)) -> 45716 | AA39: =IF(Y39="","-",VLOOKUP(Y39,'CERT. COR'!$A$4:$E$2200,2,0)) -> 81795 | AC39: =IF(AB39="","-",VLOOKUP(AB39,'CERT. COR'!$A$4:$E$2200,3,0)) -> - | AD39: =IF(AB39="","-",VLOOKUP(AB39,'CERT. COR'!$A$4:$E$2200,2,0)) -> - | AE39: =IF(Y39="","-",VLOOKUP(Y39,'CERT. COR'!$A$4:$E$2200,5,0)) -> 100 | AF39: =IF(Y39="","-",VLOOKUP(Y39,'CERT. COR'!$A$4:$E$2200,4,0)) -> 201.5 | AG39: =IF(AB39="","-",VLOOKUP(AB39,'CERT. COR'!$A$4:$E$2200,5,0)) -> - | AH39: =IF(AB39="","-",VLOOKUP(AB39,'CERT. COR'!$A$4:$E$2200,4,0)) -> - | AI39: =IF(T39="","PN","PF") -> PN | AJ39: =IF(AI39="PN",SUM(C39:R39),0) -> 5524 | AK39: =IF(AI39="PF",SUM(C39:T39),0) -> 0
A40: ='plan de data'!A40 -> 38 | B40: ='plan de data'!B40 -> 45833 | C40: 350 | D40: 345 | E40: 344 | F40: 343 | G40: 345 | H40: 346 | I40: 345 | J40: 345 | K40: 345 | L40: 345 | M40: 347 | N40: 344 | O40: 348 | P40: 345 | Q40: 348 | R40: 348 | Y40: 1062266407 | Z40: =IF(Y40="","-",VLOOKUP(Y40,'CERT. COR'!$A$4:$E$2200,3,0)) -> 45716 | AA40: =IF(Y40="","-",VLOOKUP(Y40,'CERT. COR'!$A$4:$E$2200,2,0)) -> 81795 | AC40: =IF(AB40="","-",VLOOKUP(AB40,'CERT. COR'!$A$4:$E$2200,3,0)) -> - | AD40: =IF(AB40="","-",VLOOKUP(AB40,'CERT. COR'!$A$4:$E$2200,2,0)) -> - | AE40: =IF(Y40="","-",VLOOKUP(Y40,'CERT. COR'!$A$4:$E$2200,5,0)) -> 100 | AF40: =IF(Y40="","-",VLOOKUP(Y40,'CERT. COR'!$A$4:$E$2200,4,0)) -> 201.5 | AG40: =IF(AB40="","-",VLOOKUP(AB40,'CERT. COR'!$A$4:$E$2200,5,0)) -> - | AH40: =IF(AB40="","-",VLOOKUP(AB40,'CERT. COR'!$A$4:$E$2200,4,0)) -> - | AI40: =IF(T40="","PN","PF") -> PN | AJ40: =IF(AI40="PN",SUM(C40:R40),0) -> 5533 | AK40: =IF(AI40="PF",SUM(C40:T40),0) -> 0
A41: ='plan de data'!A41 -> 39 | B41: ='plan de data'!B41 -> 45836 | C41: 120 | D41: 117 | E41: 115 | F41: 115 | G41: 115 | H41: 114 | I41: 115 | J41: 115 | K41: 116 | L41: 115 | M41: 117 | N41: 118 | O41: 116 | P41: 117 | Q41: 117 | R41: 118 | S41: 118 | T41: 119 | Y41: 1062266407 | Z41: =IF(Y41="","-",VLOOKUP(Y41,'CERT. COR'!$A$4:$E$2200,3,0)) -> 45716 | AA41: =IF(Y41="","-",VLOOKUP(Y41,'CERT. COR'!$A$4:$E$2200,2,0)) -> 81795 | AC41: =IF(AB41="","-",VLOOKUP(AB41,'CERT. COR'!$A$4:$E$2200,3,0)) -> - | AD41: =IF(AB41="","-",VLOOKUP(AB41,'CERT. COR'!$A$4:$E$2200,2,0)) -> - | AE41: =IF(Y41="","-",VLOOKUP(Y41,'CERT. COR'!$A$4:$E$2200,5,0)) -> 100 | AF41: =IF(Y41="","-",VLOOKUP(Y41,'CERT. COR'!$A$4:$E$2200,4,0)) -> 201.5 | AG41: =IF(AB41="","-",VLOOKUP(AB41,'CERT. COR'!$A$4:$E$2200,5,0)) -> - | AH41: =IF(AB41="","-",VLOOKUP(AB41,'CERT. COR'!$A$4:$E$2200,4,0)) -> - | AI41: =IF(T41="","PN","PF") -> PF | AJ41: =IF(AI41="PN",SUM(C41:R41),0) -> 0 | AK41: =IF(AI41="PF",SUM(C41:T41),0) -> 2097
A42: ='plan de data'!A42 -> 40 | B42: ='plan de data'!B42 -> 45839 | C42: 113 | D42: 114 | E42: 114 | F42: 114 | G42: 118 | H42: 118 | I42: 115 | J42: 115 | K42: 115 | L42: 116 | M42: 119 | N42: 119 | O42: 117 | P42: 116 | Q42: 119 | R42: 120 | S42: 119 | T42: 119 | Y42: 1062266407 | Z42: =IF(Y42="","-",VLOOKUP(Y42,'CERT. COR'!$A$4:$E$2200,3,0)) -> 45716 | AA42: =IF(Y42="","-",VLOOKUP(Y42,'CERT. COR'!$A$4:$E$2200,2,0)) -> 81795 | AC42: =IF(AB42="","-",VLOOKUP(AB42,'CERT. COR'!$A$4:$E$2200,3,0)) -> - | AD42: =IF(AB42="","-",VLOOKUP(AB42,'CERT. COR'!$A$4:$E$2200,2,0)) -> - | AE42: =IF(Y42="","-",VLOOKUP(Y42,'CERT. COR'!$A$4:$E$2200,5,0)) -> 100 | AF42: =IF(Y42="","-",VLOOKUP(Y42,'CERT. COR'!$A$4:$E$2200,4,0)) -> 201.5 | AG42: =IF(AB42="","-",VLOOKUP(AB42,'CERT. COR'!$A$4:$E$2200,5,0)) -> - | AH42: =IF(AB42="","-",VLOOKUP(AB42,'CERT. COR'!$A$4:$E$2200,4,0)) -> - | AI42: =IF(T42="","PN","PF") -> PF | AJ42: =IF(AI42="PN",SUM(C42:R42),0) -> 0 | AK42: =IF(AI42="PF",SUM(C42:T42),0) -> 2100
A43: ='plan de data'!A43 -> 41 | B43: ='plan de data'!B43 -> 45842 | C43: 359 | D43: 353 | E43: 351 | F43: 351 | G43: 357 | H43: 354 | I43: 352 | J43: 353 | K43: 351 | L43: 352 | M43: 352 | N43: 356 | O43: 355 | P43: 355 | Q43: 352 | R43: 354 | Y43: 1062072197 | Z43: =IF(Y43="","-",VLOOKUP(Y43,'CERT. COR'!$A$4:$E$2200,3,0)) -> 45737 | AA43: =IF(Y43="","-",VLOOKUP(Y43,'CERT. COR'!$A$4:$E$2200,2,0)) -> 81985 | AC43: =IF(AB43="","-",VLOOKUP(AB43,'CERT. COR'!$A$4:$E$2200,3,0)) -> - | AD43: =IF(AB43="","-",VLOOKUP(AB43,'CERT. COR'!$A$4:$E$2200,2,0)) -> - | AE43: =IF(Y43="","-",VLOOKUP(Y43,'CERT. COR'!$A$4:$E$2200,5,0)) -> 100 | AF43: =IF(Y43="","-",VLOOKUP(Y43,'CERT. COR'!$A$4:$E$2200,4,0)) -> 197.1 | AG43: =IF(AB43="","-",VLOOKUP(AB43,'CERT. COR'!$A$4:$E$2200,5,0)) -> - | AH43: =IF(AB43="","-",VLOOKUP(AB43,'CERT. COR'!$A$4:$E$2200,4,0)) -> - | AI43: =IF(T43="","PN","PF") -> PN | AJ43: =IF(AI43="PN",SUM(C43:R43),0) -> 5657 | AK43: =IF(AI43="PF",SUM(C43:T43),0) -> 0
A44: ='plan de data'!A44 -> 42 | B44: ='plan de data'!B44 -> 45848 | C44: 356 | D44: 350 | E44: 351 | F44: 349 | G44: 352 | H44: 352 | I44: 351 | J44: 350 | K44: 351 | L44: 352 | M44: 350 | N44: 350 | O44: 351 | P44: 352 | Q44: 353 | R44: 350 | Y44: 1062072197 | Z44: =IF(Y44="","-",VLOOKUP(Y44,'CERT. COR'!$A$4:$E$2200,3,0)) -> 45737 | AA44: =IF(Y44="","-",VLOOKUP(Y44,'CERT. COR'!$A$4:$E$2200,2,0)) -> 81985 | AC44: =IF(AB44="","-",VLOOKUP(AB44,'CERT. COR'!$A$4:$E$2200,3,0)) -> - | AD44: =IF(AB44="","-",VLOOKUP(AB44,'CERT. COR'!$A$4:$E$2200,2,0)) -> - | AE44: =IF(Y44="","-",VLOOKUP(Y44,'CERT. COR'!$A$4:$E$2200,5,0)) -> 100 | AF44: =IF(Y44="","-",VLOOKUP(Y44,'CERT. COR'!$A$4:$E$2200,4,0)) -> 197.1 | AG44: =IF(AB44="","-",VLOOKUP(AB44,'CERT. COR'!$A$4:$E$2200,5,0)) -> - | AH44: =IF(AB44="","-",VLOOKUP(AB44,'CERT. COR'!$A$4:$E$2200,4,0)) -> - | AI44: =IF(T44="","PN","PF") -> PN | AJ44: =IF(AI44="PN",SUM(C44:R44),0) -> 5620 | AK44: =IF(AI44="PF",SUM(C44:T44),0) -> 0
A45: ='plan de data'!A45 -> 43 | B45: ='plan de data'!B45 -> 45850 | C45: 345 | D45: 347 | E45: 349 | F45: 349 | G45: 349 | H45: 351 | I45: 345 | J45: 345 | K45: 351 | L45: 352 | M45: 345 | N45: 345 | O45: 348 | P45: 349 | Q45: 352 | R45: 350 | Y45: 1062072197 | Z45: =IF(Y45="","-",VLOOKUP(Y45,'CERT. COR'!$A$4:$E$2200,3,0)) -> 45737 | AA45: =IF(Y45="","-",VLOOKUP(Y45,'CERT. COR'!$A$4:$E$2200,2,0)) -> 81985 | AC45: =IF(AB45="","-",VLOOKUP(AB45,'CERT. COR'!$A$4:$E$2200,3,0)) -> - | AD45: =IF(AB45="","-",VLOOKUP(AB45,'CERT. COR'!$A$4:$E$2200,2,0)) -> - | AE45: =IF(Y45="","-",VLOOKUP(Y45,'CERT. COR'!$A$4:$E$2200,5,0)) -> 100 | AF45: =IF(Y45="","-",VLOOKUP(Y45,'CERT. COR'!$A$4:$E$2200,4,0)) -> 197.1 | AG45: =IF(AB45="","-",VLOOKUP(AB45,'CERT. COR'!$A$4:$E$2200,5,0)) -> - | AH45: =IF(AB45="","-",VLOOKUP(AB45,'CERT. COR'!$A$4:$E$2200,4,0)) -> - | AI45: =IF(T45="","PN","PF") -> PN | AJ45: =IF(AI45="PN",SUM(C45:R45),0) -> 5572 | AK45: =IF(AI45="PF",SUM(C45:T45),0) -> 0
A46: ='plan de data'!A46 -> 44 | B46: ='plan de data'!B46 -> 45853 | C46: 353 | D46: 343 | E46: 343 | F46: 349 | G46: 350 | H46: 343 | I46: 343 | J46: 352 | K46: 344 | L46: 351 | M46: 342 | N46: 352 | O46: 351 | P46: 343 | Q46: 344 | R46: 352 | Y46: 1062072197 | Z46: =IF(Y46="","-",VLOOKUP(Y46,'CERT. COR'!$A$4:$E$2200,3,0)) -> 45737 | AA46: =IF(Y46="","-",VLOOKUP(Y46,'CERT. COR'!$A$4:$E$2200,2,0)) -> 81985 | AB46: 1062393027 | AC46: =IF(AB46="","-",VLOOKUP(AB46,'CERT. COR'!$A$4:$E$2200,3,0)) -> 45737 | AD46: =IF(AB46="","-",VLOOKUP(AB46,'CERT. COR'!$A$4:$E$2200,2,0)) -> 81985 | AE46: =IF(Y46="","-",VLOOKUP(Y46,'CERT. COR'!$A$4:$E$2200,5,0)) -> 100 | AF46: =IF(Y46="","-",VLOOKUP(Y46,'CERT. COR'!$A$4:$E$2200,4,0)) -> 197.1 | AG46: =IF(AB46="","-",VLOOKUP(AB46,'CERT. COR'!$A$4:$E$2200,5,0)) -> 99.5 | AH46: =IF(AB46="","-",VLOOKUP(AB46,'CERT. COR'!$A$4:$E$2200,4,0)) -> 201.7 | AI46: =IF(T46="","PN","PF") -> PN | AJ46: =IF(AI46="PN",SUM(C46:R46),0) -> 5555 | AK46: =IF(AI46="PF",SUM(C46:T46),0) -> 0
A47: ='plan de data'!A47 -> 45 | B47: ='plan de data'!B47 -> 45854 | C47: 353 | D47: 354 | E47: 348 | F47: 348 | G47: 353 | H47: 351 | I47: 344 | J47: 348 | K47: 348 | L47: 348 | M47: 350 | N47: 349 | O47: 352 | P47: 350 | Q47: 350 | R47: 349 | Y47: 1062592775 | Z47: =IF(Y47="","-",VLOOKUP(Y47,'CERT. COR'!$A$4:$E$2200,3,0)) -> 45764 | AA47: =IF(Y47="","-",VLOOKUP(Y47,'CERT. COR'!$A$4:$E$2200,2,0)) -> 82245 | AC47: =IF(AB47="","-",VLOOKUP(AB47,'CERT. COR'!$A$4:$E$2200,3,0)) -> - | AD47: =IF(AB47="","-",VLOOKUP(AB47,'CERT. COR'!$A$4:$E$2200,2,0)) -> - | AE47: =IF(Y47="","-",VLOOKUP(Y47,'CERT. COR'!$A$4:$E$2200,5,0)) -> 99.9 | AF47: =IF(Y47="","-",VLOOKUP(Y47,'CERT. COR'!$A$4:$E$2200,4,0)) -> 201.3 | AG47: =IF(AB47="","-",VLOOKUP(AB47,'CERT. COR'!$A$4:$E$2200,5,0)) -> - | AH47: =IF(AB47="","-",VLOOKUP(AB47,'CERT. COR'!$A$4:$E$2200,4,0)) -> - | AI47: =IF(T47="","PN","PF") -> PN | AJ47: =IF(AI47="PN",SUM(C47:R47),0) -> 5595 | AK47: =IF(AI47="PF",SUM(C47:T47),0) -> 0
A48: ='plan de data'!A48 -> 46 | B48: ='plan de data'!B48 -> 45855 | C48: 350 | D48: 346 | E48: 348 | F48: 348 | G48: 348 | H48: 347 | I48: 347 | J48: 347 | K48: 346 | L48: 348 | M48: 348 | N48: 345 | O48: 348 | P48: 348 | Q48: 351 | R48: 349 | Y48: 1062393027 | Z48: =IF(Y48="","-",VLOOKUP(Y48,'CERT. COR'!$A$4:$E$2200,3,0)) -> 45737 | AA48: =IF(Y48="","-",VLOOKUP(Y48,'CERT. COR'!$A$4:$E$2200,2,0)) -> 81985 | AC48: =IF(AB48="","-",VLOOKUP(AB48,'CERT. COR'!$A$4:$E$2200,3,0)) -> - | AD48: =IF(AB48="","-",VLOOKUP(AB48,'CERT. COR'!$A$4:$E$2200,2,0)) -> - | AE48: =IF(Y48="","-",VLOOKUP(Y48,'CERT. COR'!$A$4:$E$2200,5,0)) -> 99.5 | AF48: =IF(Y48="","-",VLOOKUP(Y48,'CERT. COR'!$A$4:$E$2200,4,0)) -> 201.7 | AG48: =IF(AB48="","-",VLOOKUP(AB48,'CERT. COR'!$A$4:$E$2200,5,0)) -> - | AH48: =IF(AB48="","-",VLOOKUP(AB48,'CERT. COR'!$A$4:$E$2200,4,0)) -> - | AI48: =IF(T48="","PN","PF") -> PN | AJ48: =IF(AI48="PN",SUM(C48:R48),0) -> 5564 | AK48: =IF(AI48="PF",SUM(C48:T48),0) -> 0
A49: ='plan de data'!A49 -> 47 | B49: ='plan de data'!B49 -> 45856 | C49: 355 | D49: 348 | E49: 347 | F49: 347 | G49: 355 | H49: 349 | I49: 348 | J49: 348 | K49: 349 | L49: 347 | M49: 347 | N49: 348 | O49: 354 | P49: 347 | Q49: 348 | R49: 347 | Y49: 1062592775 | Z49: =IF(Y49="","-",VLOOKUP(Y49,'CERT. COR'!$A$4:$E$2200,3,0)) -> 45764 | AA49: =IF(Y49="","-",VLOOKUP(Y49,'CERT. COR'!$A$4:$E$2200,2,0)) -> 82245 | AC49: =IF(AB49="","-",VLOOKUP(AB49,'CERT. COR'!$A$4:$E$2200,3,0)) -> - | AD49: =IF(AB49="","-",VLOOKUP(AB49,'CERT. COR'!$A$4:$E$2200,2,0)) -> - | AE49: =IF(Y49="","-",VLOOKUP(Y49,'CERT. COR'!$A$4:$E$2200,5,0)) -> 99.9 | AF49: =IF(Y49="","-",VLOOKUP(Y49,'CERT. COR'!$A$4:$E$2200,4,0)) -> 201.3 | AG49: =IF(AB49="","-",VLOOKUP(AB49,'CERT. COR'!$A$4:$E$2200,5,0)) -> - | AH49: =IF(AB49="","-",VLOOKUP(AB49,'CERT. COR'!$A$4:$E$2200,4,0)) -> - | AI49: =IF(T49="","PN","PF") -> PN | AJ49: =IF(AI49="PN",SUM(C49:R49),0) -> 5584 | AK49: =IF(AI49="PF",SUM(C49:T49),0) -> 0
A50: ='plan de data'!A50 -> 48 | B50: ='plan de data'!B50 -> 45857 | C50: 346 | D50: 344 | E50: 347 | F50: 345 | G50: 345 | H50: 345 | I50: 348 | J50: 348 | K50: 349 | L50: 348 | M50: 349 | N50: 349 | O50: 347 | P50: 345 | Q50: 352 | R50: 351 | Y50: 1062393027 | Z50: =IF(Y50="","-",VLOOKUP(Y50,'CERT. COR'!$A$4:$E$2200,3,0)) -> 45737 | AA50: =IF(Y50="","-",VLOOKUP(Y50,'CERT. COR'!$A$4:$E$2200,2,0)) -> 81985 | AC50: =IF(AB50="","-",VLOOKUP(AB50,'CERT. COR'!$A$4:$E$2200,3,0)) -> - | AD50: =IF(AB50="","-",VLOOKUP(AB50,'CERT. COR'!$A$4:$E$2200,2,0)) -> - | AE50: =IF(Y50="","-",VLOOKUP(Y50,'CERT. COR'!$A$4:$E$2200,5,0)) -> 99.5 | AF50: =IF(Y50="","-",VLOOKUP(Y50,'CERT. COR'!$A$4:$E$2200,4,0)) -> 201.7 | AG50: =IF(AB50="","-",VLOOKUP(AB50,'CERT. COR'!$A$4:$E$2200,5,0)) -> - | AH50: =IF(AB50="","-",VLOOKUP(AB50,'CERT. COR'!$A$4:$E$2200,4,0)) -> - | AI50: =IF(T50="","PN","PF") -> PN | AJ50: =IF(AI50="PN",SUM(C50:R50),0) -> 5558 | AK50: =IF(AI50="PF",SUM(C50:T50),0) -> 0
A51: ='plan de data'!A51 -> 49 | B51: ='plan de data'!B51 -> 45859 | C51: 115 | D51: 115 | E51: 117 | F51: 116 | G51: 118 | H51: 117 | I51: 117 | J51: 117 | K51: 117 | L51: 116 | M51: 115 | N51: 119 | O51: 118 | P51: 118 | Q51: 115 | R51: 115 | S51: 119 | T51: 115 | Y51: 1062592775 | Z51: =IF(Y51="","-",VLOOKUP(Y51,'CERT. COR'!$A$4:$E$2200,3,0)) -> 45764 | AA51: =IF(Y51="","-",VLOOKUP(Y51,'CERT. COR'!$A$4:$E$2200,2,0)) -> 82245 | AC51: =IF(AB51="","-",VLOOKUP(AB51,'CERT. COR'!$A$4:$E$2200,3,0)) -> - | AD51: =IF(AB51="","-",VLOOKUP(AB51,'CERT. COR'!$A$4:$E$2200,2,0)) -> - | AE51: =IF(Y51="","-",VLOOKUP(Y51,'CERT. COR'!$A$4:$E$2200,5,0)) -> 99.9 | AF51: =IF(Y51="","-",VLOOKUP(Y51,'CERT. COR'!$A$4:$E$2200,4,0)) -> 201.3 | AG51: =IF(AB51="","-",VLOOKUP(AB51,'CERT. COR'!$A$4:$E$2200,5,0)) -> - | AH51: =IF(AB51="","-",VLOOKUP(AB51,'CERT. COR'!$A$4:$E$2200,4,0)) -> - | AI51: =IF(T51="","PN","PF") -> PF | AJ51: =IF(AI51="PN",SUM(C51:R51),0) -> 0 | AK51: =IF(AI51="PF",SUM(C51:T51),0) -> 2099
A52: ='plan de data'!A52 -> 50 | B52: ='plan de data'!B52 -> 45859 | C52: 348 | D52: 347 | E52: 345 | F52: 347 | G52: 348 | H52: 351 | I52: 347 | J52: 347 | K52: 347 | L52: 348 | M52: 346 | N52: 346 | O52: 351 | P52: 350 | Q52: 347 | R52: 348 | Y52: 1062592775 | Z52: =IF(Y52="","-",VLOOKUP(Y52,'CERT. COR'!$A$4:$E$2200,3,0)) -> 45764 | AA52: =IF(Y52="","-",VLOOKUP(Y52,'CERT. COR'!$A$4:$E$2200,2,0)) -> 82245 | AC52: =IF(AB52="","-",VLOOKUP(AB52,'CERT. COR'!$A$4:$E$2200,3,0)) -> - | AD52: =IF(AB52="","-",VLOOKUP(AB52,'CERT. COR'!$A$4:$E$2200,2,0)) -> - | AE52: =IF(Y52="","-",VLOOKUP(Y52,'CERT. COR'!$A$4:$E$2200,5,0)) -> 99.9 | AF52: =IF(Y52="","-",VLOOKUP(Y52,'CERT. COR'!$A$4:$E$2200,4,0)) -> 201.3 | AG52: =IF(AB52="","-",VLOOKUP(AB52,'CERT. COR'!$A$4:$E$2200,5,0)) -> - | AH52: =IF(AB52="","-",VLOOKUP(AB52,'CERT. COR'!$A$4:$E$2200,4,0)) -> - | AI52: =IF(T52="","PN","PF") -> PN | AJ52: =IF(AI52="PN",SUM(C52:R52),0) -> 5563 | AK52: =IF(AI52="PF",SUM(C52:T52),0) -> 0
A53: ='plan de data'!A53 -> 51 | B53: ='plan de data'!B53 -> 45861 | C53: 346 | D53: 347 | E53: 346 | F53: 343 | G53: 348 | H53: 347 | I53: 345 | J53: 346 | K53: 347 | L53: 346 | M53: 346 | N53: 345 | O53: 350 | P53: 348 | Q53: 347 | R53: 346 | Y53: 1062592775 | Z53: =IF(Y53="","-",VLOOKUP(Y53,'CERT. COR'!$A$4:$E$2200,3,0)) -> 45764 | AA53: =IF(Y53="","-",VLOOKUP(Y53,'CERT. COR'!$A$4:$E$2200,2,0)) -> 82245 | AC53: =IF(AB53="","-",VLOOKUP(AB53,'CERT. COR'!$A$4:$E$2200,3,0)) -> - | AD53: =IF(AB53="","-",VLOOKUP(AB53,'CERT. COR'!$A$4:$E$2200,2,0)) -> - | AE53: =IF(Y53="","-",VLOOKUP(Y53,'CERT. COR'!$A$4:$E$2200,5,0)) -> 99.9 | AF53: =IF(Y53="","-",VLOOKUP(Y53,'CERT. COR'!$A$4:$E$2200,4,0)) -> 201.3 | AG53: =IF(AB53="","-",VLOOKUP(AB53,'CERT. COR'!$A$4:$E$2200,5,0)) -> - | AH53: =IF(AB53="","-",VLOOKUP(AB53,'CERT. COR'!$A$4:$E$2200,4,0)) -> - | AI53: =IF(T53="","PN","PF") -> PN | AJ53: =IF(AI53="PN",SUM(C53:R53),0) -> 5543 | AK53: =IF(AI53="PF",SUM(C53:T53),0) -> 0
A54: ='plan de data'!A54 -> 52 | B54: ='plan de data'!B54 -> 45862 | C54: 339 | D54: 337 | E54: 341 | F54: 340 | G54: 339 | H54: 344 | I54: 342 | J54: 342 | K54: 343 | L54: 345 | M54: 345 | N54: 348 | O54: 339 | P54: 340 | Q54: 345 | R54: 346 | Y54: 1062592775 | Z54: =IF(Y54="","-",VLOOKUP(Y54,'CERT. COR'!$A$4:$E$2200,3,0)) -> 45764 | AA54: =IF(Y54="","-",VLOOKUP(Y54,'CERT. COR'!$A$4:$E$2200,2,0)) -> 82245 | AB54: 1063047150 | AC54: =IF(AB54="","-",VLOOKUP(AB54,'CERT. COR'!$A$4:$E$2200,3,0)) -> 45859 | AD54: =IF(AB54="","-",VLOOKUP(AB54,'CERT. COR'!$A$4:$E$2200,2,0)) -> 82938 | AE54: =IF(Y54="","-",VLOOKUP(Y54,'CERT. COR'!$A$4:$E$2200,5,0)) -> 99.9 | AF54: =IF(Y54="","-",VLOOKUP(Y54,'CERT. COR'!$A$4:$E$2200,4,0)) -> 201.3 | AG54: =IF(AB54="","-",VLOOKUP(AB54,'CERT. COR'!$A$4:$E$2200,5,0)) -> 100 | AH54: =IF(AB54="","-",VLOOKUP(AB54,'CERT. COR'!$A$4:$E$2200,4,0)) -> 197.9 | AI54: =IF(T54="","PN","PF") -> PN | AJ54: =IF(AI54="PN",SUM(C54:R54),0) -> 5475 | AK54: =IF(AI54="PF",SUM(C54:T54),0) -> 0
A55: ='plan de data'!A55 -> 53 | B55: ='plan de data'!B55 -> 45863 | C55: 349 | D55: 346 | E55: 349 | F55: 349 | G55: 350 | H55: 349 | I55: 347 | J55: 349 | K55: 349 | L55: 348 | M55: 348 | N55: 348 | O55: 348 | P55: 348 | Q55: 350 | R55: 350 | Y55: 1062253639 | Z55: =IF(Y55="","-",VLOOKUP(Y55,'CERT. COR'!$A$4:$E$2200,3,0)) -> 45730 | AA55: =IF(Y55="","-",VLOOKUP(Y55,'CERT. COR'!$A$4:$E$2200,2,0)) -> 81911 | AC55: =IF(AB55="","-",VLOOKUP(AB55,'CERT. COR'!$A$4:$E$2200,3,0)) -> - | AD55: =IF(AB55="","-",VLOOKUP(AB55,'CERT. COR'!$A$4:$E$2200,2,0)) -> - | AE55: =IF(Y55="","-",VLOOKUP(Y55,'CERT. COR'!$A$4:$E$2200,5,0)) -> 100 | AF55: =IF(Y55="","-",VLOOKUP(Y55,'CERT. COR'!$A$4:$E$2200,4,0)) -> 201.5 | AG55: =IF(AB55="","-",VLOOKUP(AB55,'CERT. COR'!$A$4:$E$2200,5,0)) -> - | AH55: =IF(AB55="","-",VLOOKUP(AB55,'CERT. COR'!$A$4:$E$2200,4,0)) -> - | AI55: =IF(T55="","PN","PF") -> PN | AJ55: =IF(AI55="PN",SUM(C55:R55),0) -> 5577 | AK55: =IF(AI55="PF",SUM(C55:T55),0) -> 0
A56: ='plan de data'!A56 -> 54 | B56: ='plan de data'!B56 -> 45864 | C56: 339 | D56: 339 | E56: 341 | F56: 340 | G56: 338 | H56: 338 | I56: 342 | J56: 340 | K56: 342 | L56: 342 | M56: 343 | N56: 343 | O56: 340 | P56: 340 | Q56: 345 | R56: 345 | Y56: 1063047150 | Z56: =IF(Y56="","-",VLOOKUP(Y56,'CERT. COR'!$A$4:$E$2200,3,0)) -> 45859 | AA56: =IF(Y56="","-",VLOOKUP(Y56,'CERT. COR'!$A$4:$E$2200,2,0)) -> 82938 | AC56: =IF(AB56="","-",VLOOKUP(AB56,'CERT. COR'!$A$4:$E$2200,3,0)) -> - | AD56: =IF(AB56="","-",VLOOKUP(AB56,'CERT. COR'!$A$4:$E$2200,2,0)) -> - | AE56: =IF(Y56="","-",VLOOKUP(Y56,'CERT. COR'!$A$4:$E$2200,5,0)) -> 100 | AF56: =IF(Y56="","-",VLOOKUP(Y56,'CERT. COR'!$A$4:$E$2200,4,0)) -> 197.9 | AG56: =IF(AB56="","-",VLOOKUP(AB56,'CERT. COR'!$A$4:$E$2200,5,0)) -> - | AH56: =IF(AB56="","-",VLOOKUP(AB56,'CERT. COR'!$A$4:$E$2200,4,0)) -> - | AI56: =IF(T56="","PN","PF") -> PN | AJ56: =IF(AI56="PN",SUM(C56:R56),0) -> 5457 | AK56: =IF(AI56="PF",SUM(C56:T56),0) -> 0
A57: ='plan de data'!A57 -> 55 | B57: ='plan de data'!B57 -> 45867 | C57: 352 | D57: 348 | E57: 347 | F57: 346 | G57: 350 | H57: 348 | I57: 347 | J57: 347 | K57: 347 | L57: 347 | M57: 347 | N57: 348 | O57: 350 | P57: 350 | Q57: 348 | R57: 349 | Y57: 1062253639 | Z57: =IF(Y57="","-",VLOOKUP(Y57,'CERT. COR'!$A$4:$E$2200,3,0)) -> 45730 | AA57: =IF(Y57="","-",VLOOKUP(Y57,'CERT. COR'!$A$4:$E$2200,2,0)) -> 81911 | AB57: 1062279615 | AC57: =IF(AB57="","-",VLOOKUP(AB57,'CERT. COR'!$A$4:$E$2200,3,0)) -> 45730 | AD57: =IF(AB57="","-",VLOOKUP(AB57,'CERT. COR'!$A$4:$E$2200,2,0)) -> 81902 | AE57: =IF(Y57="","-",VLOOKUP(Y57,'CERT. COR'!$A$4:$E$2200,5,0)) -> 100 | AF57: =IF(Y57="","-",VLOOKUP(Y57,'CERT. COR'!$A$4:$E$2200,4,0)) -> 201.5 | AG57: =IF(AB57="","-",VLOOKUP(AB57,'CERT. COR'!$A$4:$E$2200,5,0)) -> 99.9 | AH57: =IF(AB57="","-",VLOOKUP(AB57,'CERT. COR'!$A$4:$E$2200,4,0)) -> 200.9 | AI57: =IF(T57="","PN","PF") -> PN | AJ57: =IF(AI57="PN",SUM(C57:R57),0) -> 5571 | AK57: =IF(AI57="PF",SUM(C57:T57),0) -> 0
A58: ='plan de data'!A58 -> 56 | B58: ='plan de data'!B58 -> 45868 | C58: 341 | D58: 340 | E58: 340 | F58: 340 | G58: 338 | H58: 340 | I58: 340 | J58: 340 | K58: 342 | L58: 342 | M58: 342 | N58: 340 | O58: 340 | P58: 338 | Q58: 343 | R58: 342 | Y58: 1063047150 | Z58: =IF(Y58="","-",VLOOKUP(Y58,'CERT. COR'!$A$4:$E$2200,3,0)) -> 45859 | AA58: =IF(Y58="","-",VLOOKUP(Y58,'CERT. COR'!$A$4:$E$2200,2,0)) -> 82938 | AC58: =IF(AB58="","-",VLOOKUP(AB58,'CERT. COR'!$A$4:$E$2200,3,0)) -> - | AD58: =IF(AB58="","-",VLOOKUP(AB58,'CERT. COR'!$A$4:$E$2200,2,0)) -> - | AE58: =IF(Y58="","-",VLOOKUP(Y58,'CERT. COR'!$A$4:$E$2200,5,0)) -> 100 | AF58: =IF(Y58="","-",VLOOKUP(Y58,'CERT. COR'!$A$4:$E$2200,4,0)) -> 197.9 | AG58: =IF(AB58="","-",VLOOKUP(AB58,'CERT. COR'!$A$4:$E$2200,5,0)) -> - | AH58: =IF(AB58="","-",VLOOKUP(AB58,'CERT. COR'!$A$4:$E$2200,4,0)) -> - | AI58: =IF(T58="","PN","PF") -> PN | AJ58: =IF(AI58="PN",SUM(C58:R58),0) -> 5448 | AK58: =IF(AI58="PF",SUM(C58:T58),0) -> 0
A59: ='plan de data'!A59 -> 57 | B59: ='plan de data'!B59 -> 45870 | C59: 347 | D59: 347 | E59: 345 | F59: 345 | G59: 348 | H59: 345 | I59: 345 | J59: 345 | K59: 346 | L59: 345 | M59: 346 | N59: 345 | O59: 349 | P59: 348 | Q59: 346 | R59: 347 | Y59: 1062279615 | Z59: =IF(Y59="","-",VLOOKUP(Y59,'CERT. COR'!$A$4:$E$2200,3,0)) -> 45730 | AA59: =IF(Y59="","-",VLOOKUP(Y59,'CERT. COR'!$A$4:$E$2200,2,0)) -> 81902 | AC59: =IF(AB59="","-",VLOOKUP(AB59,'CERT. COR'!$A$4:$E$2200,3,0)) -> - | AD59: =IF(AB59="","-",VLOOKUP(AB59,'CERT. COR'!$A$4:$E$2200,2,0)) -> - | AE59: =IF(Y59="","-",VLOOKUP(Y59,'CERT. COR'!$A$4:$E$2200,5,0)) -> 99.9 | AF59: =IF(Y59="","-",VLOOKUP(Y59,'CERT. COR'!$A$4:$E$2200,4,0)) -> 200.9 | AG59: =IF(AB59="","-",VLOOKUP(AB59,'CERT. COR'!$A$4:$E$2200,5,0)) -> - | AH59: =IF(AB59="","-",VLOOKUP(AB59,'CERT. COR'!$A$4:$E$2200,4,0)) -> - | AI59: =IF(T59="","PN","PF") -> PN | AJ59: =IF(AI59="PN",SUM(C59:R59),0) -> 5539 | AK59: =IF(AI59="PF",SUM(C59:T59),0) -> 0
A60: ='plan de data'!A60 -> 58 | B60: ='plan de data'!B60 -> 45871 | C60: 345 | D60: 350 | E60: 338 | F60: 343 | G60: 335 | H60: 340 | I60: 339 | J60: 340 | K60: 340 | L60: 339 | M60: 340 | N60: 341 | O60: 337 | P60: 340 | Q60: 340 | R60: 342 | Y60: 1063047150 | Z60: =IF(Y60="","-",VLOOKUP(Y60,'CERT. COR'!$A$4:$E$2200,3,0)) -> 45859 | AA60: =IF(Y60="","-",VLOOKUP(Y60,'CERT. COR'!$A$4:$E$2200,2,0)) -> 82938 | AC60: =IF(AB60="","-",VLOOKUP(AB60,'CERT. COR'!$A$4:$E$2200,3,0)) -> - | AD60: =IF(AB60="","-",VLOOKUP(AB60,'CERT. COR'!$A$4:$E$2200,2,0)) -> - | AE60: =IF(Y60="","-",VLOOKUP(Y60,'CERT. COR'!$A$4:$E$2200,5,0)) -> 100 | AF60: =IF(Y60="","-",VLOOKUP(Y60,'CERT. COR'!$A$4:$E$2200,4,0)) -> 197.9 | AG60: =IF(AB60="","-",VLOOKUP(AB60,'CERT. COR'!$A$4:$E$2200,5,0)) -> - | AH60: =IF(AB60="","-",VLOOKUP(AB60,'CERT. COR'!$A$4:$E$2200,4,0)) -> - | AI60: =IF(T60="","PN","PF") -> PN | AJ60: =IF(AI60="PN",SUM(C60:R60),0) -> 5449 | AK60: =IF(AI60="PF",SUM(C60:T60),0) -> 0
A61: ='plan de data'!A61 -> 59 | B61: ='plan de data'!B61 -> 45873 | C61: 349 | D61: 345 | E61: 345 | F61: 344 | G61: 345 | H61: 345 | I61: 345 | J61: 345 | K61: 345 | L61: 345 | M61: 344 | N61: 345 | O61: 345 | P61: 345 | Q61: 347 | R61: 347 | Y61: 1062279615 | Z61: =IF(Y61="","-",VLOOKUP(Y61,'CERT. COR'!$A$4:$E$2200,3,0)) -> 45730 | AA61: =IF(Y61="","-",VLOOKUP(Y61,'CERT. COR'!$A$4:$E$2200,2,0)) -> 81902 | AC61: =IF(AB61="","-",VLOOKUP(AB61,'CERT. COR'!$A$4:$E$2200,3,0)) -> - | AD61: =IF(AB61="","-",VLOOKUP(AB61,'CERT. COR'!$A$4:$E$2200,2,0)) -> - | AE61: =IF(Y61="","-",VLOOKUP(Y61,'CERT. COR'!$A$4:$E$2200,5,0)) -> 99.9 | AF61: =IF(Y61="","-",VLOOKUP(Y61,'CERT. COR'!$A$4:$E$2200,4,0)) -> 200.9 | AG61: =IF(AB61="","-",VLOOKUP(AB61,'CERT. COR'!$A$4:$E$2200,5,0)) -> - | AH61: =IF(AB61="","-",VLOOKUP(AB61,'CERT. COR'!$A$4:$E$2200,4,0)) -> - | AI61: =IF(T61="","PN","PF") -> PN | AJ61: =IF(AI61="PN",SUM(C61:R61),0) -> 5526 | AK61: =IF(AI61="PF",SUM(C61:T61),0) -> 0
A62: ='plan de data'!A62 -> 60 | B62: ='plan de data'!B62 -> 45874 | C62: 350 | D62: 350 | E62: 340 | F62: 345 | G62: 345 | H62: 345 | I62: 343 | J62: 342 | K62: 345 | L62: 343 | M62: 344 | N62: 344 | O62: 345 | P62: 345 | Q62: 346 | R62: 345 | Y62: 1063047223 | Z62: =IF(Y62="","-",VLOOKUP(Y62,'CERT. COR'!$A$4:$E$2200,3,0)) -> 45859 | AA62: =IF(Y62="","-",VLOOKUP(Y62,'CERT. COR'!$A$4:$E$2200,2,0)) -> 82938 | AC62: =IF(AB62="","-",VLOOKUP(AB62,'CERT. COR'!$A$4:$E$2200,3,0)) -> - | AD62: =IF(AB62="","-",VLOOKUP(AB62,'CERT. COR'!$A$4:$E$2200,2,0)) -> - | AE62: =IF(Y62="","-",VLOOKUP(Y62,'CERT. COR'!$A$4:$E$2200,5,0)) -> 99.9 | AF62: =IF(Y62="","-",VLOOKUP(Y62,'CERT. COR'!$A$4:$E$2200,4,0)) -> 202 | AG62: =IF(AB62="","-",VLOOKUP(AB62,'CERT. COR'!$A$4:$E$2200,5,0)) -> - | AH62: =IF(AB62="","-",VLOOKUP(AB62,'CERT. COR'!$A$4:$E$2200,4,0)) -> - | AI62: =IF(T62="","PN","PF") -> PN | AJ62: =IF(AI62="PN",SUM(C62:R62),0) -> 5517 | AK62: =IF(AI62="PF",SUM(C62:T62),0) -> 0
A63: ='plan de data'!A63 -> 61 | B63: ='plan de data'!B63 -> 45876 | C63: 341 | D63: 340 | E63: 342 | F63: 342 | G63: 344 | H63: 345 | I63: 341 | J63: 343 | K63: 340 | L63: 343 | M63: 343 | N63: 343 | O63: 344 | P63: 343 | Q63: 345 | R63: 342 | Y63: 1062279615 | Z63: =IF(Y63="","-",VLOOKUP(Y63,'CERT. COR'!$A$4:$E$2200,3,0)) -> 45730 | AA63: =IF(Y63="","-",VLOOKUP(Y63,'CERT. COR'!$A$4:$E$2200,2,0)) -> 81902 | AB63: 1063047223 | AC63: =IF(AB63="","-",VLOOKUP(AB63,'CERT. COR'!$A$4:$E$2200,3,0)) -> 45859 | AD63: =IF(AB63="","-",VLOOKUP(AB63,'CERT. COR'!$A$4:$E$2200,2,0)) -> 82938 | AE63: =IF(Y63="","-",VLOOKUP(Y63,'CERT. COR'!$A$4:$E$2200,5,0)) -> 99.9 | AF63: =IF(Y63="","-",VLOOKUP(Y63,'CERT. COR'!$A$4:$E$2200,4,0)) -> 200.9 | AG63: =IF(AB63="","-",VLOOKUP(AB63,'CERT. COR'!$A$4:$E$2200,5,0)) -> 99.9 | AH63: =IF(AB63="","-",VLOOKUP(AB63,'CERT. COR'!$A$4:$E$2200,4,0)) -> 202 | AI63: =IF(T63="","PN","PF") -> PN | AJ63: =IF(AI63="PN",SUM(C63:R63),0) -> 5481 | AK63: =IF(AI63="PF",SUM(C63:T63),0) -> 0
A64: ='plan de data'!A64 -> 62 | B64: ='plan de data'!B64 -> 45877 | C64: 342 | D64: 340 | E64: 340 | F64: 342 | G64: 345 | H64: 339 | I64: 340 | J64: 342 | K64: 343 | L64: 341 | M64: 343 | N64: 343 | O64: 343 | P64: 342 | Q64: 343 | R64: 343 | Y64: 1063047223 | Z64: =IF(Y64="","-",VLOOKUP(Y64,'CERT. COR'!$A$4:$E$2200,3,0)) -> 45859 | AA64: =IF(Y64="","-",VLOOKUP(Y64,'CERT. COR'!$A$4:$E$2200,2,0)) -> 82938 | AC64: =IF(AB64="","-",VLOOKUP(AB64,'CERT. COR'!$A$4:$E$2200,3,0)) -> - | AD64: =IF(AB64="","-",VLOOKUP(AB64,'CERT. COR'!$A$4:$E$2200,2,0)) -> - | AE64: =IF(Y64="","-",VLOOKUP(Y64,'CERT. COR'!$A$4:$E$2200,5,0)) -> 99.9 | AF64: =IF(Y64="","-",VLOOKUP(Y64,'CERT. COR'!$A$4:$E$2200,4,0)) -> 202 | AG64: =IF(AB64="","-",VLOOKUP(AB64,'CERT. COR'!$A$4:$E$2200,5,0)) -> - | AH64: =IF(AB64="","-",VLOOKUP(AB64,'CERT. COR'!$A$4:$E$2200,4,0)) -> - | AI64: =IF(T64="","PN","PF") -> PN | AJ64: =IF(AI64="PN",SUM(C64:R64),0) -> 5471 | AK64: =IF(AI64="PF",SUM(C64:T64),0) -> 0
A65: ='plan de data'!A65 -> 63 | B65: ='plan de data'!B65 -> 45878 | C65: 344 | D65: 344 | E65: 348 | F65: 348 | G65: 348 | H65: 348 | I65: 349 | J65: 350 | K65: 349 | L65: 349 | M65: 349 | N65: 348 | O65: 349 | P65: 347 | Q65: 351 | R65: 351 | Y65: 1062789754 | Z65: =IF(Y65="","-",VLOOKUP(Y65,'CERT. COR'!$A$4:$E$2200,3,0)) -> 45873 | AA65: =IF(Y65="","-",VLOOKUP(Y65,'CERT. COR'!$A$4:$E$2200,2,0)) -> 83027 | AC65: =IF(AB65="","-",VLOOKUP(AB65,'CERT. COR'!$A$4:$E$2200,3,0)) -> - | AD65: =IF(AB65="","-",VLOOKUP(AB65,'CERT. COR'!$A$4:$E$2200,2,0)) -> - | AE65: =IF(Y65="","-",VLOOKUP(Y65,'CERT. COR'!$A$4:$E$2200,5,0)) -> 99.9 | AF65: =IF(Y65="","-",VLOOKUP(Y65,'CERT. COR'!$A$4:$E$2200,4,0)) -> 194 | AG65: =IF(AB65="","-",VLOOKUP(AB65,'CERT. COR'!$A$4:$E$2200,5,0)) -> - | AH65: =IF(AB65="","-",VLOOKUP(AB65,'CERT. COR'!$A$4:$E$2200,4,0)) -> - | AI65: =IF(T65="","PN","PF") -> PN | AJ65: =IF(AI65="PN",SUM(C65:R65),0) -> 5572 | AK65: =IF(AI65="PF",SUM(C65:T65),0) -> 0
A66: ='plan de data'!A66 -> 64 | B66: ='plan de data'!B66 -> 45881 | C66: 114 | D66: 112 | E66: 113 | F66: 119 | G66: 117 | H66: 119 | I66: 115 | J66: 114 | K66: 116 | L66: 115 | M66: 118 | N66: 119 | O66: 117 | P66: 117 | Q66: 118 | R66: 119 | S66: 119 | T66: 118 | Y66: 1063047223 | Z66: =IF(Y66="","-",VLOOKUP(Y66,'CERT. COR'!$A$4:$E$2200,3,0)) -> 45859 | AA66: =IF(Y66="","-",VLOOKUP(Y66,'CERT. COR'!$A$4:$E$2200,2,0)) -> 82938 | AC66: =IF(AB66="","-",VLOOKUP(AB66,'CERT. COR'!$A$4:$E$2200,3,0)) -> - | AD66: =IF(AB66="","-",VLOOKUP(AB66,'CERT. COR'!$A$4:$E$2200,2,0)) -> - | AE66: =IF(Y66="","-",VLOOKUP(Y66,'CERT. COR'!$A$4:$E$2200,5,0)) -> 99.9 | AF66: =IF(Y66="","-",VLOOKUP(Y66,'CERT. COR'!$A$4:$E$2200,4,0)) -> 202 | AG66: =IF(AB66="","-",VLOOKUP(AB66,'CERT. COR'!$A$4:$E$2200,5,0)) -> - | AH66: =IF(AB66="","-",VLOOKUP(AB66,'CERT. COR'!$A$4:$E$2200,4,0)) -> - | AI66: =IF(T66="","PN","PF") -> PF | AJ66: =IF(AI66="PN",SUM(C66:R66),0) -> 0 | AK66: =IF(AI66="PF",SUM(C66:T66),0) -> 2099
A67: ='plan de data'!A67 -> 65 | B67: ='plan de data'!B67 -> 45881 | C67: 341 | D67: 342 | E67: 340 | F67: 342 | G67: 340 | H67: 342 | I67: 340 | J67: 341 | K67: 342 | L67: 341 | M67: 341 | N67: 342 | O67: 344 | P67: 343 | Q67: 341 | R67: 342 | Y67: 1063047223 | Z67: =IF(Y67="","-",VLOOKUP(Y67,'CERT. COR'!$A$4:$E$2200,3,0)) -> 45859 | AA67: =IF(Y67="","-",VLOOKUP(Y67,'CERT. COR'!$A$4:$E$2200,2,0)) -> 82938 | AC67: =IF(AB67="","-",VLOOKUP(AB67,'CERT. COR'!$A$4:$E$2200,3,0)) -> - | AD67: =IF(AB67="","-",VLOOKUP(AB67,'CERT. COR'!$A$4:$E$2200,2,0)) -> - | AE67: =IF(Y67="","-",VLOOKUP(Y67,'CERT. COR'!$A$4:$E$2200,5,0)) -> 99.9 | AF67: =IF(Y67="","-",VLOOKUP(Y67,'CERT. COR'!$A$4:$E$2200,4,0)) -> 202 | AG67: =IF(AB67="","-",VLOOKUP(AB67,'CERT. COR'!$A$4:$E$2200,5,0)) -> - | AH67: =IF(AB67="","-",VLOOKUP(AB67,'CERT. COR'!$A$4:$E$2200,4,0)) -> - | AI67: =IF(T67="","PN","PF") -> PN | AJ67: =IF(AI67="PN",SUM(C67:R67),0) -> 5464 | AK67: =IF(AI67="PF",SUM(C67:T67),0) -> 0
A68: ='plan de data'!A68 -> 66 | B68: ='plan de data'!B68 -> 45883 | C68: 346 | D68: 348 | E68: 347 | F68: 340 | G68: 347 | H68: 347 | I68: 348 | J68: 342 | K68: 346 | L68: 346 | M68: 348 | N68: 346 | O68: 348 | P68: 348 | Q68: 351 | R68: 342 | Y68: 1062789754 | Z68: =IF(Y68="","-",VLOOKUP(Y68,'CERT. COR'!$A$4:$E$2200,3,0)) -> 45873 | AA68: =IF(Y68="","-",VLOOKUP(Y68,'CERT. COR'!$A$4:$E$2200,2,0)) -> 83027 | AC68: =IF(AB68="","-",VLOOKUP(AB68,'CERT. COR'!$A$4:$E$2200,3,0)) -> - | AD68: =IF(AB68="","-",VLOOKUP(AB68,'CERT. COR'!$A$4:$E$2200,2,0)) -> - | AE68: =IF(Y68="","-",VLOOKUP(Y68,'CERT. COR'!$A$4:$E$2200,5,0)) -> 99.9 | AF68: =IF(Y68="","-",VLOOKUP(Y68,'CERT. COR'!$A$4:$E$2200,4,0)) -> 194 | AG68: =IF(AB68="","-",VLOOKUP(AB68,'CERT. COR'!$A$4:$E$2200,5,0)) -> - | AH68: =IF(AB68="","-",VLOOKUP(AB68,'CERT. COR'!$A$4:$E$2200,4,0)) -> - | AI68: =IF(T68="","PN","PF") -> PN | AJ68: =IF(AI68="PN",SUM(C68:R68),0) -> 5540 | AK68: =IF(AI68="PF",SUM(C68:T68),0) -> 0
A69: ='plan de data'!A69 -> 67 | B69: ='plan de data'!B69 -> 45884 | C69: 347 | D69: 339 | E69: 351 | F69: 348 | G69: 353 | H69: 344 | I69: 350 | J69: 349 | K69: 345 | L69: 345 | M69: 351 | N69: 350 | O69: 353 | P69: 349 | Q69: 345 | R69: 351 | Y69: 1063047223 | Z69: =IF(Y69="","-",VLOOKUP(Y69,'CERT. COR'!$A$4:$E$2200,3,0)) -> 45859 | AA69: =IF(Y69="","-",VLOOKUP(Y69,'CERT. COR'!$A$4:$E$2200,2,0)) -> 82938 | AC69: =IF(AB69="","-",VLOOKUP(AB69,'CERT. COR'!$A$4:$E$2200,3,0)) -> - | AD69: =IF(AB69="","-",VLOOKUP(AB69,'CERT. COR'!$A$4:$E$2200,2,0)) -> - | AE69: =IF(Y69="","-",VLOOKUP(Y69,'CERT. COR'!$A$4:$E$2200,5,0)) -> 99.9 | AF69: =IF(Y69="","-",VLOOKUP(Y69,'CERT. COR'!$A$4:$E$2200,4,0)) -> 202 | AG69: =IF(AB69="","-",VLOOKUP(AB69,'CERT. COR'!$A$4:$E$2200,5,0)) -> - | AH69: =IF(AB69="","-",VLOOKUP(AB69,'CERT. COR'!$A$4:$E$2200,4,0)) -> - | AI69: =IF(T69="","PN","PF") -> PN | AJ69: =IF(AI69="PN",SUM(C69:R69),0) -> 5570 | AK69: =IF(AI69="PF",SUM(C69:T69),0) -> 0
A70: ='plan de data'!A70 -> 68 | B70: ='plan de data'!B70 -> 45885 | C70: 351 | D70: 345 | E70: 348 | F70: 345 | G70: 350 | H70: 345 | I70: 346 | J70: 345 | K70: 345 | L70: 345 | M70: 345 | N70: 345 | O70: 348 | P70: 354 | Q70: 355 | R70: 354 | Y70: 1062149086 | Z70: =IF(Y70="","-",VLOOKUP(Y70,'CERT. COR'!$A$4:$E$2200,3,0)) -> 45730 | AA70: =IF(Y70="","-",VLOOKUP(Y70,'CERT. COR'!$A$4:$E$2200,2,0)) -> 81902 | AC70: =IF(AB70="","-",VLOOKUP(AB70,'CERT. COR'!$A$4:$E$2200,3,0)) -> - | AD70: =IF(AB70="","-",VLOOKUP(AB70,'CERT. COR'!$A$4:$E$2200,2,0)) -> - | AE70: =IF(Y70="","-",VLOOKUP(Y70,'CERT. COR'!$A$4:$E$2200,5,0)) -> 99.7 | AF70: =IF(Y70="","-",VLOOKUP(Y70,'CERT. COR'!$A$4:$E$2200,4,0)) -> 197.9 | AG70: =IF(AB70="","-",VLOOKUP(AB70,'CERT. COR'!$A$4:$E$2200,5,0)) -> - | AH70: =IF(AB70="","-",VLOOKUP(AB70,'CERT. COR'!$A$4:$E$2200,4,0)) -> - | AI70: =IF(T70="","PN","PF") -> PN | AJ70: =IF(AI70="PN",SUM(C70:R70),0) -> 5566 | AK70: =IF(AI70="PF",SUM(C70:T70),0) -> 0
A71: ='plan de data'!A71 -> 69 | B71: ='plan de data'!B71 -> 45887 | C71: 115 | D71: 111 | E71: 115 | F71: 115 | G71: 115 | H71: 115 | I71: 116 | J71: 116 | K71: 117 | L71: 118 | M71: 117 | N71: 118 | O71: 119 | P71: 119 | Q71: 118 | R71: 118 | S71: 118 | T71: 118 | Y71: 1062149086 | Z71: =IF(Y71="","-",VLOOKUP(Y71,'CERT. COR'!$A$4:$E$2200,3,0)) -> 45730 | AA71: =IF(Y71="","-",VLOOKUP(Y71,'CERT. COR'!$A$4:$E$2200,2,0)) -> 81902 | AC71: =IF(AB71="","-",VLOOKUP(AB71,'CERT. COR'!$A$4:$E$2200,3,0)) -> - | AD71: =IF(AB71="","-",VLOOKUP(AB71,'CERT. COR'!$A$4:$E$2200,2,0)) -> - | AE71: =IF(Y71="","-",VLOOKUP(Y71,'CERT. COR'!$A$4:$E$2200,5,0)) -> 99.7 | AF71: =IF(Y71="","-",VLOOKUP(Y71,'CERT. COR'!$A$4:$E$2200,4,0)) -> 197.9 | AG71: =IF(AB71="","-",VLOOKUP(AB71,'CERT. COR'!$A$4:$E$2200,5,0)) -> - | AH71: =IF(AB71="","-",VLOOKUP(AB71,'CERT. COR'!$A$4:$E$2200,4,0)) -> - | AI71: =IF(T71="","PN","PF") -> PF | AJ71: =IF(AI71="PN",SUM(C71:R71),0) -> 0 | AK71: =IF(AI71="PF",SUM(C71:T71),0) -> 2098
A72: ='plan de data'!A72 -> 70 | B72: ='plan de data'!B72 -> 45888 | C72: 346 | D72: 350 | E72: 345 | F72: 343 | G72: 345 | H72: 342 | I72: 345 | J72: 343 | K72: 345 | L72: 345 | M72: 347 | N72: 347 | O72: 345 | P72: 345 | Q72: 348 | R72: 346 | Y72: 1062801588 | Z72: =IF(Y72="","-",VLOOKUP(Y72,'CERT. COR'!$A$4:$E$2200,3,0)) -> 45873 | AA72: =IF(Y72="","-",VLOOKUP(Y72,'CERT. COR'!$A$4:$E$2200,2,0)) -> 83025 | AC72: =IF(AB72="","-",VLOOKUP(AB72,'CERT. COR'!$A$4:$E$2200,3,0)) -> - | AD72: =IF(AB72="","-",VLOOKUP(AB72,'CERT. COR'!$A$4:$E$2200,2,0)) -> - | AE72: =IF(Y72="","-",VLOOKUP(Y72,'CERT. COR'!$A$4:$E$2200,5,0)) -> 100 | AF72: =IF(Y72="","-",VLOOKUP(Y72,'CERT. COR'!$A$4:$E$2200,4,0)) -> 194.4 | AG72: =IF(AB72="","-",VLOOKUP(AB72,'CERT. COR'!$A$4:$E$2200,5,0)) -> - | AH72: =IF(AB72="","-",VLOOKUP(AB72,'CERT. COR'!$A$4:$E$2200,4,0)) -> - | AI72: =IF(T72="","PN","PF") -> PN | AJ72: =IF(AI72="PN",SUM(C72:R72),0) -> 5527 | AK72: =IF(AI72="PF",SUM(C72:T72),0) -> 0
A73: ='plan de data'!A73 -> 71 | B73: ='plan de data'!B73 -> 45889 | C73: 353 | D73: 348 | E73: 345 | F73: 350 | G73: 349 | H73: 345 | I73: 350 | J73: 345 | K73: 349 | L73: 350 | M73: 349 | N73: 345 | O73: 351 | P73: 350 | Q73: 345 | R73: 345 | Y73: 1062149086 | Z73: =IF(Y73="","-",VLOOKUP(Y73,'CERT. COR'!$A$4:$E$2200,3,0)) -> 45730 | AA73: =IF(Y73="","-",VLOOKUP(Y73,'CERT. COR'!$A$4:$E$2200,2,0)) -> 81902 | AC73: =IF(AB73="","-",VLOOKUP(AB73,'CERT. COR'!$A$4:$E$2200,3,0)) -> - | AD73: =IF(AB73="","-",VLOOKUP(AB73,'CERT. COR'!$A$4:$E$2200,2,0)) -> - | AE73: =IF(Y73="","-",VLOOKUP(Y73,'CERT. COR'!$A$4:$E$2200,5,0)) -> 99.7 | AF73: =IF(Y73="","-",VLOOKUP(Y73,'CERT. COR'!$A$4:$E$2200,4,0)) -> 197.9 | AG73: =IF(AB73="","-",VLOOKUP(AB73,'CERT. COR'!$A$4:$E$2200,5,0)) -> - | AH73: =IF(AB73="","-",VLOOKUP(AB73,'CERT. COR'!$A$4:$E$2200,4,0)) -> - | AI73: =IF(T73="","PN","PF") -> PN | AJ73: =IF(AI73="PN",SUM(C73:R73),0) -> 5569 | AK73: =IF(AI73="PF",SUM(C73:T73),0) -> 0
A74: ='plan de data'!A74 -> 72 | B74: ='plan de data'!B74 -> 45891 | C74: 347 | D74: 346 | E74: 343 | F74: 345 | G74: 343 | H74: 343 | I74: 346 | J74: 348 | K74: 349 | L74: 348 | M74: 350 | N74: 348 | O74: 345 | P74: 345 | Q74: 350 | R74: 350 | Y74: 1062149086 | Z74: =IF(Y74="","-",VLOOKUP(Y74,'CERT. COR'!$A$4:$E$2200,3,0)) -> 45730 | AA74: =IF(Y74="","-",VLOOKUP(Y74,'CERT. COR'!$A$4:$E$2200,2,0)) -> 81902 | AC74: =IF(AB74="","-",VLOOKUP(AB74,'CERT. COR'!$A$4:$E$2200,3,0)) -> - | AD74: =IF(AB74="","-",VLOOKUP(AB74,'CERT. COR'!$A$4:$E$2200,2,0)) -> - | AE74: =IF(Y74="","-",VLOOKUP(Y74,'CERT. COR'!$A$4:$E$2200,5,0)) -> 99.7 | AF74: =IF(Y74="","-",VLOOKUP(Y74,'CERT. COR'!$A$4:$E$2200,4,0)) -> 197.9 | AG74: =IF(AB74="","-",VLOOKUP(AB74,'CERT. COR'!$A$4:$E$2200,5,0)) -> - | AH74: =IF(AB74="","-",VLOOKUP(AB74,'CERT. COR'!$A$4:$E$2200,4,0)) -> - | AI74: =IF(T74="","PN","PF") -> PN | AJ74: =IF(AI74="PN",SUM(C74:R74),0) -> 5546 | AK74: =IF(AI74="PF",SUM(C74:T74),0) -> 0
A75: ='plan de data'!A75 -> 73 | B75: ='plan de data'!B75 -> 45892 | C75: 355 | D75: 345 | E75: 349 | F75: 345 | G75: 345 | H75: 346 | I75: 330 | J75: 345 | K75: 350 | L75: 350 | M75: 351 | N75: 354 | O75: 348 | P75: 347 | Q75: 349 | R75: 352 | Y75: 1062437954 | Z75: =IF(Y75="","-",VLOOKUP(Y75,'CERT. COR'!$A$4:$E$2200,3,0)) -> 45737 | AA75: =IF(Y75="","-",VLOOKUP(Y75,'CERT. COR'!$A$4:$E$2200,2,0)) -> 81985 | AC75: =IF(AB75="","-",VLOOKUP(AB75,'CERT. COR'!$A$4:$E$2200,3,0)) -> - | AD75: =IF(AB75="","-",VLOOKUP(AB75,'CERT. COR'!$A$4:$E$2200,2,0)) -> - | AE75: =IF(Y75="","-",VLOOKUP(Y75,'CERT. COR'!$A$4:$E$2200,5,0)) -> 100 | AF75: =IF(Y75="","-",VLOOKUP(Y75,'CERT. COR'!$A$4:$E$2200,4,0)) -> 201.6 | AG75: =IF(AB75="","-",VLOOKUP(AB75,'CERT. COR'!$A$4:$E$2200,5,0)) -> - | AH75: =IF(AB75="","-",VLOOKUP(AB75,'CERT. COR'!$A$4:$E$2200,4,0)) -> - | AI75: =IF(T75="","PN","PF") -> PN | AJ75: =IF(AI75="PN",SUM(C75:R75),0) -> 5561 | AK75: =IF(AI75="PF",SUM(C75:T75),0) -> 0
A76: ='plan de data'!A76 -> 74 | B76: ='plan de data'!B76 -> 45894 | C76: 114 | D76: 116 | E76: 114 | F76: 114 | G76: 118 | H76: 118 | I76: 116 | J76: 116 | K76: 117 | L76: 117 | M76: 116 | N76: 116 | O76: 116 | P76: 118 | Q76: 119 | R76: 115 | S76: 119 | T76: 119 | Y76: 1062149086 | Z76: =IF(Y76="","-",VLOOKUP(Y76,'CERT. COR'!$A$4:$E$2200,3,0)) -> 45730 | AA76: =IF(Y76="","-",VLOOKUP(Y76,'CERT. COR'!$A$4:$E$2200,2,0)) -> 81902 | AC76: =IF(AB76="","-",VLOOKUP(AB76,'CERT. COR'!$A$4:$E$2200,3,0)) -> - | AD76: =IF(AB76="","-",VLOOKUP(AB76,'CERT. COR'!$A$4:$E$2200,2,0)) -> - | AE76: =IF(Y76="","-",VLOOKUP(Y76,'CERT. COR'!$A$4:$E$2200,5,0)) -> 99.7 | AF76: =IF(Y76="","-",VLOOKUP(Y76,'CERT. COR'!$A$4:$E$2200,4,0)) -> 197.9 | AG76: =IF(AB76="","-",VLOOKUP(AB76,'CERT. COR'!$A$4:$E$2200,5,0)) -> - | AH76: =IF(AB76="","-",VLOOKUP(AB76,'CERT. COR'!$A$4:$E$2200,4,0)) -> - | AI76: =IF(T76="","PN","PF") -> PF | AJ76: =IF(AI76="PN",SUM(C76:R76),0) -> 0 | AK76: =IF(AI76="PF",SUM(C76:T76),0) -> 2098
A77: ='plan de data'!A77 -> 75 | B77: ='plan de data'!B77 -> 45895 | C77: 345 | D77: 348 | E77: 345 | F77: 344 | G77: 345 | H77: 344 | I77: 343 | J77: 345 | K77: 345 | L77: 345 | M77: 345 | N77: 345 | O77: 347 | P77: 343 | Q77: 345 | R77: 345 | Y77: 1062870714 | Z77: =IF(Y77="","-",VLOOKUP(Y77,'CERT. COR'!$A$4:$E$2200,3,0)) -> 45873 | AA77: =IF(Y77="","-",VLOOKUP(Y77,'CERT. COR'!$A$4:$E$2200,2,0)) -> 83027 | AC77: =IF(AB77="","-",VLOOKUP(AB77,'CERT. COR'!$A$4:$E$2200,3,0)) -> - | AD77: =IF(AB77="","-",VLOOKUP(AB77,'CERT. COR'!$A$4:$E$2200,2,0)) -> - | AE77: =IF(Y77="","-",VLOOKUP(Y77,'CERT. COR'!$A$4:$E$2200,5,0)) -> 100 | AF77: =IF(Y77="","-",VLOOKUP(Y77,'CERT. COR'!$A$4:$E$2200,4,0)) -> 194.8 | AG77: =IF(AB77="","-",VLOOKUP(AB77,'CERT. COR'!$A$4:$E$2200,5,0)) -> - | AH77: =IF(AB77="","-",VLOOKUP(AB77,'CERT. COR'!$A$4:$E$2200,4,0)) -> - | AI77: =IF(T77="","PN","PF") -> PN | AJ77: =IF(AI77="PN",SUM(C77:R77),0) -> 5519 | AK77: =IF(AI77="PF",SUM(C77:T77),0) -> 0
A78: 76 | B78: ='plan de data'!B78 -> 45897 | C78: 345 | D78: 342 | E78: 343 | F78: 343 | G78: 343 | H78: 342 | I78: 345 | J78: 345 | K78: 345 | L78: 342 | M78: 343 | N78: 343 | O78: 344 | P78: 345 | Q78: 347 | R78: 347 | Y78: 1062437954 | Z78: =IF(Y78="","-",VLOOKUP(Y78,'CERT. COR'!$A$4:$E$2200,3,0)) -> 45737 | AA78: =IF(Y78="","-",VLOOKUP(Y78,'CERT. COR'!$A$4:$E$2200,2,0)) -> 81985 | AC78: =IF(AB78="","-",VLOOKUP(AB78,'CERT. COR'!$A$4:$E$2200,3,0)) -> - | AD78: =IF(AB78="","-",VLOOKUP(AB78,'CERT. COR'!$A$4:$E$2200,2,0)) -> - | AE78: =IF(Y78="","-",VLOOKUP(Y78,'CERT. COR'!$A$4:$E$2200,5,0)) -> 100 | AF78: =IF(Y78="","-",VLOOKUP(Y78,'CERT. COR'!$A$4:$E$2200,4,0)) -> 201.6 | AG78: =IF(AB78="","-",VLOOKUP(AB78,'CERT. COR'!$A$4:$E$2200,5,0)) -> - | AH78: =IF(AB78="","-",VLOOKUP(AB78,'CERT. COR'!$A$4:$E$2200,4,0)) -> - | AI78: =IF(T78="","PN","PF") -> PN | AJ78: =IF(AI78="PN",SUM(C78:R78),0) -> 5504 | AK78: =IF(AI78="PF",SUM(C78:T78),0) -> 0
A79: 77 | B79: ='plan de data'!B79 -> 45899 | C79: 341 | D79: 345 | E79: 344 | F79: 344 | G79: 342 | H79: 344 | I79: 345 | J79: 344 | K79: 345 | L79: 345 | M79: 345 | N79: 344 | O79: 345 | P79: 344 | Q79: 345 | R79: 346 | Y79: 1062870714 | Z79: =IF(Y79="","-",VLOOKUP(Y79,'CERT. COR'!$A$4:$E$2200,3,0)) -> 45873 | AA79: =IF(Y79="","-",VLOOKUP(Y79,'CERT. COR'!$A$4:$E$2200,2,0)) -> 83027 | AC79: =IF(AB79="","-",VLOOKUP(AB79,'CERT. COR'!$A$4:$E$2200,3,0)) -> - | AD79: =IF(AB79="","-",VLOOKUP(AB79,'CERT. COR'!$A$4:$E$2200,2,0)) -> - | AE79: =IF(Y79="","-",VLOOKUP(Y79,'CERT. COR'!$A$4:$E$2200,5,0)) -> 100 | AF79: =IF(Y79="","-",VLOOKUP(Y79,'CERT. COR'!$A$4:$E$2200,4,0)) -> 194.8 | AG79: =IF(AB79="","-",VLOOKUP(AB79,'CERT. COR'!$A$4:$E$2200,5,0)) -> - | AH79: =IF(AB79="","-",VLOOKUP(AB79,'CERT. COR'!$A$4:$E$2200,4,0)) -> - | AI79: =IF(T79="","PN","PF") -> PN | AJ79: =IF(AI79="PN",SUM(C79:R79),0) -> 5508 | AK79: =IF(AI79="PF",SUM(C79:T79),0) -> 0
A80: 78 | B80: ='plan de data'!B80 -> 45899 | C80: 345 | D80: 342 | E80: 344 | F80: 345 | G80: 343 | H80: 342 | I80: 345 | J80: 342 | K80: 345 | L80: 346 | M80: 346 | N80: 346 | O80: 344 | P80: 344 | Q80: 347 | R80: 345 | Y80: 1062437954 | Z80: =IF(Y80="","-",VLOOKUP(Y80,'CERT. COR'!$A$4:$E$2200,3,0)) -> 45737 | AA80: =IF(Y80="","-",VLOOKUP(Y80,'CERT. COR'!$A$4:$E$2200,2,0)) -> 81985 | AC80: =IF(AB80="","-",VLOOKUP(AB80,'CERT. COR'!$A$4:$E$2200,3,0)) -> - | AD80: =IF(AB80="","-",VLOOKUP(AB80,'CERT. COR'!$A$4:$E$2200,2,0)) -> - | AE80: =IF(Y80="","-",VLOOKUP(Y80,'CERT. COR'!$A$4:$E$2200,5,0)) -> 100 | AF80: =IF(Y80="","-",VLOOKUP(Y80,'CERT. COR'!$A$4:$E$2200,4,0)) -> 201.6 | AG80: =IF(AB80="","-",VLOOKUP(AB80,'CERT. COR'!$A$4:$E$2200,5,0)) -> - | AH80: =IF(AB80="","-",VLOOKUP(AB80,'CERT. COR'!$A$4:$E$2200,4,0)) -> - | AI80: =IF(T80="","PN","PF") -> PN | AJ80: =IF(AI80="PN",SUM(C80:R80),0) -> 5511 | AK80: =IF(AI80="PF",SUM(C80:T80),0) -> 0
A81: 79 | B81: ='plan de data'!B81 -> 45902 | C81: 112 | D81: 114 | E81: 113 | F81: 113 | G81: 116 | H81: 116 | I81: 114 | J81: 114 | K81: 115 | L81: 116 | M81: 119 | N81: 118 | O81: 115 | P81: 116 | Q81: 119 | R81: 119 | S81: 118 | T81: 120 | Y81: 1062437954 | Z81: =IF(Y81="","-",VLOOKUP(Y81,'CERT. COR'!$A$4:$E$2200,3,0)) -> 45737 | AA81: =IF(Y81="","-",VLOOKUP(Y81,'CERT. COR'!$A$4:$E$2200,2,0)) -> 81985 | AC81: =IF(AB81="","-",VLOOKUP(AB81,'CERT. COR'!$A$4:$E$2200,3,0)) -> - | AD81: =IF(AB81="","-",VLOOKUP(AB81,'CERT. COR'!$A$4:$E$2200,2,0)) -> - | AE81: =IF(Y81="","-",VLOOKUP(Y81,'CERT. COR'!$A$4:$E$2200,5,0)) -> 100 | AF81: =IF(Y81="","-",VLOOKUP(Y81,'CERT. COR'!$A$4:$E$2200,4,0)) -> 201.6 | AG81: =IF(AB81="","-",VLOOKUP(AB81,'CERT. COR'!$A$4:$E$2200,5,0)) -> - | AH81: =IF(AB81="","-",VLOOKUP(AB81,'CERT. COR'!$A$4:$E$2200,4,0)) -> - | AI81: =IF(T81="","PN","PF") -> PF | AJ81: =IF(AI81="PN",SUM(C81:R81),0) -> 0 | AK81: =IF(AI81="PF",SUM(C81:T81),0) -> 2087
A82: 80 | B82: ='plan de data'!B82 -> 45904 | C82: 346 | D82: 344 | E82: 343 | F82: 343 | G82: 346 | H82: 345 | I82: 340 | J82: 343 | K82: 343 | L82: 343 | M82: 344 | N82: 344 | O82: 346 | P82: 346 | Q82: 344 | R82: 344 | Y82: 1062870714 | Z82: =IF(Y82="","-",VLOOKUP(Y82,'CERT. COR'!$A$4:$E$2200,3,0)) -> 45873 | AA82: =IF(Y82="","-",VLOOKUP(Y82,'CERT. COR'!$A$4:$E$2200,2,0)) -> 83027 | AC82: =IF(AB82="","-",VLOOKUP(AB82,'CERT. COR'!$A$4:$E$2200,3,0)) -> - | AD82: =IF(AB82="","-",VLOOKUP(AB82,'CERT. COR'!$A$4:$E$2200,2,0)) -> - | AE82: =IF(Y82="","-",VLOOKUP(Y82,'CERT. COR'!$A$4:$E$2200,5,0)) -> 100 | AF82: =IF(Y82="","-",VLOOKUP(Y82,'CERT. COR'!$A$4:$E$2200,4,0)) -> 194.8 | AG82: =IF(AB82="","-",VLOOKUP(AB82,'CERT. COR'!$A$4:$E$2200,5,0)) -> - | AH82: =IF(AB82="","-",VLOOKUP(AB82,'CERT. COR'!$A$4:$E$2200,4,0)) -> - | AI82: =IF(T82="","PN","PF") -> PN | AJ82: =IF(AI82="PN",SUM(C82:R82),0) -> 5504 | AK82: =IF(AI82="PF",SUM(C82:T82),0) -> 0
A83: 81 | B83: ='plan de data'!B83 -> 45904 | C83: 116 | D83: 114 | E83: 114 | F83: 113 | G83: 116 | H83: 120 | I83: 115 | J83: 115 | K83: 115 | L83: 116 | M83: 118 | N83: 118 | O83: 117 | P83: 117 | Q83: 118 | R83: 118 | S83: 117 | T83: 118 | Y83: 1062149086 | Z83: =IF(Y83="","-",VLOOKUP(Y83,'CERT. COR'!$A$4:$E$2200,3,0)) -> 45730 | AA83: =IF(Y83="","-",VLOOKUP(Y83,'CERT. COR'!$A$4:$E$2200,2,0)) -> 81902 | AC83: =IF(AB83="","-",VLOOKUP(AB83,'CERT. COR'!$A$4:$E$2200,3,0)) -> - | AD83: =IF(AB83="","-",VLOOKUP(AB83,'CERT. COR'!$A$4:$E$2200,2,0)) -> - | AE83: =IF(Y83="","-",VLOOKUP(Y83,'CERT. COR'!$A$4:$E$2200,5,0)) -> 99.7 | AF83: =IF(Y83="","-",VLOOKUP(Y83,'CERT. COR'!$A$4:$E$2200,4,0)) -> 197.9 | AG83: =IF(AB83="","-",VLOOKUP(AB83,'CERT. COR'!$A$4:$E$2200,5,0)) -> - | AH83: =IF(AB83="","-",VLOOKUP(AB83,'CERT. COR'!$A$4:$E$2200,4,0)) -> - | AI83: =IF(T83="","PN","PF") -> PF | AJ83: =IF(AI83="PN",SUM(C83:R83),0) -> 0 | AK83: =IF(AI83="PF",SUM(C83:T83),0) -> 2095
A84: 82 | B84: ='plan de data'!B84 -> 45906 | C84: 347 | D84: 345 | E84: 344 | F84: 349 | G84: 350 | H84: 346 | I84: 345 | J84: 345 | K84: 347 | L84: 346 | M84: 348 | N84: 349 | O84: 348 | P84: 345 | Q84: 349 | R84: 346 | Y84: 1062636512 | Z84: =IF(Y84="","-",VLOOKUP(Y84,'CERT. COR'!$A$4:$E$2200,3,0)) -> 45873 | AA84: =IF(Y84="","-",VLOOKUP(Y84,'CERT. COR'!$A$4:$E$2200,2,0)) -> 83025 | AC84: =IF(AB84="","-",VLOOKUP(AB84,'CERT. COR'!$A$4:$E$2200,3,0)) -> - | AD84: =IF(AB84="","-",VLOOKUP(AB84,'CERT. COR'!$A$4:$E$2200,2,0)) -> - | AE84: =IF(Y84="","-",VLOOKUP(Y84,'CERT. COR'!$A$4:$E$2200,5,0)) -> 100 | AF84: =IF(Y84="","-",VLOOKUP(Y84,'CERT. COR'!$A$4:$E$2200,4,0)) -> 200.2 | AG84: =IF(AB84="","-",VLOOKUP(AB84,'CERT. COR'!$A$4:$E$2200,5,0)) -> - | AH84: =IF(AB84="","-",VLOOKUP(AB84,'CERT. COR'!$A$4:$E$2200,4,0)) -> - | AI84: =IF(T84="","PN","PF") -> PN | AJ84: =IF(AI84="PN",SUM(C84:R84),0) -> 5549 | AK84: =IF(AI84="PF",SUM(C84:T84),0) -> 0
A85: 83 | B85: ='plan de data'!B85 -> 45909 | C85: 113 | D85: 113 | E85: 112 | F85: 112 | G85: 115 | H85: 115 | I85: 114 | J85: 114 | K85: 114 | L85: 114 | M85: 116 | N85: 117 | O85: 116 | P85: 115 | Q85: 118 | R85: 118 | S85: 117 | T85: 117 | Y85: 1062149086 | Z85: =IF(Y85="","-",VLOOKUP(Y85,'CERT. COR'!$A$4:$E$2200,3,0)) -> 45730 | AA85: =IF(Y85="","-",VLOOKUP(Y85,'CERT. COR'!$A$4:$E$2200,2,0)) -> 81902 | AC85: =IF(AB85="","-",VLOOKUP(AB85,'CERT. COR'!$A$4:$E$2200,3,0)) -> - | AD85: =IF(AB85="","-",VLOOKUP(AB85,'CERT. COR'!$A$4:$E$2200,2,0)) -> - | AE85: =IF(Y85="","-",VLOOKUP(Y85,'CERT. COR'!$A$4:$E$2200,5,0)) -> 99.7 | AF85: =IF(Y85="","-",VLOOKUP(Y85,'CERT. COR'!$A$4:$E$2200,4,0)) -> 197.9 | AG85: =IF(AB85="","-",VLOOKUP(AB85,'CERT. COR'!$A$4:$E$2200,5,0)) -> - | AH85: =IF(AB85="","-",VLOOKUP(AB85,'CERT. COR'!$A$4:$E$2200,4,0)) -> - | AI85: =IF(T85="","PN","PF") -> PF | AJ85: =IF(AI85="PN",SUM(C85:R85),0) -> 0 | AK85: =IF(AI85="PF",SUM(C85:T85),0) -> 2070
A86: 84 | B86: ='plan de data'!B86 -> 0 | Z86: =IF(Y86="","-",VLOOKUP(Y86,'CERT. COR'!$A$4:$E$2200,3,0)) -> - | AA86: =IF(Y86="","-",VLOOKUP(Y86,'CERT. COR'!$A$4:$E$2200,2,0)) -> - | AC86: =IF(AB86="","-",VLOOKUP(AB86,'CERT. COR'!$A$4:$E$2200,3,0)) -> - | AD86: =IF(AB86="","-",VLOOKUP(AB86,'CERT. COR'!$A$4:$E$2200,2,0)) -> - | AE86: =IF(Y86="","-",VLOOKUP(Y86,'CERT. COR'!$A$4:$E$2200,5,0)) -> - | AF86: =IF(Y86="","-",VLOOKUP(Y86,'CERT. COR'!$A$4:$E$2200,4,0)) -> - | AG86: =IF(AB86="","-",VLOOKUP(AB86,'CERT. COR'!$A$4:$E$2200,5,0)) -> - | AH86: =IF(AB86="","-",VLOOKUP(AB86,'CERT. COR'!$A$4:$E$2200,4,0)) -> - | AI86: =IF(T86="","PN","PF") -> PN | AJ86: =IF(AI86="PN",SUM(C86:R86),0) -> 0 | AK86: =IF(AI86="PF",SUM(C86:T86),0) -> 0
A87: 85 | B87: ='plan de data'!B87 -> 0 | Z87: =IF(Y87="","-",VLOOKUP(Y87,'CERT. COR'!$A$4:$E$2200,3,0)) -> - | AA87: =IF(Y87="","-",VLOOKUP(Y87,'CERT. COR'!$A$4:$E$2200,2,0)) -> - | AC87: =IF(AB87="","-",VLOOKUP(AB87,'CERT. COR'!$A$4:$E$2200,3,0)) -> - | AD87: =IF(AB87="","-",VLOOKUP(AB87,'CERT. COR'!$A$4:$E$2200,2,0)) -> - | AE87: =IF(Y87="","-",VLOOKUP(Y87,'CERT. COR'!$A$4:$E$2200,5,0)) -> - | AF87: =IF(Y87="","-",VLOOKUP(Y87,'CERT. COR'!$A$4:$E$2200,4,0)) -> - | AG87: =IF(AB87="","-",VLOOKUP(AB87,'CERT. COR'!$A$4:$E$2200,5,0)) -> - | AH87: =IF(AB87="","-",VLOOKUP(AB87,'CERT. COR'!$A$4:$E$2200,4,0)) -> - | AI87: =IF(T87="","PN","PF") -> PN | AJ87: =IF(AI87="PN",SUM(C87:R87),0) -> 0 | AK87: =IF(AI87="PF",SUM(C87:T87),0) -> 0
A88: 86 | B88: ='plan de data'!B88 -> 0 | Z88: =IF(Y88="","-",VLOOKUP(Y88,'CERT. COR'!$A$4:$E$2200,3,0)) -> - | AA88: =IF(Y88="","-",VLOOKUP(Y88,'CERT. COR'!$A$4:$E$2200,2,0)) -> - | AC88: =IF(AB88="","-",VLOOKUP(AB88,'CERT. COR'!$A$4:$E$2200,3,0)) -> - | AD88: =IF(AB88="","-",VLOOKUP(AB88,'CERT. COR'!$A$4:$E$2200,2,0)) -> - | AE88: =IF(Y88="","-",VLOOKUP(Y88,'CERT. COR'!$A$4:$E$2200,5,0)) -> - | AF88: =IF(Y88="","-",VLOOKUP(Y88,'CERT. COR'!$A$4:$E$2200,4,0)) -> - | AG88: =IF(AB88="","-",VLOOKUP(AB88,'CERT. COR'!$A$4:$E$2200,5,0)) -> - | AH88: =IF(AB88="","-",VLOOKUP(AB88,'CERT. COR'!$A$4:$E$2200,4,0)) -> - | AI88: =IF(T88="","PN","PF") -> PN | AJ88: =IF(AI88="PN",SUM(C88:R88),0) -> 0 | AK88: =IF(AI88="PF",SUM(C88:T88),0) -> 0
A89: 87 | B89: ='plan de data'!B89 -> 0 | Z89: =IF(Y89="","-",VLOOKUP(Y89,'CERT. COR'!$A$4:$E$2200,3,0)) -> - | AA89: =IF(Y89="","-",VLOOKUP(Y89,'CERT. COR'!$A$4:$E$2200,2,0)) -> - | AC89: =IF(AB89="","-",VLOOKUP(AB89,'CERT. COR'!$A$4:$E$2200,3,0)) -> - | AD89: =IF(AB89="","-",VLOOKUP(AB89,'CERT. COR'!$A$4:$E$2200,2,0)) -> - | AE89: =IF(Y89="","-",VLOOKUP(Y89,'CERT. COR'!$A$4:$E$2200,5,0)) -> - | AF89: =IF(Y89="","-",VLOOKUP(Y89,'CERT. COR'!$A$4:$E$2200,4,0)) -> - | AG89: =IF(AB89="","-",VLOOKUP(AB89,'CERT. COR'!$A$4:$E$2200,5,0)) -> - | AH89: =IF(AB89="","-",VLOOKUP(AB89,'CERT. COR'!$A$4:$E$2200,4,0)) -> - | AI89: =IF(T89="","PN","PF") -> PN | AJ89: =IF(AI89="PN",SUM(C89:R89),0) -> 0 | AK89: =IF(AI89="PF",SUM(C89:T89),0) -> 0
A90: 88 | B90: ='plan de data'!B90 -> 0 | Z90: =IF(Y90="","-",VLOOKUP(Y90,'CERT. COR'!$A$4:$E$2200,3,0)) -> - | AA90: =IF(Y90="","-",VLOOKUP(Y90,'CERT. COR'!$A$4:$E$2200,2,0)) -> - | AC90: =IF(AB90="","-",VLOOKUP(AB90,'CERT. COR'!$A$4:$E$2200,3,0)) -> - | AD90: =IF(AB90="","-",VLOOKUP(AB90,'CERT. COR'!$A$4:$E$2200,2,0)) -> - | AE90: =IF(Y90="","-",VLOOKUP(Y90,'CERT. COR'!$A$4:$E$2200,5,0)) -> - | AF90: =IF(Y90="","-",VLOOKUP(Y90,'CERT. COR'!$A$4:$E$2200,4,0)) -> - | AG90: =IF(AB90="","-",VLOOKUP(AB90,'CERT. COR'!$A$4:$E$2200,5,0)) -> - | AH90: =IF(AB90="","-",VLOOKUP(AB90,'CERT. COR'!$A$4:$E$2200,4,0)) -> - | AI90: =IF(T90="","PN","PF") -> PN | AJ90: =IF(AI90="PN",SUM(C90:R90),0) -> 0 | AK90: =IF(AI90="PF",SUM(C90:T90),0) -> 0
A91: 89 | B91: ='plan de data'!B91 -> 0 | Z91: =IF(Y91="","-",VLOOKUP(Y91,'CERT. COR'!$A$4:$E$2200,3,0)) -> - | AA91: =IF(Y91="","-",VLOOKUP(Y91,'CERT. COR'!$A$4:$E$2200,2,0)) -> - | AC91: =IF(AB91="","-",VLOOKUP(AB91,'CERT. COR'!$A$4:$E$2200,3,0)) -> - | AD91: =IF(AB91="","-",VLOOKUP(AB91,'CERT. COR'!$A$4:$E$2200,2,0)) -> - | AE91: =IF(Y91="","-",VLOOKUP(Y91,'CERT. COR'!$A$4:$E$2200,5,0)) -> - | AF91: =IF(Y91="","-",VLOOKUP(Y91,'CERT. COR'!$A$4:$E$2200,4,0)) -> - | AG91: =IF(AB91="","-",VLOOKUP(AB91,'CERT. COR'!$A$4:$E$2200,5,0)) -> - | AH91: =IF(AB91="","-",VLOOKUP(AB91,'CERT. COR'!$A$4:$E$2200,4,0)) -> - | AI91: =IF(T91="","PN","PF") -> PN | AJ91: =IF(AI91="PN",SUM(C91:R91),0) -> 0 | AK91: =IF(AI91="PF",SUM(C91:T91),0) -> 0
A92: 90 | B92: ='plan de data'!B92 -> 0 | Z92: =IF(Y92="","-",VLOOKUP(Y92,'CERT. COR'!$A$4:$E$2200,3,0)) -> - | AA92: =IF(Y92="","-",VLOOKUP(Y92,'CERT. COR'!$A$4:$E$2200,2,0)) -> - | AC92: =IF(AB92="","-",VLOOKUP(AB92,'CERT. COR'!$A$4:$E$2200,3,0)) -> - | AD92: =IF(AB92="","-",VLOOKUP(AB92,'CERT. COR'!$A$4:$E$2200,2,0)) -> - | AE92: =IF(Y92="","-",VLOOKUP(Y92,'CERT. COR'!$A$4:$E$2200,5,0)) -> - | AF92: =IF(Y92="","-",VLOOKUP(Y92,'CERT. COR'!$A$4:$E$2200,4,0)) -> - | AG92: =IF(AB92="","-",VLOOKUP(AB92,'CERT. COR'!$A$4:$E$2200,5,0)) -> - | AH92: =IF(AB92="","-",VLOOKUP(AB92,'CERT. COR'!$A$4:$E$2200,4,0)) -> - | AI92: =IF(T92="","PN","PF") -> PN | AJ92: =IF(AI92="PN",SUM(C92:R92),0) -> 0 | AK92: =IF(AI92="PF",SUM(C92:T92),0) -> 0
A93: 91 | B93: ='plan de data'!B93 -> 0 | Z93: =IF(Y93="","-",VLOOKUP(Y93,'CERT. COR'!$A$4:$E$2200,3,0)) -> - | AA93: =IF(Y93="","-",VLOOKUP(Y93,'CERT. COR'!$A$4:$E$2200,2,0)) -> - | AC93: =IF(AB93="","-",VLOOKUP(AB93,'CERT. COR'!$A$4:$E$2200,3,0)) -> - | AD93: =IF(AB93="","-",VLOOKUP(AB93,'CERT. COR'!$A$4:$E$2200,2,0)) -> - | AE93: =IF(Y93="","-",VLOOKUP(Y93,'CERT. COR'!$A$4:$E$2200,5,0)) -> - | AF93: =IF(Y93="","-",VLOOKUP(Y93,'CERT. COR'!$A$4:$E$2200,4,0)) -> - | AG93: =IF(AB93="","-",VLOOKUP(AB93,'CERT. COR'!$A$4:$E$2200,5,0)) -> - | AH93: =IF(AB93="","-",VLOOKUP(AB93,'CERT. COR'!$A$4:$E$2200,4,0)) -> - | AI93: =IF(T93="","PN","PF") -> PN | AJ93: =IF(AI93="PN",SUM(C93:R93),0) -> 0 | AK93: =IF(AI93="PF",SUM(C93:T93),0) -> 0
A94: 92 | B94: ='plan de data'!B94 -> 0 | Z94: =IF(Y94="","-",VLOOKUP(Y94,'CERT. COR'!$A$4:$E$2200,3,0)) -> - | AA94: =IF(Y94="","-",VLOOKUP(Y94,'CERT. COR'!$A$4:$E$2200,2,0)) -> - | AC94: =IF(AB94="","-",VLOOKUP(AB94,'CERT. COR'!$A$4:$E$2200,3,0)) -> - | AD94: =IF(AB94="","-",VLOOKUP(AB94,'CERT. COR'!$A$4:$E$2200,2,0)) -> - | AE94: =IF(Y94="","-",VLOOKUP(Y94,'CERT. COR'!$A$4:$E$2200,5,0)) -> - | AF94: =IF(Y94="","-",VLOOKUP(Y94,'CERT. COR'!$A$4:$E$2200,4,0)) -> - | AG94: =IF(AB94="","-",VLOOKUP(AB94,'CERT. COR'!$A$4:$E$2200,5,0)) -> - | AH94: =IF(AB94="","-",VLOOKUP(AB94,'CERT. COR'!$A$4:$E$2200,4,0)) -> - | AI94: =IF(T94="","PN","PF") -> PN | AJ94: =IF(AI94="PN",SUM(C94:R94),0) -> 0 | AK94: =IF(AI94="PF",SUM(C94:T94),0) -> 0
A95: 93 | B95: ='plan de data'!B95 -> 0 | Z95: =IF(Y95="","-",VLOOKUP(Y95,'CERT. COR'!$A$4:$E$2200,3,0)) -> - | AA95: =IF(Y95="","-",VLOOKUP(Y95,'CERT. COR'!$A$4:$E$2200,2,0)) -> - | AC95: =IF(AB95="","-",VLOOKUP(AB95,'CERT. COR'!$A$4:$E$2200,3,0)) -> - | AD95: =IF(AB95="","-",VLOOKUP(AB95,'CERT. COR'!$A$4:$E$2200,2,0)) -> - | AE95: =IF(Y95="","-",VLOOKUP(Y95,'CERT. COR'!$A$4:$E$2200,5,0)) -> - | AF95: =IF(Y95="","-",VLOOKUP(Y95,'CERT. COR'!$A$4:$E$2200,4,0)) -> - | AG95: =IF(AB95="","-",VLOOKUP(AB95,'CERT. COR'!$A$4:$E$2200,5,0)) -> - | AH95: =IF(AB95="","-",VLOOKUP(AB95,'CERT. COR'!$A$4:$E$2200,4,0)) -> - | AI95: =IF(T95="","PN","PF") -> PN | AJ95: =IF(AI95="PN",SUM(C95:R95),0) -> 0 | AK95: =IF(AI95="PF",SUM(C95:T95),0) -> 0
A96: 94 | B96: ='plan de data'!B96 -> 0 | Z96: =IF(Y96="","-",VLOOKUP(Y96,'CERT. COR'!$A$4:$E$2200,3,0)) -> - | AA96: =IF(Y96="","-",VLOOKUP(Y96,'CERT. COR'!$A$4:$E$2200,2,0)) -> - | AC96: =IF(AB96="","-",VLOOKUP(AB96,'CERT. COR'!$A$4:$E$2200,3,0)) -> - | AD96: =IF(AB96="","-",VLOOKUP(AB96,'CERT. COR'!$A$4:$E$2200,2,0)) -> - | AE96: =IF(Y96="","-",VLOOKUP(Y96,'CERT. COR'!$A$4:$E$2200,5,0)) -> - | AF96: =IF(Y96="","-",VLOOKUP(Y96,'CERT. COR'!$A$4:$E$2200,4,0)) -> - | AG96: =IF(AB96="","-",VLOOKUP(AB96,'CERT. COR'!$A$4:$E$2200,5,0)) -> - | AH96: =IF(AB96="","-",VLOOKUP(AB96,'CERT. COR'!$A$4:$E$2200,4,0)) -> - | AI96: =IF(T96="","PN","PF") -> PN | AJ96: =IF(AI96="PN",SUM(C96:R96),0) -> 0 | AK96: =IF(AI96="PF",SUM(C96:T96),0) -> 0
A97: 95 | B97: ='plan de data'!B97 -> 0 | Z97: =IF(Y97="","-",VLOOKUP(Y97,'CERT. COR'!$A$4:$E$2200,3,0)) -> - | AA97: =IF(Y97="","-",VLOOKUP(Y97,'CERT. COR'!$A$4:$E$2200,2,0)) -> - | AC97: =IF(AB97="","-",VLOOKUP(AB97,'CERT. COR'!$A$4:$E$2200,3,0)) -> - | AD97: =IF(AB97="","-",VLOOKUP(AB97,'CERT. COR'!$A$4:$E$2200,2,0)) -> - | AE97: =IF(Y97="","-",VLOOKUP(Y97,'CERT. COR'!$A$4:$E$2200,5,0)) -> - | AF97: =IF(Y97="","-",VLOOKUP(Y97,'CERT. COR'!$A$4:$E$2200,4,0)) -> - | AG97: =IF(AB97="","-",VLOOKUP(AB97,'CERT. COR'!$A$4:$E$2200,5,0)) -> - | AH97: =IF(AB97="","-",VLOOKUP(AB97,'CERT. COR'!$A$4:$E$2200,4,0)) -> - | AI97: =IF(T97="","PN","PF") -> PN | AJ97: =IF(AI97="PN",SUM(C97:R97),0) -> 0 | AK97: =IF(AI97="PF",SUM(C97:T97),0) -> 0
... A139: 137 | B139: ='plan de data'!B139 -> 0 | Z139: =IF(Y139="","-",VLOOKUP(Y139,'CERT. COR'!$A$4:$E$2200,3,0)) -> - | AA139: =IF(Y139="","-",VLOOKUP(Y139,'CERT. COR'!$A$4:$E$2200,2,0)) -> - | AC139: =IF(AB139="","-",VLOOKUP(AB139,'CERT. COR'!$A$4:$E$2200,3,0)) -> - | AD139: =IF(AB139="","-",VLOOKUP(AB139,'CERT. COR'!$A$4:$E$2200,2,0)) -> - | AE139: =IF(Y139="","-",VLOOKUP(Y139,'CERT. COR'!$A$4:$E$2200,5,0)) -> - | AF139: =IF(Y139="","-",VLOOKUP(Y139,'CERT. COR'!$A$4:$E$2200,4,0)) -> - | AG139: =IF(AB139="","-",VLOOKUP(AB139,'CERT. COR'!$A$4:$E$2200,5,0)) -> - | AH139: =IF(AB139="","-",VLOOKUP(AB139,'CERT. COR'!$A$4:$E$2200,4,0)) -> - | AI139: =IF(T139="","PN","PF") -> PN | AJ139: =IF(AI139="PN",SUM(C139:R139),0) -> 0 | AK139: =IF(AI139="PF",SUM(C139:T139),0) -> 0

Sheet CERT. COR
A3: numero da bobina | B3: cert. | C3: data fab | D3: elasticidade | E3: area
A4: 1062072197 | B4: 81985 | C4: 45737 | D4: 197.1 | E4: 100
A5: 1062076102 | B5: 81985 | C5: 45737 | D5: 198.8 | E5: 100
A6: 1062393027 | B6: 81985 | C6: 45737 | D6: 201.7 | E6: 99.5
A7: 1062437954 | B7: 81985 | C7: 45737 | D7: 201.6 | E7: 100
A8: 1061132929 | B8: 109623 | C8: 45539 | D8: 198 | E8: 100
A9: 1062153482 | B9: 81795 | C9: 45716 | D9: 198.7 | E9: 99.7
A10: 1062265533 | B10: 81795 | C10: 45716 | D10: 192.3 | E10: 100
A11: 1062266407 | B11: 81795 | C11: 45716 | D11: 201.5 | E11: 100
A12: 1062279616 | B12: 81795 | C12: 45716 | D12: 200.9 | E12: 99.9
A13: 1062149086 | B13: 81902 | C13: 45730 | D13: 197.9 | E13: 99.7
A14: 1062265764 | B14: 81902 | C14: 45730 | D14: 199.3 | E14: 99.6
A15: 1062269468 | B15: 81902 | C15: 45730 | D15: 200.9 | E15: 100
... A31: 1062870714 | B31: 83027 | C31: 45873 | D31: 194.8 | E31: 100

Sheet PF
L1: CONTROLE DE QUALIDADE | AD1: registro nº: | AH1: FTQ- | AJ1: 1 | AM1: - | AN1: 83 | BD1: SC-6 | BM1: Normal | BU1: P
L2: Cliente: | P2: =VLOOKUP($AN$1,'plan de data'!$A$3:$AF$289,32,0) -> CONSÓRCIO NOVA ETE - PARQUE NOVO MUNDO | AD2: Local: | AG2: VIANA - ES | AW2: PN-001 | BD2: SC-10 | BM2: Especial
L3: Obra: | P3: =VLOOKUP($AN$1,'plan de data'!$A$3:$AG$289,33,0) -> ETE - PARQUE NOVO MUNDO | AW3: PF-001 | BD3: SC-14
A5: filtre "X" | B5: Data de fabricação: | I5: Descrição do tanque: | AD5: Linha de fabricação:
B6: =VLOOKUP($AN$1,'plan de data'!$A$3:$B$189,2,0) -> 45909 | I6: =VLOOKUP($AN$1,'plan de data'!$A$3:$AH$189,34,0) -> REATORES NEREDA | AD6: Sistema: | AG6: SC-10 | AJ6: Mesa: | AM6: =VLOOKUP(AN1,'plan de data'!A3:$AE$500,31,0) -> PF-001 | AR6: marcar com "X" para definir quantidade de formas:
A7: x
A8: =IF($CC$9>0,"X",0) -> X | B8: Nº da forma : | G8: =IF(G9=0,"",AR8) -> 1 | J8: =IF(J9=0,"",AU8) | M8: =IF(M9=0,"",AX8) | P8: =IF(P9=0,"",BA8) | S8: =IF(S9=0,"",BD8) | V8: =IF(V9=0,"",BG8) | Y8: =IF(Y9=0,"",BJ8) | AB8: =IF(AB9=0,"",BM8) | AE8: =IF(AE9=0,"",BP8) | AH8: =IF(AH9=0,"",BS8) | AK8: =IF(AK9=0,"",BV8) | AN8: =IF(AN9=0,"",BY8) | AR8: 1 | AU8: 2 | AX8: 3 | BA8: 4 | BD8: 5 | BG8: 6 | BJ8: 7 | BM8: 8 | BP8: 9 | BS8: 10 | BV8: 11 | BY8: 12 | CC8: total
A9: =IF($CC$9>0,"X",0) -> X | B9: Nº do painel: | G9: =VLOOKUP($AN$1,'plan de data'!$A$3:$V$189,4,0) -> PF-373 | J9: =VLOOKUP($AN$1,'plan de data'!$A$3:$V$189,6,0) -> 0 | M9: =VLOOKUP($AN$1,'plan de data'!$A$3:$V$189,8,0) -> 0 | P9: =VLOOKUP($AN$1,'plan de data'!$A$3:$V$189,10,0) -> 0 | S9: =VLOOKUP($AN$1,'plan de data'!$A$3:$V$189,12,0) -> 0 | V9: =VLOOKUP($AN$1,'plan de data'!$A$3:$V$189,14,0) -> 0 | Y9: =VLOOKUP($AN$1,'plan de data'!$A$3:$V$189,16,0) -> 0 | AB9: =VLOOKUP($AN$1,'plan de data'!$A$3:$V$189,18,0) -> 0 | AE9: =VLOOKUP($AN$1,'plan de data'!$A$3:$V$189,20,0) -> 0 | AH9: =VLOOKUP($AN$1,'plan de data'!$A$3:$AA$189,22,0) -> 0 | AK9: =VLOOKUP($AN$1,'plan de data'!$A$3:$AA$189,24,0) -> 0 | AN9: =VLOOKUP($AN$1,'plan de data'!$A$3:$AA$189,26,0) -> 0 | AR9: X | AU9: X | AX9: X | BA9: x | BD9: x | BG9: x | BJ9: x | BM9: X | CC9: =COUNTIF(AR9:CA9,"X") -> 8
B10: Tipo de Inserto: | G10: =IF(G9="","",VLOOKUP($AN$1,'plan de data'!$A$3:$V$189,5,0)) -> PF | AE10: =VLOOKUP($AN$1,'plan de data'!$A$3:$V$189,21,0) -> 0 | AH10: =VLOOKUP($AN$1,'plan de data'!$A$3:$V$189,21,0) -> 0 | AK10: =VLOOKUP($AN$1,'plan de data'!$A$3:$V$189,21,0) -> 0 | AN10: =VLOOKUP($AN$1,'plan de data'!$A$3:$V$189,21,0) -> 0
A11: =IF($CC$9>0,"X",0) -> X | B11: Tipo do painel: | G11: =IF(G10="","",IF(G10="P","Normal","Especial")) -> Especial
A12: =IF($CC$9>0,"X",0) -> X
A13: =IF($CC$14>0,"X",0) -> 0 | B13: Nº da forma : | G13: =IF(AR14="X",AR13,0) -> 0 | J13: =IF(AU14="X",AU13,0) -> 0 | M13: =IF(AX14="X",AX13,0) -> 0 | P13: =IF(BA14="X",BA13,0) -> 0 | S13: =IF(BD14="X",BD13,0) -> 0 | V13: =IF(BG14="X",BG13,0) -> 0 | Y13: =IF(BJ14="X",BJ13,0) -> 0 | AB13: =IF(BM14="X",BM13,0) -> 0 | AE13: =IF(BP14="X",BP13,0) -> 0 | AH13: =IF(BS14="X",BS13,0) -> 0 | AK13: =IF(BV14="X",BV13,0) -> 0 | AN13: =IF(BY14="X",BY13,0) -> 0 | AR13: 13 | AU13: 14 | AX13: 15 | BA13: 16 | BD13: 17 | BG13: 18 | BJ13: 19 | BM13: 20 | BP13: 21 | BS13: 22 | BV13: 23 | BY13: 24 | CC13: total
A14: =IF($CC$14>0,"X",0) -> 0 | B14: Nº do painel: | CC14: =COUNTIF(AR14:CA14,"X") -> 0
A15: =IF($CC$14>0,"X",0) -> 0 | B15: Tipo do painel:
A16: =IF($CC$14>0,"X",0) -> 0
A17: =IF($CC$18>0,"X",0) -> 0 | B17: Nº da forma : | G17: =IF(AR18="X",AR17,0) -> 0 | J17: =IF(AU18="X",AU17,0) -> 0 | M17: =IF(AX18="X",AX17,0) -> 0 | P17: =IF(BA18="X",BA17,0) -> 0 | S17: =IF(BD18="X",BD17,0) -> 0 | V17: =IF(BG18="X",BG17,0) -> 0 | Y17: =IF(BJ18="X",BJ17,0) -> 0 | AB17: =IF(BM18="X",BM17,0) -> 0 | AE17: =IF(BP18="X",BP17,0) -> 0 | AH17: =IF(BS18="X",BS17,0) -> 0 | AK17: =IF(BV18="X",BV17,0) -> 0 | AN17: =IF(BY18="X",BY17,0) -> 0 | AR17: 25 | AU17: 26 | AX17: 27 | BA17: 28 | BD17: 29 | BG17: 30 | BJ17: 31 | BM17: 32 | BP17: 33 | BS17: 34 | BV17: 35 | BY17: 36 | CC17: total
A18: =IF($CC$18>0,"X",0) -> 0 | B18: Nº do painel: | CC18: =COUNTIF(AR18:CA18,"X") -> 0
A19: =IF($CC$18>0,"X",0) -> 0 | B19: Tipo do painel:
B21: INSPEÇÃO NAS FORMAS | AE21: CONFORMIDADE:
C22: A geometria dos formas está em conformidade com os projetos; | AG22: X | AH22: Jsim | AM22: Lnão
C23: As formas estão limpas e com desmoldante ; | AE23: painel não conforme:
C24: As bainhas estão com dimensionais e posicionamento conforme projeto;
B25: NÃO CONFORMIDADE: | AE25: DECISÃO:
AF26: rejeitar | AJ26: corrigir | AN26: aceitar
B28: INSPEÇÃO NAS ARMADURAS | N28: Certificado (s): | AE28: CONFORMIDADE:
B29: Certificado (s): | G29: 916100/25 - 9139854/25 - 9142107/25 - 9142134/25 | Y29: As armaduras estão em conformidade com os requisitos definidos em projeto; | AG29: X | AH29: Jsim | AM29: Lnão
B30: 79369/25 - 914000/25 - 9108767/25 - 9108804/25 - 9142457/25 - 9108839/25 | AE30: painel não conforme:
B31: 9123538/25 - 9133306/25 - 9140467/25 - 9194366/25 - 9205525/25 - 9194366/25
B32: 9212242/25 - 9188331/25 - 921005/25 - 9142143/25 - 9209652/2025 - 9188331/25
B33: 9201005/25 - 9205525/25 - 9209652/25 - 9212242/25
B34: NÃO CONFORMIDADE: | AE34: DECISÃO:
AF35: rejeitar | AJ35: corrigir | AN35: aceitar
B37: INSPEÇÃO NOS ACESSÓRIOS | AE37: CONFORMIDADE: | AV37: área: | AY37: E: | CQ37: área: | CT37: E:
B38: =IF(A38="X","Embutidos FTK e chapas inox estão com dimensionais e posições conforme pré-estabelecido","Embutidos FTK estão com dimensionais e posições conforme pré-estabelecido") -> Embutidos FTK estão com dimensionais e posições conforme pré-estabelecido | AG38: X | AH38: Jsim | AM38: Lnão | AV38: =VLOOKUP($B$46,CA!$Y$3:$AF$188,8,0) -> 197.9 | AY38: =VLOOKUP($B$46,CA!$Y$3:$AF$188,7,0) -> 99.7 | CQ38: =IF(AV38=0,AY46,AV38) -> 197.9 | CT38: =IF(AY38=0,AY45,AY38) -> 99.7
B39: As chapas e aço CA-25 de aterramento estão com dimensionais e posições conf. Projeto | AE39: painel não conforme:
B40: Obs. As placas com chapas de aterramento tem na identificação a letra "I"
B41: NÃO CONFORMIDADE: | AE41: DECISÃO: | BA41: 197.7
AF42: rejeitar | AJ42: corrigir | AN42: aceitar | BA42: 99.9
B44: CABOS DE PRÉ-ESFORÇO | M44: BITOLA: | P44: 12.7 | S44: mm | V44: FORNECEDOR: | AB44: BELGO BEKAERT | AU44: dados passados para João Romba para calculo de alogamento teórico
B45: Nº DA BOBINA: | M45: DATA DE FABRICAÇÃO: | V45: Nº DA BOBINA: | AG45: DATA DE FABRICAÇÃO: | AV45: E= | AY45: - | BD45: KN/mm2
B46: =VLOOKUP($AN$1,CA!$A$3:$Y$282,25,0) -> 1062149086 | M46: =VLOOKUP($AN$1,CA!$A$3:$Z$282,26,0) -> 45730 | V46: =VLOOKUP($AN$1,CA!$A$3:$AB$282,28,0) -> 0 | AG46: =VLOOKUP($AN$1,CA!$A$3:$AC$188,29,0) -> - | AV46: A= | AY46: - | BD46: mm2
B47: CERTIFICADO Nº: | M47: =VLOOKUP(B46,CA!$Y$3:$AA$139,3,0) -> 81902 | V47: CERTIFICADO Nº: | AG47: =VLOOKUP($AN$1,CA!$A$3:$AD$188,30,0) -> - | AS47: fator correção= | BC47: =IF(CQ38+CT38=0,0,((AY45/CT38)+(AY46/CQ38))/2)*1.02 -> #VALUE!
C49: ALONGAMENTOS REAIS INDIVIDUAIS ( mm ): | AR49: marcar com "X" nos cabos utilizados na concretagem
C50: =IF(AR51="x",AR50,0) -> C-1 | F50: =IF(AU51="x",AU50,0) -> C-2 | I50: =IF(AX51="x",AX50,0) -> C-3 | L50: =IF(BA51="x",BA50,0) -> C-4 | O50: =IF(BD51="x",BD50,0) -> C-5 | R50: =IF(BG51="x",BG50,0) -> C-6 | U50: =IF(BJ51="x",BJ50,0) -> C-7 | X50: =IF(BM51="x",BM50,0) -> C-8 | AA50: =IF(BP51="x",BP50,0) -> C-9 | AD50: =IF(BS51="x",BS50,0) -> C-10 | AG50: =IF(BV51="x",BV50,0) -> C-11 | AJ50: =IF(BY51="x",BY50,0) -> C-12 | AM50: =IF(CB51="x",CB50,0) -> C-13 | AR50: C-1 | AU50: C-2 | AX50: C-3 | BA50: C-4 | BD50: C-5 | BG50: C-6 | BJ50: C-7 | BM50: C-8 | BP50: C-9 | BS50: C-10 | BV50: C-11 | BY50: C-12 | CB50: C-13
C51: =VLOOKUP($AN$1,CA!$A$3:$X$188,3,0) -> 113 | F51: =VLOOKUP($AN$1,CA!$A$3:$X$188,4,0) -> 113 | I51: =VLOOKUP($AN$1,CA!$A$3:$X$188,5,0) -> 112 | L51: =VLOOKUP($AN$1,CA!$A$3:$X$188,6,0) -> 112 | O51: =VLOOKUP($AN$1,CA!$A$3:$X$188,7,0) -> 115 | R51: =VLOOKUP($AN$1,CA!$A$3:$X$188,8,0) -> 115 | U51: =VLOOKUP($AN$1,CA!$A$3:$X$188,9,0) -> 114 | X51: =VLOOKUP($AN$1,CA!$A$3:$X$188,10,0) -> 114 | AA51: =VLOOKUP($AN$1,CA!$A$3:$X$188,11,0) -> 114 | AD51: =VLOOKUP($AN$1,CA!$A$3:$X$188,12,0) -> 114 | AG51: =VLOOKUP($AN$1,CA!$A$3:$X$188,13,0) -> 116 | AJ51: =VLOOKUP($AN$1,CA!$A$3:$X$188,14,0) -> 117 | AM51: =VLOOKUP($AN$1,CA!$A$3:$X$188,15,0) -> 116 | AR51: X | AU51: X | AX51: X | BA51: X | BD51: X | BG51: X | BJ51: X | BM51: X | BP51: X | BS51: X | BV51: X | BY51: X | CB51: X
C52: =IF(AR53="x",AR52,0) -> C-14 | F52: =IF(AU53="x",AU52,0) -> C-15 | I52: =IF(AX53="x",AX52,0) -> C-16 | L52: =IF(BA53="x",BA52,0) -> C-17 | O52: =IF(BD53="x",BD52,0) -> C-18 | R52: =IF(BG53="x",BG52,0) -> 0 | U52: =IF(BJ53="x",BJ52,0) -> 0 | X52: =IF(BM53="x",BM52,0) -> 0 | AA52: =IF(BP53="x",BP52,0) -> 0 | AD52: =IF(BS53="x",BS52,0) -> 0 | AG52: =IF(BV53="x",BV52,0) -> 0 | AJ52: =IF(BY53="x",BY52,0) -> 0 | AM52: =IF(CB53="x",CB52,0) -> 0 | AR52: C-14 | AU52: C-15 | AX52: C-16 | BA52: C-17 | BD52: C-18 | BG52: C-19 | BJ52: C-20 | BM52: C-21 | BP52: C-22 | BS52: C-23 | BV52: C-24 | BY52: C-25 | CB52: C-26
C53: =VLOOKUP($AN$1,CA!$A$3:$X$188,16,0) -> 115 | F53: =VLOOKUP($AN$1,CA!$A$3:$X$188,17,0) -> 118 | I53: =VLOOKUP($AN$1,CA!$A$3:$X$188,18,0) -> 118 | L53: =VLOOKUP($AN$1,CA!$A$3:$X$188,19,0) -> 117 | O53: =VLOOKUP($AN$1,CA!$A$3:$X$188,20,0) -> 117 | R53: =VLOOKUP($AN$1,CA!$A$3:$X$188,21,0) -> 0 | U53: =VLOOKUP($AN$1,CA!$A$3:$X$188,22,0) -> 0 | X53: =VLOOKUP($AN$1,CA!$A$3:$X$188,23,0) -> 0 | AA53: =VLOOKUP($AN$1,CA!$A$3:$X$188,24,0) -> 0 | AR53: X | AU53: X | AX53: X | BA53: X | BD53: X
B54: SOMATÓRIO DOS ALONGAMENTOS INDIVIDUAIS REAIS = | X54: =SUM(C51:AO51)+SUM(C53:AO53) -> 2070 | AC54: mm | CE54: =C50 -> C-1 | CH54: =F50 -> C-2 | CK54: =I50 -> C-3 | CN54: =L50 -> C-4 | CQ54: =O50 -> C-5 | CT54: =R50 -> C-6 | CW54: =U50 -> C-7 | CZ54: =X50 -> C-8 | DC54: =AA50 -> C-9 | DF54: =AD50 -> C-10 | DI54: =AG50 -> C-11 | DL54: =AJ50 -> C-12 | DO54: =AM50 -> C-13
B56: PARÂMETROS DE ACEITAÇÃO: | W56: MÍNIMO (mm) | AA56: MÁXIMO (mm) | AE56: CONFORMIDADE: | CE56: =IF(C51="-"";""",IF(C51=0,0,IF(AND(C51>=$W$57,C51<=$AA$57),0,1))) -> FALSE | CH56: =IF(F51="-"";""",IF(F51=0,0,IF(AND(F51>=$W$57,F51<=$AA$57),0,1))) -> FALSE | CK56: =IF(I51="-"";""",IF(I51=0,0,IF(AND(I51>=$W$57,I51<=$AA$57),0,1))) -> FALSE | CN56: =IF(L51="-"";""",IF(L51=0,0,IF(AND(L51>=$W$57,L51<=$AA$57),0,1))) -> FALSE | CQ56: =IF(O51="-"";""",IF(O51=0,0,IF(AND(O51>=$W$57,O51<=$AA$57),0,1))) -> FALSE | CT56: =IF(R51="-"";""",IF(R51=0,0,IF(AND(R51>=$W$57,R51<=$AA$57),0,1))) -> FALSE | CW56: =IF(U51="-"";""",IF(U51=0,0,IF(AND(U51>=$W$57,U51<=$AA$57),0,1))) -> FALSE | CZ56: =IF(X51="-"";""",IF(X51=0,0,IF(AND(X51>=$W$57,X51<=$AA$57),0,1))) -> FALSE | DC56: =IF(AA51="-"";""",IF(AA51=0,0,IF(AND(AA51>=$W$57,AA51<=$AA$57),0,1))) -> FALSE | DF56: =IF(AD51="-"";""",IF(AD51=0,0,IF(AND(AD51>=$W$57,AD51<=$AA$57),0,1))) -> FALSE | DI56: =IF(AG51="-"";""",IF(AG51=0,0,IF(AND(AG51>=$W$57,AG51<=$AA$57),0,1))) -> FALSE | DL56: =IF(AJ51="-"";""",IF(AJ51=0,0,IF(AND(AJ51>=$W$57,AJ51<=$AA$57),0,1))) -> FALSE | DO56: =IF(AM51="-"";""",IF(AM51=0,0,IF(AND(AM51>=$W$57,AM51<=$AA$57),0,1))) -> FALSE
B57: Os alongamentos individuais são iguais ao valor teórico +/- 5 % | W57: =IF(AV58="X",BA58,IF(AV60="X",BA60,0)) -> 100 | AA57: =IF(AV58="X",BH58,IF(AV60="X",BH60,0)) -> 120 | AG57: =IF(SUM(C51:AO51)+SUM(C53:AO53)=0,0,IF(CE60=0,"X",0)) -> X | AH57: Jsim | AL57: =IF(SUM(C51:AO51)+SUM(C53:AO53)=0,0,IF(CE60>0,"X",0)) -> 0 | AM57: Lnão | CE57: =C52 -> C-14 | CH57: =F52 -> C-15 | CK57: =I52 -> C-16 | CN57: =L52 -> C-17 | CQ57: =O52 -> C-18 | CT57: =R52 -> 0 | CW57: =U52 -> 0 | CZ57: =X52 -> 0 | DC57: =AA52 -> 0 | DF57: =AD52 -> 0 | DI57: =AG52 -> 0 | DL57: =AJ52 -> 0 | DO57: =AM52 -> 0
C58: Cabo(s) Não Conforme(s): C- | N58: =IF(CE70=1,CE69,0) -> 0 | O58: =IF(CF70=1,CF69,0) -> 0 | P58: =IF(CG70=1,CG69,0) -> 0 | Q58: =IF(CH70=1,CH69,0) -> 0 | R58: =IF(CI70=1,CI69,0) -> 0 | S58: =IF(CJ70=1,CJ69,0) -> 0 | T58: =IF(CK70=1,CK69,0) -> 0 | U58: =IF(CL70=1,CL69,0) -> 0 | ... Z58: =IF(CQ70=1,CQ69,0) -> 0 | AA58: =IF(CE77=1,CE76,0) -> 0 | AB58: =IF(CF77=1,CF76,0) -> 0 | AC58: =IF(CG77=1,CG76,0) -> 0 | AD58: =IF(CH77=1,CH76,0) -> 0 | AE58: =IF(CI77=1,CI76,0) -> 0 | AF58: =IF(CJ77=1,CJ76,0) -> 0 | AG58: =IF(CK77=1,CK76,0) -> 0 | AH58: =IF(CL77=1,CL76,0) -> 0 | ... AP58: =IF(CT77=1,CT76,0) -> 0 | AX58: PN | BA58: 321 | BF58: A | BH58: 356 | CE58: =IF(C53="-"";""",IF(C53=0,0,IF(AND(C53>=$W$57,C53<=$AA$57),0,1))) -> FALSE | CH58: =IF(F53="-"";""",IF(F53=0,0,IF(AND(F53>=$W$57,F53<=$AA$57),0,1))) -> FALSE | CK58: =IF(I53="-"";""",IF(I53=0,0,IF(AND(I53>=$W$57,I53<=$AA$57),0,1))) -> FALSE | CN58: =IF(L53="-"";""",IF(L53=0,0,IF(AND(L53>=$W$57,L53<=$AA$57),0,1))) -> FALSE | CQ58: =IF(O53="-"";""",IF(O53=0,0,IF(AND(O53>=$W$57,O53<=$AA$57),0,1))) -> FALSE | CT58: =IF(R53="-"";""",IF(R53=0,0,IF(AND(R53>=$W$57,R53<=$AA$57),0,1))) -> FALSE | CW58: =IF(U53="-"";""",IF(U53=0,0,IF(AND(U53>=$W$57,U53<=$AA$57),0,1))) -> FALSE | CZ58: =IF(X53="-"";""",IF(X53=0,0,IF(AND(X53>=$W$57,X53<=$AA$57),0,1))) -> FALSE | DC58: =IF(AA53="-"";""",IF(AA53=0,0,IF(AND(AA53>=$W$57,AA53<=$AA$57),0,1))) -> FALSE | DF58: =IF(AD53="-"";""",IF(AD53=0,0,IF(AND(AD53>=$W$57,AD53<=$AA$57),0,1))) -> FALSE | DI58: =IF(AG53="-"";""",IF(AG53=0,0,IF(AND(AG53>=$W$57,AG53<=$AA$57),0,1))) -> FALSE | DL58: =IF(AJ53="-"";""",IF(AJ53=0,0,IF(AND(AJ53>=$W$57,AJ53<=$AA$57),0,1))) -> FALSE | DO58: =IF(AM53="-"";""",IF(AM53=0,0,IF(AND(AM53>=$W$57,AM53<=$AA$57),0,1))) -> FALSE
B60: ∑ de todos os alongamentos é igual ao ∑ valor teórico +/- 3 % | W60: =IF(AW65="X",BB65,IF(AW67="X",BB67,IF(AW70="X",BB70,0))) -> 1846 | AA60: =IF(AW65="X",BI65,IF(AW67="X",BI67,IF(AW70="X",BI70,0))) -> 2100 | AG60: =IF(X54=0,0,IF(AND(X54>=W60,X54<=AA60),"X",0)) -> X | AH60: Jsim | AL60: =IF(SUM(C51:AO51)+SUM(C53:AO53)=0,0,IF(AND(X54>=W60,X54<=AA60),0,"X")) -> 0 | AM60: Lnão | AV60: x | AX60: PF | BA60: 100 | BF60: A | BH60: 120 | CE60: =SUM(CE56:DQ58) -> 0
B62: Certificado de calibração do manômetro do macaco de protensão Nº: | AA62: 25008 (02/04/2025) - VOLLERT
B64: CONCRETO ( FABRICAÇÃO ) | N64: Certificado do concreto: | V64: FRMC nº: | Y64: =VLOOKUP($AN$1,'plan de data'!$A$3:$C$189,3,0) -> 1334 | AE64: CONFORMIDADE:
C65: O concreto teve espalhamento ( flow ) : >= 650 mm e <=750 mm ; | AG65: X | AH65: Jsim | AM65: Lnão | AY65: PN | BB65: 5247 | BG65: A | BI65: 5573 | BN65: SC10
C66: O concreto teve resistência mínima de 24 MPa para relaxamento dos cabos; | AG66: X | AH66: Jsim | AM66: Lnão
C67: O concreto teve resistência maior ou igual 40 MPa aos 28 dias; | AG67: X | AH67: Jsim | AM67: Lnão | AW67: X | AY67: PF | BB67: 1846 | BG67: A | BI67: 2100 | BN67: SC10
B69: PRODUTO ACABADO ( FABRICAÇÃO ) | AE69: CONFORMIDADE: | CE69: 1 | CF69: 2 | CG69: 3 | CH69: 4 | CI69: 5 | CJ69: 6 | CK69: 7 | CL69: 8 | CM69: 9 | CN69: 10 | CO69: 11 | CP69: 12 | CQ69: 13
C70: Os produtos não tem fissuras nem imperfeições; | AG70: X | AH70: Jsim | AM70: Lnão | AY70: PN | BB70: =BA58*22 -> 7062 | BG70: A | BI70: =22*BH58 -> 7832 | BN70: SC14 | CE70: =CE56 -> FALSE | CF70: =CH56 -> FALSE | CG70: =CK56 -> FALSE | CH70: =CN56 -> FALSE | CI70: =CQ56 -> FALSE | CJ70: =CT56 -> FALSE | CK70: =CW56 -> FALSE | CL70: =CZ56 -> FALSE | CM70: =DC56 -> FALSE | CN70: =DF57 -> 0 | CO70: =DI56 -> FALSE | CP70: =DL56 -> FALSE | CQ70: =DO56 -> FALSE
C71: Os painéis foram identificados; | AG71: X | AH71: Jsim | AM71: Lnão
C72: Os painéis foram devidamente estocados conforme pré-estabelecido; | AG72: X | AH72: Jsim | AM72: Lnão
C73: As dimensões dos produtos estão em conformidade com os requisitos de projeto; | AG73: X | AH73: Jsim | AM73: Lnão
B75: PRODUTO NÃO CONFORME | L75: DECISÃO | X75: OBSERVAÇÃO
M76: rejeitar | Q76: corrigir | U76: aceitar | CE76: 14 | CF76: 15 | CG76: 16 | CH76: 17 | CI76: 18 | CJ76: 19 | CK76: 20 | CL76: 21 | CM76: 22 | CN76: 23 | CO76: 24 | CP76: 25 | CQ76: 26
M77: rejeitar | Q77: corrigir | U77: aceitar | CE77: =CE58 -> FALSE | CF77: =CH58 -> FALSE | CG77: =CK58 -> FALSE | CH77: =CN58 -> FALSE | CI77: =CQ58 -> FALSE | CJ77: =CT58 -> FALSE | CK77: =CW58 -> FALSE | CL77: =CZ58 -> FALSE | CM77: =DC58 -> FALSE | CN77: =DF58 -> FALSE | CO77: =DI58 -> FALSE | CP77: =DL58 -> FALSE | CQ77: =DO58 -> FALSE
M78: rejeitar | Q78: corrigir | U78: aceitar
M79: rejeitar | Q79: corrigir | U79: aceitar
M80: rejeitar | Q80: corrigir | U80: aceitar
AS81: 0
B82: responsável pelas inspeções: | N82: função: | X82: assinatura: | AK82: data: | BD82: soma dia se domingo
B83: Gean Junior Reinholz | N83: Téc de Edificações | X83: #VALUE! | AK83: =B6+28 -> 45937 | AS83: =AK83+AS81 -> 45937 | BC83: 1 | BF83: =TEXT(AS83,"ddd") -> ter

Sheet PN1
L1: CONTROLE DE QUALIDADE | AD1: registro nº: | AH1: FTQ- | AJ1: 1 | AM1: - | AN1: 56 | BD1: SC-6 | BM1: Normal | BU1: P
L2: Cliente: | P2: =VLOOKUP($AN$1,'plan de data'!$A$3:$AF$289,32,0) -> CONSÓRCIO NOVA ETE - PARQUE NOVO MUNDO | AD2: Local: | AG2: VIANA - ES | AW2: PN-001 | BD2: SC-10 | BM2: Especial
L3: Obra: | P3: =VLOOKUP($AN$1,'plan de data'!$A$3:$AG$289,33,0) -> ETE - PARQUE NOVO MUNDO | AW3: PF-001 | BD3: SC-14
A5: filtre "X" | B5: Data de fabricação: | I5: Descrição do tanque: | AD5: Linha de fabricação:
B6: =VLOOKUP($AN$1,'plan de data'!$A$3:$B$189,2,0) -> 45868 | I6: =VLOOKUP($AN$1,'plan de data'!$A$3:$AH$189,34,0) -> REATORES NEREDA | AD6: Sistema: | AG6: SC-10 | AJ6: Mesa: | AM6: =VLOOKUP(AN1,'plan de data'!A3:$AE$500,31,0) -> PN-002 | AR6: marcar com "X" para definir quantidade de formas:
A7: x
A8: =IF($CC$9>0,"X",0) -> X | B8: Nº da forma : | G8: =IF(G9=0,"",AR8) | J8: =IF(J9=0,"",AU8) -> 2 | M8: =IF(M9=0,"",AX8) -> 3 | P8: =IF(P9=0,"",BA8) -> 4 | S8: =IF(S9=0,"",BD8) -> 5 | V8: =IF(V9=0,"",BG8) -> 6 | Y8: =IF(Y9=0,"",BJ8) -> 7 | AB8: =IF(AB9=0,"",BM8) -> 8 | AE8: =IF(AE9=0,"",BP8) | AH8: =IF(AH9=0,"",BS8) | AK8: =IF(AK9=0,"",BV8) | AN8: =IF(AN9=0,"",BY8) | AR8: 1 | AU8: 2 | AX8: 3 | BA8: 4 | BD8: 5 | BG8: 6 | BJ8: 7 | BM8: 8 | BP8: 9 | BS8: 10 | BV8: 11 | BY8: 12 | CC8: total
A9: =IF($CC$9>0,"X",0) -> X | B9: Nº do painel: | G9: =VLOOKUP($AN$1,'plan de data'!$A$3:$V$189,4,0) -> 0 | J9: =VLOOKUP($AN$1,'plan de data'!$A$3:$V$189,6,0) -> PN-354 | M9: =VLOOKUP($AN$1,'plan de data'!$A$3:$V$189,8,0) -> PN-355 | P9: =VLOOKUP($AN$1,'plan de data'!$A$3:$V$189,10,0) -> PN-356 | S9: =VLOOKUP($AN$1,'plan de data'!$A$3:$V$189,12,0) -> PN-357 | V9: =VLOOKUP($AN$1,'plan de data'!$A$3:$V$189,14,0) -> PN-358 | Y9: =VLOOKUP($AN$1,'plan de data'!$A$3:$V$189,16,0) -> PN-359 | AB9: =VLOOKUP($AN$1,'plan de data'!$A$3:$V$189,18,0) -> PN-360 | AE9: =VLOOKUP($AN$1,'plan de data'!$A$3:$V$189,20,0) -> 0 | AH9: =VLOOKUP($AN$1,'plan de data'!$A$3:$AA$189,22,0) -> 0 | AK9: =VLOOKUP($AN$1,'plan de data'!$A$3:$AA$189,24,0) -> 0 | AN9: =VLOOKUP($AN$1,'plan de data'!$A$3:$AA$189,26,0) -> 0 | AR9: X | AU9: X | AX9: X | BA9: x | BD9: x | BG9: x | BJ9: x | BM9: X | CC9: =COUNTIF(AR9:CA9,"X") -> 8
B10: Tipo de Inserto: | G10: =IF(G9="","",VLOOKUP($AN$1,'plan de data'!$A$3:$V$189,5,0)) -> 0 | J10: =VLOOKUP($AN$1,'plan de data'!$A$3:$V$189,7,0) -> P | M10: =VLOOKUP($AN$1,'plan de data'!$A$3:$V$189,9,0) -> P | P10: =VLOOKUP($AN$1,'plan de data'!$A$3:$V$189,11,0) -> P | S10: =VLOOKUP($AN$1,'plan de data'!$A$3:$V$189,13,0) -> P | V10: =VLOOKUP($AN$1,'plan de data'!$A$3:$V$189,15,0) -> P | Y10: =VLOOKUP($AN$1,'plan de data'!$A$3:$V$189,17,0) -> P | AB10: =VLOOKUP($AN$1,'plan de data'!$A$3:$V$189,19,0) -> P | AE10: =VLOOKUP($AN$1,'plan de data'!$A$3:$V$189,21,0) -> 0 | AH10: =VLOOKUP($AN$1,'plan de data'!$A$3:$V$189,21,0) -> 0 | AK10: =VLOOKUP($AN$1,'plan de data'!$A$3:$V$189,21,0) -> 0 | AN10: =VLOOKUP($AN$1,'plan de data'!$A$3:$V$189,21,0) -> 0
A11: =IF($CC$9>0,"X",0) -> X | B11: Tipo do painel: | J11: =IF(J10="","",IF(J10="P","Normal","Especial")) -> Normal | M11: =IF(M10="","",IF(M10="P","Normal","Especial")) -> Normal | P11: =IF(P10="","",IF(P10="P","Normal","Especial")) -> Normal | S11: =IF(S10="","",IF(S10="P","Normal","Especial")) -> Normal | V11: =IF(V10="","",IF(V10="P","Normal","Especial")) -> Normal | Y11: =IF(Y10="","",IF(Y10="P","Normal","Especial")) -> Normal | AB11: =IF(AB10="","",IF(AB10="P","Normal","Especial")) -> Normal
A12: =IF($CC$9>0,"X",0) -> X
A13: =IF($CC$14>0,"X",0) -> 0 | B13: Nº da forma : | G13: =IF(AR14="X",AR13,0) -> 0 | J13: =IF(AU14="X",AU13,0) -> 0 | M13: =IF(AX14="X",AX13,0) -> 0 | P13: =IF(BA14="X",BA13,0) -> 0 | S13: =IF(BD14="X",BD13,0) -> 0 | V13: =IF(BG14="X",BG13,0) -> 0 | Y13: =IF(BJ14="X",BJ13,0) -> 0 | AB13: =IF(BM14="X",BM13,0) -> 0 | AE13: =IF(BP14="X",BP13,0) -> 0 | AH13: =IF(BS14="X",BS13,0) -> 0 | AK13: =IF(BV14="X",BV13,0) -> 0 | AN13: =IF(BY14="X",BY13,0) -> 0 | AR13: 13 | AU13: 14 | AX13: 15 | BA13: 16 | BD13: 17 | BG13: 18 | BJ13: 19 | BM13: 20 | BP13: 21 | BS13: 22 | BV13: 23 | BY13: 24 | CC13: total
A14: =IF($CC$14>0,"X",0) -> 0 | B14: Nº do painel: | CC14: =COUNTIF(AR14:CA14,"X") -> 0
A15: =IF($CC$14>0,"X",0) -> 0 | B15: Tipo do painel:
A16: =IF($CC$14>0,"X",0) -> 0
A17: =IF($CC$18>0,"X",0) -> 0 | B17: Nº da forma : | G17: =IF(AR18="X",AR17,0) -> 0 | J17: =IF(AU18="X",AU17,0) -> 0 | M17: =IF(AX18="X",AX17,0) -> 0 | P17: =IF(BA18="X",BA17,0) -> 0 | S17: =IF(BD18="X",BD17,0) -> 0 | V17: =IF(BG18="X",BG17,0) -> 0 | Y17: =IF(BJ18="X",BJ17,0) -> 0 | AB17: =IF(BM18="X",BM17,0) -> 0 | AE17: =IF(BP18="X",BP17,0) -> 0 | AH17: =IF(BS18="X",BS17,0) -> 0 | AK17: =IF(BV18="X",BV17,0) -> 0 | AN17: =IF(BY18="X",BY17,0) -> 0 | AR17: 25 | AU17: 26 | AX17: 27 | BA17: 28 | BD17: 29 | BG17: 30 | BJ17: 31 | BM17: 32 | BP17: 33 | BS17: 34 | BV17: 35 | BY17: 36 | CC17: total
A18: =IF($CC$18>0,"X",0) -> 0 | B18: Nº do painel: | CC18: =COUNTIF(AR18:CA18,"X") -> 0
A19: =IF($CC$18>0,"X",0) -> 0 | B19: Tipo do painel:
B21: INSPEÇÃO NAS FORMAS | AE21: CONFORMIDADE:
C22: A geometria dos formas está em conformidade com os projetos; | AG22: X | AH22: Jsim | AM22: Lnão
C23: As formas estão limpas e com desmoldante ; | AE23: painel não conforme:
C24: As bainhas estão com dimensionais e posicionamento conforme projeto;
B25: NÃO CONFORMIDADE: | AE25: DECISÃO:
AF26: rejeitar | AJ26: corrigir | AN26: aceitar
B28: INSPEÇÃO NAS ARMADURAS | N28: Certificado (s): | AE28: CONFORMIDADE:
B29: Certificado (s): | G29: 916100/25 - 9139854/25 - 9142107/25 - 9142134/25 | Y29: As armaduras estão em conformidade com os requisitos definidos em projeto; | AG29: X | AH29: Jsim | AM29: Lnão
B30: 79369/25 - 914000/25 - 9108767/25 - 9108804/25 - 9142457/25 - 9108839/25 | AE30: painel não conforme:
B31: 9123538/25 - 9133306/25 - 9140467/25 - 9194366/25 - 9205525/25 - 9194366/25
B32: 9212242/25 - 9188331/25 - 921005/25 - 9142143/25 - 9209652/2025 - 9188331/25
B33: 9201005/25 - 9205525/25 - 9209652/25 - 9212242/25
B34: NÃO CONFORMIDADE: | AE34: DECISÃO:
AF35: rejeitar | AJ35: corrigir | AN35: aceitar
B37: INSPEÇÃO NOS ACESSÓRIOS | AE37: CONFORMIDADE: | AV37: área: | AY37: E: | CQ37: área: | CT37: E:
B38: =IF(A38="X","Embutidos FTK e chapas inox estão com dimensionais e posições conforme pré-estabelecido","Embutidos FTK estão com dimensionais e posições conforme pré-estabelecido") -> Embutidos FTK estão com dimensionais e posições conforme pré-estabelecido | AG38: X | AH38: Jsim | AM38: Lnão | AV38: =VLOOKUP($B$46,CA!$Y$3:$AF$188,8,0) -> 197.9 | AY38: =VLOOKUP($B$46,CA!$Y$3:$AF$188,7,0) -> 100 | CQ38: =IF(AV38=0,AY46,AV38) -> 197.9 | CT38: =IF(AY38=0,AY45,AY38) -> 100
B39: As chapas e aço CA-25 de aterramento estão com dimensionais e posições conf. Projeto | AE39: painel não conforme:
B40: Obs. As placas com chapas de aterramento tem na identificação a letra "I"
B41: NÃO CONFORMIDADE: | AE41: DECISÃO: | BA41: 197.7
AF42: rejeitar | AJ42: corrigir | AN42: aceitar | BA42: 99.9
B44: CABOS DE PRÉ-ESFORÇO | M44: BITOLA: | P44: 12.7 | S44: mm | V44: FORNECEDOR: | AB44: BELGO BEKAERT | AU44: dados passados para João Romba para calculo de alogamento teórico
B45: Nº DA BOBINA: | M45: DATA DE FABRICAÇÃO: | V45: Nº DA BOBINA: | AG45: DATA DE FABRICAÇÃO: | AV45: E= | AY45: - | BD45: KN/mm2
B46: =VLOOKUP($AN$1,CA!$A$3:$Y$282,25,0) -> 1063047150 | M46: =VLOOKUP($AN$1,CA!$A$3:$Z$282,26,0) -> 45859 | V46: =VLOOKUP($AN$1,CA!$A$3:$AB$282,28,0) -> 0 | AG46: =VLOOKUP($AN$1,CA!$A$3:$AC$188,29,0) -> - | AV46: A= | AY46: - | BD46: mm2
B47: CERTIFICADO Nº: | M47: =VLOOKUP(B46,CA!$Y$3:$AA$139,3,0) -> 82938 | V47: CERTIFICADO Nº: | AG47: =VLOOKUP($AN$1,CA!$A$3:$AD$188,30,0) -> - | AS47: fator correção= | BC47: =IF(CQ38+CT38=0,0,((AY45/CT38)+(AY46/CQ38))/2)*1.02 -> #VALUE!
C49: ALONGAMENTOS REAIS INDIVIDUAIS ( mm ): | AR49: marcar com "X" nos cabos utilizados na concretagem
C50: =IF(AR51="x",AR50,0) -> C-1 | F50: =IF(AU51="x",AU50,0) -> C-2 | I50: =IF(AX51="x",AX50,0) -> C-3 | L50: =IF(BA51="x",BA50,0) -> C-4 | O50: =IF(BD51="x",BD50,0) -> C-5 | R50: =IF(BG51="x",BG50,0) -> C-6 | U50: =IF(BJ51="x",BJ50,0) -> C-7 | X50: =IF(BM51="x",BM50,0) -> C-8 | AA50: =IF(BP51="x",BP50,0) -> C-9 | AD50: =IF(BS51="x",BS50,0) -> C-10 | AG50: =IF(BV51="x",BV50,0) -> C-11 | AJ50: =IF(BY51="x",BY50,0) -> C-12 | AM50: =IF(CB51="x",CB50,0) -> C-13 | AR50: C-1 | AU50: C-2 | AX50: C-3 | BA50: C-4 | BD50: C-5 | BG50: C-6 | BJ50: C-7 | BM50: C-8 | BP50: C-9 | BS50: C-10 | BV50: C-11 | BY50: C-12 | CB50: C-13
C51: =VLOOKUP($AN$1,CA!$A$3:$X$188,3,0) -> 341 | F51: =VLOOKUP($AN$1,CA!$A$3:$X$188,4,0) -> 340 | I51: =VLOOKUP($AN$1,CA!$A$3:$X$188,5,0) -> 340 | L51: =VLOOKUP($AN$1,CA!$A$3:$X$188,6,0) -> 340 | O51: =VLOOKUP($AN$1,CA!$A$3:$X$188,7,0) -> 338 | R51: =VLOOKUP($AN$1,CA!$A$3:$X$188,8,0) -> 340 | U51: =VLOOKUP($AN$1,CA!$A$3:$X$188,9,0) -> 340 | X51: =VLOOKUP($AN$1,CA!$A$3:$X$188,10,0) -> 340 | AA51: =VLOOKUP($AN$1,CA!$A$3:$X$188,11,0) -> 342 | AD51: =VLOOKUP($AN$1,CA!$A$3:$X$188,12,0) -> 342 | AG51: =VLOOKUP($AN$1,CA!$A$3:$X$188,13,0) -> 342 | AJ51: =VLOOKUP($AN$1,CA!$A$3:$X$188,14,0) -> 340 | AM51: =VLOOKUP($AN$1,CA!$A$3:$X$188,15,0) -> 340 | AR51: X | AU51: X | AX51: X | BA51: X | BD51: X | BG51: X | BJ51: X | BM51: X | BP51: X | BS51: X | BV51: X | BY51: X | CB51: X
C52: =IF(AR53="x",AR52,0) -> C-14 | F52: =IF(AU53="x",AU52,0) -> C-15 | I52: =IF(AX53="x",AX52,0) -> C-16 | L52: =IF(BA53="x",BA52,0) -> 0 | O52: =IF(BD53="x",BD52,0) -> 0 | R52: =IF(BG53="x",BG52,0) -> 0 | U52: =IF(BJ53="x",BJ52,0) -> 0 | X52: =IF(BM53="x",BM52,0) -> 0 | AA52: =IF(BP53="x",BP52,0) -> 0 | AD52: =IF(BS53="x",BS52,0) -> 0 | AG52: =IF(BV53="x",BV52,0) -> 0 | AJ52: =IF(BY53="x",BY52,0) -> 0 | AM52: =IF(CB53="x",CB52,0) -> 0 | AR52: C-14 | AU52: C-15 | AX52: C-16 | BA52: C-17 | BD52: C-18 | BG52: C-19 | BJ52: C-20 | BM52: C-21 | BP52: C-22 | BS52: C-23 | BV52: C-24 | BY52: C-25 | CB52: C-26
C53: =VLOOKUP($AN$1,CA!$A$3:$X$188,16,0) -> 338 | F53: =VLOOKUP($AN$1,CA!$A$3:$X$188,17,0) -> 343 | I53: =VLOOKUP($AN$1,CA!$A$3:$X$188,18,0) -> 342 | L53: =VLOOKUP($AN$1,CA!$A$3:$X$188,19,0) -> 0 | O53: =VLOOKUP($AN$1,CA!$A$3:$X$188,20,0) -> 0 | R53: =VLOOKUP($AN$1,CA!$A$3:$X$188,21,0) -> 0 | U53: =VLOOKUP($AN$1,CA!$A$3:$X$188,22,0) -> 0 | X53: =VLOOKUP($AN$1,CA!$A$3:$X$188,23,0) -> 0 | AA53: =VLOOKUP($AN$1,CA!$A$3:$X$188,24,0) -> 0 | AR53: X | AU53: X | AX53: X
B54: SOMATÓRIO DOS ALONGAMENTOS INDIVIDUAIS REAIS = | X54: =SUM(C51:AO51)+SUM(C53:AO53) -> 5448 | AC54: mm | CE54: =C50 -> C-1 | CH54: =F50 -> C-2 | CK54: =I50 -> C-3 | CN54: =L50 -> C-4 | CQ54: =O50 -> C-5 | CT54: =R50 -> C-6 | CW54: =U50 -> C-7 | CZ54: =X50 -> C-8 | DC54: =AA50 -> C-9 | DF54: =AD50 -> C-10 | DI54: =AG50 -> C-11 | DL54: =AJ50 -> C-12 | DO54: =AM50 -> C-13
B56: PARÂMETROS DE ACEITAÇÃO: | W56: MÍNIMO (mm) | AA56: MÁXIMO (mm) | AE56: CONFORMIDADE: | CE56: =IF(C51="-"";""",IF(C51=0,0,IF(AND(C51>=$W$57,C51<=$AA$57),0,1))) -> FALSE | CH56: =IF(F51="-"";""",IF(F51=0,0,IF(AND(F51>=$W$57,F51<=$AA$57),0,1))) -> FALSE | CK56: =IF(I51="-"";""",IF(I51=0,0,IF(AND(I51>=$W$57,I51<=$AA$57),0,1))) -> FALSE | CN56: =IF(L51="-"";""",IF(L51=0,0,IF(AND(L51>=$W$57,L51<=$AA$57),0,1))) -> FALSE | CQ56: =IF(O51="-"";""",IF(O51=0,0,IF(AND(O51>=$W$57,O51<=$AA$57),0,1))) -> FALSE | CT56: =IF(R51="-"";""",IF(R51=0,0,IF(AND(R51>=$W$57,R51<=$AA$57),0,1))) -> FALSE | CW56: =IF(U51="-"";""",IF(U51=0,0,IF(AND(U51>=$W$57,U51<=$AA$57),0,1))) -> FALSE | CZ56: =IF(X51="-"";""",IF(X51=0,0,IF(AND(X51>=$W$57,X51<=$AA$57),0,1))) -> FALSE | DC56: =IF(AA51="-"";""",IF(AA51=0,0,IF(AND(AA51>=$W$57,AA51<=$AA$57),0,1))) -> FALSE | DF56: =IF(AD51="-"";""",IF(AD51=0,0,IF(AND(AD51>=$W$57,AD51<=$AA$57),0,1))) -> FALSE | DI56: =IF(AG51="-"";""",IF(AG51=0,0,IF(AND(AG51>=$W$57,AG51<=$AA$57),0,1))) -> FALSE | DL56: =IF(AJ51="-"";""",IF(AJ51=0,0,IF(AND(AJ51>=$W$57,AJ51<=$AA$57),0,1))) -> FALSE | DO56: =IF(AM51="-"";""",IF(AM51=0,0,IF(AND(AM51>=$W$57,AM51<=$AA$57),0,1))) -> FALSE
B57: Os alongamentos individuais são iguais ao valor teórico +/- 5 % | W57: =IF(AV58="X",BA58,IF(AV60="X",BA60,0)) -> 321 | AA57: =IF(AV58="X",BH58,IF(AV60="X",BH60,0)) -> 356 | AG57: =IF(SUM(C51:AO51)+SUM(C53:AO53)=0,0,IF(CE60=0,"X",0)) -> X | AH57: Jsim | AL57: =IF(SUM(C51:AO51)+SUM(C53:AO53)=0,0,IF(CE60>0,"X",0)) -> 0 | AM57: Lnão | CE57: =C52 -> C-14 | CH57: =F52 -> C-15 | CK57: =I52 -> C-16 | CN57: =L52 -> 0 | CQ57: =O52 -> 0 | CT57: =R52 -> 0 | CW57: =U52 -> 0 | CZ57: =X52 -> 0 | DC57: =AA52 -> 0 | DF57: =AD52 -> 0 | DI57: =AG52 -> 0 | DL57: =AJ52 -> 0 | DO57: =AM52 -> 0
C58: Cabo(s) Não Conforme(s): C- | N58: =IF(CE70=1,CE69,0) -> 0 | O58: =IF(CF70=1,CF69,0) -> 0 | P58: =IF(CG70=1,CG69,0) -> 0 | Q58: =IF(CH70=1,CH69,0) -> 0 | R58: =IF(CI70=1,CI69,0) -> 0 | S58: =IF(CJ70=1,CJ69,0) -> 0 | T58: =IF(CK70=1,CK69,0) -> 0 | U58: =IF(CL70=1,CL69,0) -> 0 | ... Z58: =IF(CQ70=1,CQ69,0) -> 0 | AA58: =IF(CE77=1,CE76,0) -> 0 | AB58: =IF(CF77=1,CF76,0) -> 0 | AC58: =IF(CG77=1,CG76,0) -> 0 | AD58: =IF(CH77=1,CH76,0) -> 0 | AE58: =IF(CI77=1,CI76,0) -> 0 | AF58: =IF(CJ77=1,CJ76,0) -> 0 | AG58: =IF(CK77=1,CK76,0) -> 0 | AH58: =IF(CL77=1,CL76,0) -> 0 | ... AP58: =IF(CT77=1,CT76,0) -> 0 | AV58: x | AX58: PN | BA58: 321 | BF58: A | BH58: 356 | CE58: =IF(C53="-"";""",IF(C53=0,0,IF(AND(C53>=$W$57,C53<=$AA$57),0,1))) -> FALSE | CH58: =IF(F53="-"";""",IF(F53=0,0,IF(AND(F53>=$W$57,F53<=$AA$57),0,1))) -> FALSE | CK58: =IF(I53="-"";""",IF(I53=0,0,IF(AND(I53>=$W$57,I53<=$AA$57),0,1))) -> FALSE | CN58: =IF(L53="-"";""",IF(L53=0,0,IF(AND(L53>=$W$57,L53<=$AA$57),0,1))) -> FALSE | CQ58: =IF(O53="-"";""",IF(O53=0,0,IF(AND(O53>=$W$57,O53<=$AA$57),0,1))) -> FALSE | CT58: =IF(R53="-"";""",IF(R53=0,0,IF(AND(R53>=$W$57,R53<=$AA$57),0,1))) -> FALSE | CW58: =IF(U53="-"";""",IF(U53=0,0,IF(AND(U53>=$W$57,U53<=$AA$57),0,1))) -> FALSE | CZ58: =IF(X53="-"";""",IF(X53=0,0,IF(AND(X53>=$W$57,X53<=$AA$57),0,1))) -> FALSE | DC58: =IF(AA53="-"";""",IF(AA53=0,0,IF(AND(AA53>=$W$57,AA53<=$AA$57),0,1))) -> FALSE | DF58: =IF(AD53="-"";""",IF(AD53=0,0,IF(AND(AD53>=$W$57,AD53<=$AA$57),0,1))) -> FALSE | DI58: =IF(AG53="-"";""",IF(AG53=0,0,IF(AND(AG53>=$W$57,AG53<=$AA$57),0,1))) -> FALSE | DL58: =IF(AJ53="-"";""",IF(AJ53=0,0,IF(AND(AJ53>=$W$57,AJ53<=$AA$57),0,1))) -> FALSE | DO58: =IF(AM53="-"";""",IF(AM53=0,0,IF(AND(AM53>=$W$57,AM53<=$AA$57),0,1))) -> FALSE
B60: ∑ de todos os alongamentos é igual ao ∑ valor teórico +/- 3 % | W60: =IF(AW65="X",BB65,IF(AW67="X",BB67,IF(AW70="X",BB70,0))) -> 5247 | AA60: =IF(AW65="X",BI65,IF(AW67="X",BI67,IF(AW70="X",BI70,0))) -> 5573 | AG60: =IF(X54=0,0,IF(AND(X54>=W60,X54<=AA60),"X",0)) -> X | AH60: Jsim | AL60: =IF(SUM(C51:AO51)+SUM(C53:AO53)=0,0,IF(AND(X54>=W60,X54<=AA60),0,"X")) -> 0 | AM60: Lnão | AV60: x | AX60: PF | BA60: 100 | BF60: A | BH60: 120 | CE60: =SUM(CE56:DQ58) -> 0
B62: Certificado de calibração do manômetro do macaco de protensão Nº: | AA62: 25008 (02/04/2025) - VOLLERT
B64: CONCRETO ( FABRICAÇÃO ) | N64: Certificado do concreto: | V64: FRMC nº: | Y64: =VLOOKUP($AN$1,'plan de data'!$A$3:$C$189,3,0) -> 1238-1239-1240-1241 | AE64: CONFORMIDADE:
C65: O concreto teve espalhamento ( flow ) : >= 650 mm e <=750 mm ; | AG65: X | AH65: Jsim | AM65: Lnão | AW65: x | AY65: PN | BB65: 5247 | BG65: A | BI65: 5573 | BN65: SC10
C66: O concreto teve resistência mínima de 24 MPa para relaxamento dos cabos; | AG66: X | AH66: Jsim | AM66: Lnão
C67: O concreto teve resistência maior ou igual 40 MPa aos 28 dias; | AG67: X | AH67: Jsim | AM67: Lnão | AY67: PF | BB67: 1846 | BG67: A | BI67: 2100 | BN67: SC10
B69: PRODUTO ACABADO ( FABRICAÇÃO ) | AE69: CONFORMIDADE: | CE69: 1 | CF69: 2 | CG69: 3 | CH69: 4 | CI69: 5 | CJ69: 6 | CK69: 7 | CL69: 8 | CM69: 9 | CN69: 10 | CO69: 11 | CP69: 12 | CQ69: 13
C70: Os produtos não tem fissuras nem imperfeições; | AG70: X | AH70: Jsim | AM70: Lnão | AY70: PN | BB70: =BA58*22 -> 7062 | BG70: A | BI70: =22*BH58 -> 7832 | BN70: SC14 | CE70: =CE56 -> FALSE | CF70: =CH56 -> FALSE | CG70: =CK56 -> FALSE | CH70: =CN56 -> FALSE | CI70: =CQ56 -> FALSE | CJ70: =CT56 -> FALSE | CK70: =CW56 -> FALSE | CL70: =CZ56 -> FALSE | CM70: =DC56 -> FALSE | CN70: =DF57 -> 0 | CO70: =DI56 -> FALSE | CP70: =DL56 -> FALSE | CQ70: =DO56 -> FALSE
C71: Os painéis foram identificados; | AG71: X | AH71: Jsim | AM71: Lnão
C72: Os painéis foram devidamente estocados conforme pré-estabelecido; | AG72: X | AH72: Jsim | AM72: Lnão
C73: As dimensões dos produtos estão em conformidade com os requisitos de projeto; | AG73: X | AH73: Jsim | AM73: Lnão
B75: PRODUTO NÃO CONFORME | L75: DECISÃO | X75: OBSERVAÇÃO
M76: rejeitar | Q76: corrigir | U76: aceitar | CE76: 14 | CF76: 15 | CG76: 16 | CH76: 17 | CI76: 18 | CJ76: 19 | CK76: 20 | CL76: 21 | CM76: 22 | CN76: 23 | CO76: 24 | CP76: 25 | CQ76: 26
M77: rejeitar | Q77: corrigir | U77: aceitar | CE77: =CE58 -> FALSE | CF77: =CH58 -> FALSE | CG77: =CK58 -> FALSE | CH77: =CN58 -> FALSE | CI77: =CQ58 -> FALSE | CJ77: =CT58 -> FALSE | CK77: =CW58 -> FALSE | CL77: =CZ58 -> FALSE | CM77: =DC58 -> FALSE | CN77: =DF58 -> FALSE | CO77: =DI58 -> FALSE | CP77: =DL58 -> FALSE | CQ77: =DO58 -> FALSE
M78: rejeitar | Q78: corrigir | U78: aceitar
M79: rejeitar | Q79: corrigir | U79: aceitar
M80: rejeitar | Q80: corrigir | U80: aceitar
AS81: 0
B82: responsável pelas inspeções: | N82: função: | X82: assinatura: | AK82: data: | BD82: soma dia se domingo
B83: Gean Junior Reinholz | N83: Téc de Edificações | X83: #VALUE! | AK83: =B6+28 -> 45896 | AS83: =AK83+AS81 -> 45896 | BC83: 1 | BF83: =TEXT(AS83,"ddd") -> qua

Sheet PN2
L1: CONTROLE DE QUALIDADE | AD1: registro nº: | AH1: FTQ- | AJ1: 1 | AM1: - | AN1: 60 | BD1: SC-6 | BM1: Normal | BU1: P
L2: Cliente: | P2: =VLOOKUP($AN$1,'plan de data'!$A$3:$AF$289,32,0) -> CONSÓRCIO NOVA ETE - PARQUE NOVO MUNDO | AD2: Local: | AG2: VIANA - ES | AW2: PN-001 | BD2: SC-10 | BM2: Especial
L3: Obra: | P3: =VLOOKUP($AN$1,'plan de data'!$A$3:$AG$289,33,0) -> ETE - PARQUE NOVO MUNDO | AW3: PF-001 | BD3: SC-14
A5: filtre "X" | B5: Data de fabricação: | I5: Descrição do tanque: | AD5: Linha de fabricação:
B6: =VLOOKUP($AN$1,'plan de data'!$A$3:$B$189,2,0) -> 45874 | I6: =VLOOKUP($AN$1,'plan de data'!$A$3:$AH$189,34,0) -> REATORES NEREDA | AD6: Sistema: | AG6: SC-10 | AJ6: Mesa: | AM6: =VLOOKUP(AN1,'plan de data'!A3:$AE$500,31,0) -> PN-002 | AR6: marcar com "X" para definir quantidade de formas:
A7: x
A8: =IF($CC$9>0,"X",0) -> X | B8: Nº da forma : | G8: =IF(G9=0,"",AR8) | J8: =IF(J9=0,"",AU8) -> 2 | M8: =IF(M9=0,"",AX8) -> 3 | P8: =IF(P9=0,"",BA8) -> 4 | S8: =IF(S9=0,"",BD8) -> 5 | V8: =IF(V9=0,"",BG8) -> 6 | Y8: =IF(Y9=0,"",BJ8) -> 7 | AB8: =IF(AB9=0,"",BM8) -> 8 | AE8: =IF(AE9=0,"",BP8) | AH8: =IF(AH9=0,"",BS8) | AK8: =IF(AK9=0,"",BV8) | AN8: =IF(AN9=0,"",BY8) | AR8: 1 | AU8: 2 | AX8: 3 | BA8: 4 | BD8: 5 | BG8: 6 | BJ8: 7 | BM8: 8 | BP8: 9 | BS8: 10 | BV8: 11 | BY8: 12 | CC8: total
A9: =IF($CC$9>0,"X",0) -> X | B9: Nº do painel: | G9: =VLOOKUP($AN$1,'plan de data'!$A$3:$V$189,4,0) -> 0 | J9: =VLOOKUP($AN$1,'plan de data'!$A$3:$V$189,6,0) -> PN-387 | M9: =VLOOKUP($AN$1,'plan de data'!$A$3:$V$189,8,0) -> PN-388 | P9: =VLOOKUP($AN$1,'plan de data'!$A$3:$V$189,10,0) -> PN-389 | S9: =VLOOKUP($AN$1,'plan de data'!$A$3:$V$189,12,0) -> PN-390 | V9: =VLOOKUP($AN$1,'plan de data'!$A$3:$V$189,14,0) -> PN-391 | Y9: =VLOOKUP($AN$1,'plan de data'!$A$3:$V$189,16,0) -> PN-392 | AB9: =VLOOKUP($AN$1,'plan de data'!$A$3:$V$189,18,0) -> PN-393 | AE9: =VLOOKUP($AN$1,'plan de data'!$A$3:$V$189,20,0) -> 0 | AH9: =VLOOKUP($AN$1,'plan de data'!$A$3:$AA$189,22,0) -> 0 | AK9: =VLOOKUP($AN$1,'plan de data'!$A$3:$AA$189,24,0) -> 0 | AN9: =VLOOKUP($AN$1,'plan de data'!$A$3:$AA$189,26,0) -> 0 | AR9: X | AU9: X | AX9: X | BA9: x | BD9: x | BG9: x | BJ9: x | BM9: X | CC9: =COUNTIF(AR9:CA9,"X") -> 8
B10: Tipo de Inserto: | G10: =IF(G9="","",VLOOKUP($AN$1,'plan de data'!$A$3:$V$189,5,0)) -> 0 | J10: =VLOOKUP($AN$1,'plan de data'!$A$3:$V$189,7,0) -> P | M10: =VLOOKUP($AN$1,'plan de data'!$A$3:$V$189,9,0) -> P | P10: =VLOOKUP($AN$1,'plan de data'!$A$3:$V$189,11,0) -> P | S10: =VLOOKUP($AN$1,'plan de data'!$A$3:$V$189,13,0) -> P | V10: =VLOOKUP($AN$1,'plan de data'!$A$3:$V$189,15,0) -> P | Y10: =VLOOKUP($AN$1,'plan de data'!$A$3:$V$189,17,0) -> P | AB10: =VLOOKUP($AN$1,'plan de data'!$A$3:$V$189,19,0) -> P | AE10: =VLOOKUP($AN$1,'plan de data'!$A$3:$V$189,21,0) -> 0 | AH10: =VLOOKUP($AN$1,'plan de data'!$A$3:$V$189,21,0) -> 0 | AK10: =VLOOKUP($AN$1,'plan de data'!$A$3:$V$189,21,0) -> 0 | AN10: =VLOOKUP($AN$1,'plan de data'!$A$3:$V$189,21,0) -> 0
A11: =IF($CC$9>0,"X",0) -> X | B11: Tipo do painel: | J11: =IF(J10="","",IF(J10="P","Normal","Especial")) -> Normal | M11: =IF(M10="","",IF(M10="P","Normal","Especial")) -> Normal | P11: =IF(P10="","",IF(P10="P","Normal","Especial")) -> Normal | S11: =IF(S10="","",IF(S10="P","Normal","Especial")) -> Normal | V11: =IF(V10="","",IF(V10="P","Normal","Especial")) -> Normal | Y11: =IF(Y10="","",IF(Y10="P","Normal","Especial")) -> Normal | AB11: =IF(AB10="","",IF(AB10="P","Normal","Especial")) -> Normal
A12: =IF($CC$9>0,"X",0) -> X
A13: =IF($CC$14>0,"X",0) -> 0 | B13: Nº da forma : | G13: =IF(AR14="X",AR13,0) -> 0 | J13: =IF(AU14="X",AU13,0) -> 0 | M13: =IF(AX14="X",AX13,0) -> 0 | P13: =IF(BA14="X",BA13,0) -> 0 | S13: =IF(BD14="X",BD13,0) -> 0 | V13: =IF(BG14="X",BG13,0) -> 0 | Y13: =IF(BJ14="X",BJ13,0) -> 0 | AB13: =IF(BM14="X",BM13,0) -> 0 | AE13: =IF(BP14="X",BP13,0) -> 0 | AH13: =IF(BS14="X",BS13,0) -> 0 | AK13: =IF(BV14="X",BV13,0) -> 0 | AN13: =IF(BY14="X",BY13,0) -> 0 | AR13: 13 | AU13: 14 | AX13: 15 | BA13: 16 | BD13: 17 | BG13: 18 | BJ13: 19 | BM13: 20 | BP13: 21 | BS13: 22 | BV13: 23 | BY13: 24 | CC13: total
A14: =IF($CC$14>0,"X",0) -> 0 | B14: Nº do painel: | CC14: =COUNTIF(AR14:CA14,"X") -> 0
A15: =IF($CC$14>0,"X",0) -> 0 | B15: Tipo do painel:
A16: =IF($CC$14>0,"X",0) -> 0
A17: =IF($CC$18>0,"X",0) -> 0 | B17: Nº da forma : | G17: =IF(AR18="X",AR17,0) -> 0 | J17: =IF(AU18="X",AU17,0) -> 0 | M17: =IF(AX18="X",AX17,0) -> 0 | P17: =IF(BA18="X",BA17,0) -> 0 | S17: =IF(BD18="X",BD17,0) -> 0 | V17: =IF(BG18="X",BG17,0) -> 0 | Y17: =IF(BJ18="X",BJ17,0) -> 0 | AB17: =IF(BM18="X",BM17,0) -> 0 | AE17: =IF(BP18="X",BP17,0) -> 0 | AH17: =IF(BS18="X",BS17,0) -> 0 | AK17: =IF(BV18="X",BV17,0) -> 0 | AN17: =IF(BY18="X",BY17,0) -> 0 | AR17: 25 | AU17: 26 | AX17: 27 | BA17: 28 | BD17: 29 | BG17: 30 | BJ17: 31 | BM17: 32 | BP17: 33 | BS17: 34 | BV17: 35 | BY17: 36 | CC17: total
A18: =IF($CC$18>0,"X",0) -> 0 | B18: Nº do painel: | CC18: =COUNTIF(AR18:CA18,"X") -> 0
A19: =IF($CC$18>0,"X",0) -> 0 | B19: Tipo do painel:
B21: INSPEÇÃO NAS FORMAS | AE21: CONFORMIDADE:
C22: A geometria dos formas está em conformidade com os projetos; | AG22: X | AH22: Jsim | AM22: Lnão
C23: As formas estão limpas e com desmoldante ; | AE23: painel não conforme:
C24: As bainhas estão com dimensionais e posicionamento conforme projeto;
B25: NÃO CONFORMIDADE: | AE25: DECISÃO:
AF26: rejeitar | AJ26: corrigir | AN26: aceitar
B28: INSPEÇÃO NAS ARMADURAS | N28: Certificado (s): | AE28: CONFORMIDADE:
B29: Certificado (s): | G29: 916100/25 - 9139854/25 - 9142107/25 - 9142134/25 | Y29: As armaduras estão em conformidade com os requisitos definidos em projeto; | AG29: X | AH29: Jsim | AM29: Lnão
B30: 79369/25 - 914000/25 - 9108767/25 - 9108804/25 - 9142457/25 - 9108839/25 | AE30: painel não conforme:
B31: 9123538/25 - 9133306/25 - 9140467/25 - 9194366/25 - 9205525/25 - 9194366/25
B32: 9212242/25 - 9188331/25 - 921005/25 - 9142143/25 - 9209652/2025 - 9188331/25
B33: 9201005/25 - 9205525/25 - 9209652/25 - 9212242/25
B34: NÃO CONFORMIDADE: | AE34: DECISÃO:
AF35: rejeitar | AJ35: corrigir | AN35: aceitar
B37: INSPEÇÃO NOS ACESSÓRIOS | AE37: CONFORMIDADE: | AV37: área: | AY37: E: | CQ37: área: | CT37: E:
B38: =IF(A38="X","Embutidos FTK e chapas inox estão com dimensionais e posições conforme pré-estabelecido","Embutidos FTK estão com dimensionais e posições conforme pré-estabelecido") -> Embutidos FTK estão com dimensionais e posições conforme pré-estabelecido | AG38: X | AH38: Jsim | AM38: Lnão | AV38: =VLOOKUP($B$46,CA!$Y$3:$AF$188,8,0) -> 202 | AY38: =VLOOKUP($B$46,CA!$Y$3:$AF$188,7,0) -> 99.9 | CQ38: =IF(AV38=0,AY46,AV38) -> 202 | CT38: =IF(AY38=0,AY45,AY38) -> 99.9
B39: As chapas e aço CA-25 de aterramento estão com dimensionais e posições conf. Projeto | AE39: painel não conforme:
B40: Obs. As placas com chapas de aterramento tem na identificação a letra "I"
B41: NÃO CONFORMIDADE: | AE41: DECISÃO: | BA41: 197.7
AF42: rejeitar | AJ42: corrigir | AN42: aceitar | BA42: 99.9
B44: CABOS DE PRÉ-ESFORÇO | M44: BITOLA: | P44: 12.7 | S44: mm | V44: FORNECEDOR: | AB44: BELGO BEKAERT | AU44: dados passados para João Romba para calculo de alogamento teórico
B45: Nº DA BOBINA: | M45: DATA DE FABRICAÇÃO: | V45: Nº DA BOBINA: | AG45: DATA DE FABRICAÇÃO: | AV45: E= | AY45: - | BD45: KN/mm2
B46: =VLOOKUP($AN$1,CA!$A$3:$Y$282,25,0) -> 1063047223 | M46: =VLOOKUP($AN$1,CA!$A$3:$Z$282,26,0) -> 45859 | V46: =VLOOKUP($AN$1,CA!$A$3:$AB$282,28,0) -> 0 | AG46: =VLOOKUP($AN$1,CA!$A$3:$AC$188,29,0) -> - | AV46: A= | AY46: - | BD46: mm2
B47: CERTIFICADO Nº: | M47: =VLOOKUP(B46,CA!$Y$3:$AA$139,3,0) -> 82938 | V47: CERTIFICADO Nº: | AG47: =VLOOKUP($AN$1,CA!$A$3:$AD$188,30,0) -> - | AS47: fator correção= | BC47: =IF(CQ38+CT38=0,0,((AY45/CT38)+(AY46/CQ38))/2)*1.02 -> #VALUE!
C49: ALONGAMENTOS REAIS INDIVIDUAIS ( mm ): | AR49: marcar com "X" nos cabos utilizados na concretagem
C50: =IF(AR51="x",AR50,0) -> C-1 | F50: =IF(AU51="x",AU50,0) -> C-2 | I50: =IF(AX51="x",AX50,0) -> C-3 | L50: =IF(BA51="x",BA50,0) -> C-4 | O50: =IF(BD51="x",BD50,0) -> C-5 | R50: =IF(BG51="x",BG50,0) -> C-6 | U50: =IF(BJ51="x",BJ50,0) -> C-7 | X50: =IF(BM51="x",BM50,0) -> C-8 | AA50: =IF(BP51="x",BP50,0) -> C-9 | AD50: =IF(BS51="x",BS50,0) -> C-10 | AG50: =IF(BV51="x",BV50,0) -> C-11 | AJ50: =IF(BY51="x",BY50,0) -> C-12 | AM50: =IF(CB51="x",CB50,0) -> C-13 | AR50: C-1 | AU50: C-2 | AX50: C-3 | BA50: C-4 | BD50: C-5 | BG50: C-6 | BJ50: C-7 | BM50: C-8 | BP50: C-9 | BS50: C-10 | BV50: C-11 | BY50: C-12 | CB50: C-13
C51: =VLOOKUP($AN$1,CA!$A$3:$X$188,3,0) -> 350 | F51: =VLOOKUP($AN$1,CA!$A$3:$X$188,4,0) -> 350 | I51: =VLOOKUP($AN$1,CA!$A$3:$X$188,5,0) -> 340 | L51: =VLOOKUP($AN$1,CA!$A$3:$X$188,6,0) -> 345 | O51: =VLOOKUP($AN$1,CA!$A$3:$X$188,7,0) -> 345 | R51: =VLOOKUP($AN$1,CA!$A$3:$X$188,8,0) -> 345 | U51: =VLOOKUP($AN$1,CA!$A$3:$X$188,9,0) -> 343 | X51: =VLOOKUP($AN$1,CA!$A$3:$X$188,10,0) -> 342 | AA51: =VLOOKUP($AN$1,CA!$A$3:$X$188,11,0) -> 345 | AD51: =VLOOKUP($AN$1,CA!$A$3:$X$188,12,0) -> 343 | AG51: =VLOOKUP($AN$1,CA!$A$3:$X$188,13,0) -> 344 | AJ51: =VLOOKUP($AN$1,CA!$A$3:$X$188,14,0) -> 344 | AM51: =VLOOKUP($AN$1,CA!$A$3:$X$188,15,0) -> 345 | AR51: X | AU51: X | AX51: X | BA51: X | BD51: X | BG51: X | BJ51: X | BM51: X | BP51: X | BS51: X | BV51: X | BY51: X | CB51: X
C52: =IF(AR53="x",AR52,0) -> C-14 | F52: =IF(AU53="x",AU52,0) -> C-15 | I52: =IF(AX53="x",AX52,0) -> C-16 | L52: =IF(BA53="x",BA52,0) -> 0 | O52: =IF(BD53="x",BD52,0) -> 0 | R52: =IF(BG53="x",BG52,0) -> 0 | U52: =IF(BJ53="x",BJ52,0) -> 0 | X52: =IF(BM53="x",BM52,0) -> 0 | AA52: =IF(BP53="x",BP52,0) -> 0 | AD52: =IF(BS53="x",BS52,0) -> 0 | AG52: =IF(BV53="x",BV52,0) -> 0 | AJ52: =IF(BY53="x",BY52,0) -> 0 | AM52: =IF(CB53="x",CB52,0) -> 0 | AR52: C-14 | AU52: C-15 | AX52: C-16 | BA52: C-17 | BD52: C-18 | BG52: C-19 | BJ52: C-20 | BM52: C-21 | BP52: C-22 | BS52: C-23 | BV52: C-24 | BY52: C-25 | CB52: C-26
C53: =VLOOKUP($AN$1,CA!$A$3:$X$188,16,0) -> 345 | F53: =VLOOKUP($AN$1,CA!$A$3:$X$188,17,0) -> 346 | I53: =VLOOKUP($AN$1,CA!$A$3:$X$188,18,0) -> 345 | L53: =VLOOKUP($AN$1,CA!$A$3:$X$188,19,0) -> 0 | O53: =VLOOKUP($AN$1,CA!$A$3:$X$188,20,0) -> 0 | R53: =VLOOKUP($AN$1,CA!$A$3:$X$188,21,0) -> 0 | U53: =VLOOKUP($AN$1,CA!$A$3:$X$188,22,0) -> 0 | X53: =VLOOKUP($AN$1,CA!$A$3:$X$188,23,0) -> 0 | AA53: =VLOOKUP($AN$1,CA!$A$3:$X$188,24,0) -> 0 | AR53: X | AU53: X | AX53: X
B54: SOMATÓRIO DOS ALONGAMENTOS INDIVIDUAIS REAIS = | X54: =SUM(C51:AO51)+SUM(C53:AO53) -> 5517 | AC54: mm | CE54: =C50 -> C-1 | CH54: =F50 -> C-2 | CK54: =I50 -> C-3 | CN54: =L50 -> C-4 | CQ54: =O50 -> C-5 | CT54: =R50 -> C-6 | CW54: =U50 -> C-7 | CZ54: =X50 -> C-8 | DC54: =AA50 -> C-9 | DF54: =AD50 -> C-10 | DI54: =AG50 -> C-11 | DL54: =AJ50 -> C-12 | DO54: =AM50 -> C-13
B56: PARÂMETROS DE ACEITAÇÃO: | W56: MÍNIMO (mm) | AA56: MÁXIMO (mm) | AE56: CONFORMIDADE: | CE56: =IF(C51="-"";""",IF(C51=0,0,IF(AND(C51>=$W$57,C51<=$AA$57),0,1))) -> FALSE | CH56: =IF(F51="-"";""",IF(F51=0,0,IF(AND(F51>=$W$57,F51<=$AA$57),0,1))) -> FALSE | CK56: =IF(I51="-"";""",IF(I51=0,0,IF(AND(I51>=$W$57,I51<=$AA$57),0,1))) -> FALSE | CN56: =IF(L51="-"";""",IF(L51=0,0,IF(AND(L51>=$W$57,L51<=$AA$57),0,1))) -> FALSE | CQ56: =IF(O51="-"";""",IF(O51=0,0,IF(AND(O51>=$W$57,O51<=$AA$57),0,1))) -> FALSE | CT56: =IF(R51="-"";""",IF(R51=0,0,IF(AND(R51>=$W$57,R51<=$AA$57),0,1))) -> FALSE | CW56: =IF(U51="-"";""",IF(U51=0,0,IF(AND(U51>=$W$57,U51<=$AA$57),0,1))) -> FALSE | CZ56: =IF(X51="-"";""",IF(X51=0,0,IF(AND(X51>=$W$57,X51<=$AA$57),0,1))) -> FALSE | DC56: =IF(AA51="-"";""",IF(AA51=0,0,IF(AND(AA51>=$W$57,AA51<=$AA$57),0,1))) -> FALSE | DF56: =IF(AD51="-"";""",IF(AD51=0,0,IF(AND(AD51>=$W$57,AD51<=$AA$57),0,1))) -> FALSE | DI56: =IF(AG51="-"";""",IF(AG51=0,0,IF(AND(AG51>=$W$57,AG51<=$AA$57),0,1))) -> FALSE | DL56: =IF(AJ51="-"";""",IF(AJ51=0,0,IF(AND(AJ51>=$W$57,AJ51<=$AA$57),0,1))) -> FALSE | DO56: =IF(AM51="-"";""",IF(AM51=0,0,IF(AND(AM51>=$W$57,AM51<=$AA$57),0,1))) -> FALSE
B57: Os alongamentos individuais são iguais ao valor teórico +/- 5 % | W57: =IF(AV58="X",BA58,IF(AV60="X",BA60,0)) -> 321 | AA57: =IF(AV58="X",BH58,IF(AV60="X",BH60,0)) -> 356 | AG57: =IF(SUM(C51:AO51)+SUM(C53:AO53)=0,0,IF(CE60=0,"X",0)) -> X | AH57: Jsim | AL57: =IF(SUM(C51:AO51)+SUM(C53:AO53)=0,0,IF(CE60>0,"X",0)) -> 0 | AM57: Lnão | CE57: =C52 -> C-14 | CH57: =F52 -> C-15 | CK57: =I52 -> C-16 | CN57: =L52 -> 0 | CQ57: =O52 -> 0 | CT57: =R52 -> 0 | CW57: =U52 -> 0 | CZ57: =X52 -> 0 | DC57: =AA52 -> 0 | DF57: =AD52 -> 0 | DI57: =AG52 -> 0 | DL57: =AJ52 -> 0 | DO57: =AM52 -> 0
C58: Cabo(s) Não Conforme(s): C- | N58: =IF(CE70=1,CE69,0) -> 0 | O58: =IF(CF70=1,CF69,0) -> 0 | P58: =IF(CG70=1,CG69,0) -> 0 | Q58: =IF(CH70=1,CH69,0) -> 0 | R58: =IF(CI70=1,CI69,0) -> 0 | S58: =IF(CJ70=1,CJ69,0) -> 0 | T58: =IF(CK70=1,CK69,0) -> 0 | U58: =IF(CL70=1,CL69,0) -> 0 | ... Z58: =IF(CQ70=1,CQ69,0) -> 0 | AA58: =IF(CE77=1,CE76,0) -> 0 | AB58: =IF(CF77=1,CF76,0) -> 0 | AC58: =IF(CG77=1,CG76,0) -> 0 | AD58: =IF(CH77=1,CH76,0) -> 0 | AE58: =IF(CI77=1,CI76,0) -> 0 | AF58: =IF(CJ77=1,CJ76,0) -> 0 | AG58: =IF(CK77=1,CK76,0) -> 0 | AH58: =IF(CL77=1,CL76,0) -> 0 | ... AP58: =IF(CT77=1,CT76,0) -> 0 | AV58: x | AX58: PN | BA58: 321 | BF58: A | BH58: 356 | CE58: =IF(C53="-"";""",IF(C53=0,0,IF(AND(C53>=$W$57,C53<=$AA$57),0,1))) -> FALSE | CH58: =IF(F53="-"";""",IF(F53=0,0,IF(AND(F53>=$W$57,F53<=$AA$57),0,1))) -> FALSE | CK58: =IF(I53="-"";""",IF(I53=0,0,IF(AND(I53>=$W$57,I53<=$AA$57),0,1))) -> FALSE | CN58: =IF(L53="-"";""",IF(L53=0,0,IF(AND(L53>=$W$57,L53<=$AA$57),0,1))) -> FALSE | CQ58: =IF(O53="-"";""",IF(O53=0,0,IF(AND(O53>=$W$57,O53<=$AA$57),0,1))) -> FALSE | CT58: =IF(R53="-"";""",IF(R53=0,0,IF(AND(R53>=$W$57,R53<=$AA$57),0,1))) -> FALSE | CW58: =IF(U53="-"";""",IF(U53=0,0,IF(AND(U53>=$W$57,U53<=$AA$57),0,1))) -> FALSE | CZ58: =IF(X53="-"";""",IF(X53=0,0,IF(AND(X53>=$W$57,X53<=$AA$57),0,1))) -> FALSE | DC58: =IF(AA53="-"";""",IF(AA53=0,0,IF(AND(AA53>=$W$57,AA53<=$AA$57),0,1))) -> FALSE | DF58: =IF(AD53="-"";""",IF(AD53=0,0,IF(AND(AD53>=$W$57,AD53<=$AA$57),0,1))) -> FALSE | DI58: =IF(AG53="-"";""",IF(AG53=0,0,IF(AND(AG53>=$W$57,AG53<=$AA$57),0,1))) -> FALSE | DL58: =IF(AJ53="-"";""",IF(AJ53=0,0,IF(AND(AJ53>=$W$57,AJ53<=$AA$57),0,1))) -> FALSE | DO58: =IF(AM53="-"";""",IF(AM53=0,0,IF(AND(AM53>=$W$57,AM53<=$AA$57),0,1))) -> FALSE
B60: ∑ de todos os alongamentos é igual ao ∑ valor teórico +/- 3 % | W60: =IF(AW65="X",BB65,IF(AW67="X",BB67,IF(AW70="X",BB70,0))) -> 5247 | AA60: =IF(AW65="X",BI65,IF(AW67="X",BI67,IF(AW70="X",BI70,0))) -> 5573 | AG60: =IF(X54=0,0,IF(AND(X54>=W60,X54<=AA60),"X",0)) -> X | AH60: Jsim | AL60: =IF(SUM(C51:AO51)+SUM(C53:AO53)=0,0,IF(AND(X54>=W60,X54<=AA60),0,"X")) -> 0 | AM60: Lnão | AV60: x | AX60: PF | BA60: 100 | BF60: A | BH60: 120 | CE60: =SUM(CE56:DQ58) -> 0
B62: Certificado de calibração do manômetro do macaco de protensão Nº: | AA62: 25008 (02/04/2025) - VOLLERT
B64: CONCRETO ( FABRICAÇÃO ) | N64: Certificado do concreto: | V64: FRMC nº: | Y64: =VLOOKUP($AN$1,'plan de data'!$A$3:$C$189,3,0) -> 1255-1256-1257-1258 | AE64: CONFORMIDADE:
C65: O concreto teve espalhamento ( flow ) : >= 650 mm e <=750 mm ; | AG65: X | AH65: Jsim | AM65: Lnão | AW65: x | AY65: PN | BB65: 5247 | BG65: A | BI65: 5573 | BN65: SC10
C66: O concreto teve resistência mínima de 24 MPa para relaxamento dos cabos; | AG66: X | AH66: Jsim | AM66: Lnão
C67: O concreto teve resistência maior ou igual 40 MPa aos 28 dias; | AG67: X | AH67: Jsim | AM67: Lnão | AY67: PF | BB67: 1846 | BG67: A | BI67: 2100 | BN67: SC10
B69: PRODUTO ACABADO ( FABRICAÇÃO ) | AE69: CONFORMIDADE: | CE69: 1 | CF69: 2 | CG69: 3 | CH69: 4 | CI69: 5 | CJ69: 6 | CK69: 7 | CL69: 8 | CM69: 9 | CN69: 10 | CO69: 11 | CP69: 12 | CQ69: 13
C70: Os produtos não tem fissuras nem imperfeições; | AG70: X | AH70: Jsim | AM70: Lnão | AY70: PN | BB70: =BA58*22 -> 7062 | BG70: A | BI70: =22*BH58 -> 7832 | BN70: SC14 | CE70: =CE56 -> FALSE | CF70: =CH56 -> FALSE | CG70: =CK56 -> FALSE | CH70: =CN56 -> FALSE | CI70: =CQ56 -> FALSE | CJ70: =CT56 -> FALSE | CK70: =CW56 -> FALSE | CL70: =CZ56 -> FALSE | CM70: =DC56 -> FALSE | CN70: =DF57 -> 0 | CO70: =DI56 -> FALSE | CP70: =DL56 -> FALSE | CQ70: =DO56 -> FALSE
C71: Os painéis foram identificados; | AG71: X | AH71: Jsim | AM71: Lnão
C72: Os painéis foram devidamente estocados conforme pré-estabelecido; | AG72: X | AH72: Jsim | AM72: Lnão
C73: As dimensões dos produtos estão em conformidade com os requisitos de projeto; | AG73: X | AH73: Jsim | AM73: Lnão
B75: PRODUTO NÃO CONFORME | L75: DECISÃO | X75: OBSERVAÇÃO
M76: rejeitar | Q76: corrigir | U76: aceitar | CE76: 14 | CF76: 15 | CG76: 16 | CH76: 17 | CI76: 18 | CJ76: 19 | CK76: 20 | CL76: 21 | CM76: 22 | CN76: 23 | CO76: 24 | CP76: 25 | CQ76: 26
M77: rejeitar | Q77: corrigir | U77: aceitar | CE77: =CE58 -> FALSE | CF77: =CH58 -> FALSE | CG77: =CK58 -> FALSE | CH77: =CN58 -> FALSE | CI77: =CQ58 -> FALSE | CJ77: =CT58 -> FALSE | CK77: =CW58 -> FALSE | CL77: =CZ58 -> FALSE | CM77: =DC58 -> FALSE | CN77: =DF58 -> FALSE | CO77: =DI58 -> FALSE | CP77: =DL58 -> FALSE | CQ77: =DO58 -> FALSE
M78: rejeitar | Q78: corrigir | U78: aceitar
M79: rejeitar | Q79: corrigir | U79: aceitar
M80: rejeitar | Q80: corrigir | U80: aceitar
AS81: 0
B82: responsável pelas inspeções: | N82: função: | X82: assinatura: | AK82: data: | BD82: soma dia se domingo
B83: Gean Junior Reinholz | N83: Téc de Edificações | X83: #VALUE! | AK83: =B6+28 -> 45902 | AS83: =AK83+AS81 -> 45902 | BC83: 1 | BF83: =TEXT(AS83,"ddd") -> ter

Sheet PN3
L1: CONTROLE DE QUALIDADE | AD1: registro nº: | AH1: FTQ- | AJ1: 1 | AM1: - | AN1: 77 | BD1: SC-6 | BM1: Normal | BU1: P
L2: Cliente: | P2: =VLOOKUP($AN$1,'plan de data'!$A$3:$AF$289,32,0) -> CONSÓRCIO NOVA ETE - PARQUE NOVO MUNDO | AD2: Local: | AG2: VIANA - ES | AW2: PN-001 | BD2: SC-10 | BM2: Especial
L3: Obra: | P3: =VLOOKUP($AN$1,'plan de data'!$A$3:$AG$289,33,0) -> ETE - PARQUE NOVO MUNDO | AW3: PF-001 | BD3: SC-14
A5: filtre "X" | B5: Data de fabricação: | I5: Descrição do tanque: | AD5: Linha de fabricação:
B6: =VLOOKUP($AN$1,'plan de data'!$A$3:$B$189,2,0) -> 45899 | I6: =VLOOKUP($AN$1,'plan de data'!$A$3:$AH$189,34,0) -> REATORES NEREDA | AD6: Sistema: | AG6: SC-10 | AJ6: Mesa: | AM6: =VLOOKUP(AN1,'plan de data'!A3:$AE$500,31,0) -> PN-002 | AR6: marcar com "X" para definir quantidade de formas:
A7: x
A8: =IF($CC$9>0,"X",0) -> X | B8: Nº da forma : | G8: =IF(G9=0,"",AR8) | J8: =IF(J9=0,"",AU8) -> 2 | M8: =IF(M9=0,"",AX8) -> 3 | P8: =IF(P9=0,"",BA8) -> 4 | S8: =IF(S9=0,"",BD8) -> 5 | V8: =IF(V9=0,"",BG8) -> 6 | Y8: =IF(Y9=0,"",BJ8) -> 7 | AB8: =IF(AB9=0,"",BM8) -> 8 | AE8: =IF(AE9=0,"",BP8) | AH8: =IF(AH9=0,"",BS8) | AK8: =IF(AK9=0,"",BV8) | AN8: =IF(AN9=0,"",BY8) | AR8: 1 | AU8: 2 | AX8: 3 | BA8: 4 | BD8: 5 | BG8: 6 | BJ8: 7 | BM8: 8 | BP8: 9 | BS8: 10 | BV8: 11 | BY8: 12 | CC8: total
A9: =IF($CC$9>0,"X",0) -> X | B9: Nº do painel: | G9: =VLOOKUP($AN$1,'plan de data'!$A$3:$V$189,4,0) -> 0 | J9: =VLOOKUP($AN$1,'plan de data'!$A$3:$V$189,6,0) -> PN-495 | M9: =VLOOKUP($AN$1,'plan de data'!$A$3:$V$189,8,0) -> PE-350 | P9: =VLOOKUP($AN$1,'plan de data'!$A$3:$V$189,10,0) -> PE-318 | S9: =VLOOKUP($AN$1,'plan de data'!$A$3:$V$189,12,0) -> PN-496 | V9: =VLOOKUP($AN$1,'plan de data'!$A$3:$V$189,14,0) -> PN-498 | Y9: =VLOOKUP($AN$1,'plan de data'!$A$3:$V$189,16,0) -> PN-499 | AB9: =VLOOKUP($AN$1,'plan de data'!$A$3:$V$189,18,0) -> PN-500 | AE9: =VLOOKUP($AN$1,'plan de data'!$A$3:$V$189,20,0) -> 0 | AH9: =VLOOKUP($AN$1,'plan de data'!$A$3:$AA$189,22,0) -> 0 | AK9: =VLOOKUP($AN$1,'plan de data'!$A$3:$AA$189,24,0) -> 0 | AN9: =VLOOKUP($AN$1,'plan de data'!$A$3:$AA$189,26,0) -> 0 | AR9: X | AU9: X | AX9: X | BA9: x | BD9: x | BG9: x | BJ9: x | BM9: X | CC9: =COUNTIF(AR9:CA9,"X") -> 8
B10: Tipo de Inserto: | G10: =IF(G9="","",VLOOKUP($AN$1,'plan de data'!$A$3:$V$189,5,0)) -> 0 | J10: =VLOOKUP($AN$1,'plan de data'!$A$3:$V$189,7,0) -> P | M10: =VLOOKUP($AN$1,'plan de data'!$A$3:$V$189,9,0) -> T3 | P10: =VLOOKUP($AN$1,'plan de data'!$A$3:$V$189,11,0) -> T2 | S10: =VLOOKUP($AN$1,'plan de data'!$A$3:$V$189,13,0) -> P | V10: =VLOOKUP($AN$1,'plan de data'!$A$3:$V$189,15,0) -> P | Y10: =VLOOKUP($AN$1,'plan de data'!$A$3:$V$189,17,0) -> P | AB10: =VLOOKUP($AN$1,'plan de data'!$A$3:$V$189,19,0) -> P | AE10: =VLOOKUP($AN$1,'plan de data'!$A$3:$V$189,21,0) -> 0 | AH10: =VLOOKUP($AN$1,'plan de data'!$A$3:$V$189,21,0) -> 0 | AK10: =VLOOKUP($AN$1,'plan de data'!$A$3:$V$189,21,0) -> 0 | AN10: =VLOOKUP($AN$1,'plan de data'!$A$3:$V$189,21,0) -> 0
A11: =IF($CC$9>0,"X",0) -> X | B11: Tipo do painel: | J11: =IF(J10="","",IF(J10="P","Normal","Especial")) -> Normal | M11: =IF(M10="","",IF(M10="P","Normal","Especial")) -> Especial | P11: =IF(P10="","",IF(P10="P","Normal","Especial")) -> Especial | S11: =IF(S10="","",IF(S10="P","Normal","Especial")) -> Normal | V11: =IF(V10="","",IF(V10="P","Normal","Especial")) -> Normal | Y11: =IF(Y10="","",IF(Y10="P","Normal","Especial")) -> Normal | AB11: =IF(AB10="","",IF(AB10="P","Normal","Especial")) -> Normal
A12: =IF($CC$9>0,"X",0) -> X
A13: =IF($CC$14>0,"X",0) -> 0 | B13: Nº da forma : | G13: =IF(AR14="X",AR13,0) -> 0 | J13: =IF(AU14="X",AU13,0) -> 0 | M13: =IF(AX14="X",AX13,0) -> 0 | P13: =IF(BA14="X",BA13,0) -> 0 | S13: =IF(BD14="X",BD13,0) -> 0 | V13: =IF(BG14="X",BG13,0) -> 0 | Y13: =IF(BJ14="X",BJ13,0) -> 0 | AB13: =IF(BM14="X",BM13,0) -> 0 | AE13: =IF(BP14="X",BP13,0) -> 0 | AH13: =IF(BS14="X",BS13,0) -> 0 | AK13: =IF(BV14="X",BV13,0) -> 0 | AN13: =IF(BY14="X",BY13,0) -> 0 | AR13: 13 | AU13: 14 | AX13: 15 | BA13: 16 | BD13: 17 | BG13: 18 | BJ13: 19 | BM13: 20 | BP13: 21 | BS13: 22 | BV13: 23 | BY13: 24 | CC13: total
A14: =IF($CC$14>0,"X",0) -> 0 | B14: Nº do painel: | CC14: =COUNTIF(AR14:CA14,"X") -> 0
A15: =IF($CC$14>0,"X",0) -> 0 | B15: Tipo do painel:
A16: =IF($CC$14>0,"X",0) -> 0
A17: =IF($CC$18>0,"X",0) -> 0 | B17: Nº da forma : | G17: =IF(AR18="X",AR17,0) -> 0 | J17: =IF(AU18="X",AU17,0) -> 0 | M17: =IF(AX18="X",AX17,0) -> 0 | P17: =IF(BA18="X",BA17,0) -> 0 | S17: =IF(BD18="X",BD17,0) -> 0 | V17: =IF(BG18="X",BG17,0) -> 0 | Y17: =IF(BJ18="X",BJ17,0) -> 0 | AB17: =IF(BM18="X",BM17,0) -> 0 | AE17: =IF(BP18="X",BP17,0) -> 0 | AH17: =IF(BS18="X",BS17,0) -> 0 | AK17: =IF(BV18="X",BV17,0) -> 0 | AN17: =IF(BY18="X",BY17,0) -> 0 | AR17: 25 | AU17: 26 | AX17: 27 | BA17: 28 | BD17: 29 | BG17: 30 | BJ17: 31 | BM17: 32 | BP17: 33 | BS17: 34 | BV17: 35 | BY17: 36 | CC17: total
A18: =IF($CC$18>0,"X",0) -> 0 | B18: Nº do painel: | CC18: =COUNTIF(AR18:CA18,"X") -> 0
A19: =IF($CC$18>0,"X",0) -> 0 | B19: Tipo do painel:
B21: INSPEÇÃO NAS FORMAS | AE21: CONFORMIDADE:
C22: A geometria dos formas está em conformidade com os projetos; | AG22: X | AH22: Jsim | AM22: Lnão
C23: As formas estão limpas e com desmoldante ; | AE23: painel não conforme:
C24: As bainhas estão com dimensionais e posicionamento conforme projeto;
B25: NÃO CONFORMIDADE: | AE25: DECISÃO:
AF26: rejeitar | AJ26: corrigir | AN26: aceitar
B28: INSPEÇÃO NAS ARMADURAS | N28: Certificado (s): | AE28: CONFORMIDADE:
B29: Certificado (s): | G29: 916100/25 - 9139854/25 - 9142107/25 - 9142134/25 | Y29: As armaduras estão em conformidade com os requisitos definidos em projeto; | AG29: X | AH29: Jsim | AM29: Lnão
B30: 79369/25 - 914000/25 - 9108767/25 - 9108804/25 - 9142457/25 - 9108839/25 | AE30: painel não conforme:
B31: 9123538/25 - 9133306/25 - 9140467/25 - 9194366/25 - 9205525/25 - 9194366/25
B32: 9212242/25 - 9188331/25 - 921005/25 - 9142143/25 - 9209652/2025 - 9188331/25
B33: 9201005/25 - 9205525/25 - 9209652/25 - 9212242/25
B34: NÃO CONFORMIDADE: | AE34: DECISÃO:
AF35: rejeitar | AJ35: corrigir | AN35: aceitar
B37: INSPEÇÃO NOS ACESSÓRIOS | AE37: CONFORMIDADE: | AV37: área: | AY37: E: | CQ37: área: | CT37: E:
B38: =IF(A38="X","Embutidos FTK e chapas inox estão com dimensionais e posições conforme pré-estabelecido","Embutidos FTK estão com dimensionais e posições conforme pré-estabelecido") -> Embutidos FTK estão com dimensionais e posições conforme pré-estabelecido | AG38: X | AH38: Jsim | AM38: Lnão | AV38: =VLOOKUP($B$46,CA!$Y$3:$AF$188,8,0) -> 194.8 | AY38: =VLOOKUP($B$46,CA!$Y$3:$AF$188,7,0) -> 100 | CQ38: =IF(AV38=0,AY46,AV38) -> 194.8 | CT38: =IF(AY38=0,AY45,AY38) -> 100
B39: As chapas e aço CA-25 de aterramento estão com dimensionais e posições conf. Projeto | AE39: painel não conforme:
B40: Obs. As placas com chapas de aterramento tem na identificação a letra "I"
B41: NÃO CONFORMIDADE: | AE41: DECISÃO: | BA41: 197.7
AF42: rejeitar | AJ42: corrigir | AN42: aceitar | BA42: 99.9
B44: CABOS DE PRÉ-ESFORÇO | M44: BITOLA: | P44: 12.7 | S44: mm | V44: FORNECEDOR: | AB44: BELGO BEKAERT | AU44: dados passados para João Romba para calculo de alogamento teórico
B45: Nº DA BOBINA: | M45: DATA DE FABRICAÇÃO: | V45: Nº DA BOBINA: | AG45: DATA DE FABRICAÇÃO: | AV45: E= | AY45: - | BD45: KN/mm2
B46: =VLOOKUP($AN$1,CA!$A$3:$Y$282,25,0) -> 1062870714 | M46: =VLOOKUP($AN$1,CA!$A$3:$Z$282,26,0) -> 45873 | V46: =VLOOKUP($AN$1,CA!$A$3:$AB$282,28,0) -> 0 | AG46: =VLOOKUP($AN$1,CA!$A$3:$AC$188,29,0) -> - | AV46: A= | AY46: - | BD46: mm2
B47: CERTIFICADO Nº: | M47: =VLOOKUP(B46,CA!$Y$3:$AA$139,3,0) -> 83027 | V47: CERTIFICADO Nº: | AG47: =VLOOKUP($AN$1,CA!$A$3:$AD$188,30,0) -> - | AS47: fator correção= | BC47: =IF(CQ38+CT38=0,0,((AY45/CT38)+(AY46/CQ38))/2)*1.02 -> #VALUE!
C49: ALONGAMENTOS REAIS INDIVIDUAIS ( mm ): | AR49: marcar com "X" nos cabos utilizados na concretagem
C50: =IF(AR51="x",AR50,0) -> C-1 | F50: =IF(AU51="x",AU50,0) -> C-2 | I50: =IF(AX51="x",AX50,0) -> C-3 | L50: =IF(BA51="x",BA50,0) -> C-4 | O50: =IF(BD51="x",BD50,0) -> C-5 | R50: =IF(BG51="x",BG50,0) -> C-6 | U50: =IF(BJ51="x",BJ50,0) -> C-7 | X50: =IF(BM51="x",BM50,0) -> C-8 | AA50: =IF(BP51="x",BP50,0) -> C-9 | AD50: =IF(BS51="x",BS50,0) -> C-10 | AG50: =IF(BV51="x",BV50,0) -> C-11 | AJ50: =IF(BY51="x",BY50,0) -> C-12 | AM50: =IF(CB51="x",CB50,0) -> C-13 | AR50: C-1 | AU50: C-2 | AX50: C-3 | BA50: C-4 | BD50: C-5 | BG50: C-6 | BJ50: C-7 | BM50: C-8 | BP50: C-9 | BS50: C-10 | BV50: C-11 | BY50: C-12 | CB50: C-13
C51: =VLOOKUP($AN$1,CA!$A$3:$X$188,3,0) -> 341 | F51: =VLOOKUP($AN$1,CA!$A$3:$X$188,4,0) -> 345 | I51: =VLOOKUP($AN$1,CA!$A$3:$X$188,5,0) -> 344 | L51: =VLOOKUP($AN$1,CA!$A$3:$X$188,6,0) -> 344 | O51: =VLOOKUP($AN$1,CA!$A$3:$X$188,7,0) -> 342 | R51: =VLOOKUP($AN$1,CA!$A$3:$X$188,8,0) -> 344 | U51: =VLOOKUP($AN$1,CA!$A$3:$X$188,9,0) -> 345 | X51: =VLOOKUP($AN$1,CA!$A$3:$X$188,10,0) -> 344 | AA51: =VLOOKUP($AN$1,CA!$A$3:$X$188,11,0) -> 345 | AD51: =VLOOKUP($AN$1,CA!$A$3:$X$188,12,0) -> 345 | AG51: =VLOOKUP($AN$1,CA!$A$3:$X$188,13,0) -> 345 | AJ51: =VLOOKUP($AN$1,CA!$A$3:$X$188,14,0) -> 344 | AM51: =VLOOKUP($AN$1,CA!$A$3:$X$188,15,0) -> 345 | AR51: X | AU51: X | AX51: X | BA51: X | BD51: X | BG51: X | BJ51: X | BM51: X | BP51: X | BS51: X | BV51: X | BY51: X | CB51: X
C52: =IF(AR53="x",AR52,0) -> C-14 | F52: =IF(AU53="x",AU52,0) -> C-15 | I52: =IF(AX53="x",AX52,0) -> C-16 | L52: =IF(BA53="x",BA52,0) -> 0 | O52: =IF(BD53="x",BD52,0) -> 0 | R52: =IF(BG53="x",BG52,0) -> 0 | U52: =IF(BJ53="x",BJ52,0) -> 0 | X52: =IF(BM53="x",BM52,0) -> 0 | AA52: =IF(BP53="x",BP52,0) -> 0 | AD52: =IF(BS53="x",BS52,0) -> 0 | AG52: =IF(BV53="x",BV52,0) -> 0 | AJ52: =IF(BY53="x",BY52,0) -> 0 | AM52: =IF(CB53="x",CB52,0) -> 0 | AR52: C-14 | AU52: C-15 | AX52: C-16 | BA52: C-17 | BD52: C-18 | BG52: C-19 | BJ52: C-20 | BM52: C-21 | BP52: C-22 | BS52: C-23 | BV52: C-24 | BY52: C-25 | CB52: C-26
C53: =VLOOKUP($AN$1,CA!$A$3:$X$188,16,0) -> 344 | F53: =VLOOKUP($AN$1,CA!$A$3:$X$188,17,0) -> 345 | I53: =VLOOKUP($AN$1,CA!$A$3:$X$188,18,0) -> 346 | L53: =VLOOKUP($AN$1,CA!$A$3:$X$188,19,0) -> 0 | O53: =VLOOKUP($AN$1,CA!$A$3:$X$188,20,0) -> 0 | R53: =VLOOKUP($AN$1,CA!$A$3:$X$188,21,0) -> 0 | U53: =VLOOKUP($AN$1,CA!$A$3:$X$188,22,0) -> 0 | X53: =VLOOKUP($AN$1,CA!$A$3:$X$188,23,0) -> 0 | AA53: =VLOOKUP($AN$1,CA!$A$3:$X$188,24,0) -> 0 | AR53: X | AU53: X | AX53: X
B54: SOMATÓRIO DOS ALONGAMENTOS INDIVIDUAIS REAIS = | X54: =SUM(C51:AO51)+SUM(C53:AO53) -> 5508 | AC54: mm | CE54: =C50 -> C-1 | CH54: =F50 -> C-2 | CK54: =I50 -> C-3 | CN54: =L50 -> C-4 | CQ54: =O50 -> C-5 | CT54: =R50 -> C-6 | CW54: =U50 -> C-7 | CZ54: =X50 -> C-8 | DC54: =AA50 -> C-9 | DF54: =AD50 -> C-10 | DI54: =AG50 -> C-11 | DL54: =AJ50 -> C-12 | DO54: =AM50 -> C-13
B56: PARÂMETROS DE ACEITAÇÃO: | W56: MÍNIMO (mm) | AA56: MÁXIMO (mm) | AE56: CONFORMIDADE: | CE56: =IF(C51="-"";""",IF(C51=0,0,IF(AND(C51>=$W$57,C51<=$AA$57),0,1))) -> FALSE | CH56: =IF(F51="-"";""",IF(F51=0,0,IF(AND(F51>=$W$57,F51<=$AA$57),0,1))) -> FALSE | CK56: =IF(I51="-"";""",IF(I51=0,0,IF(AND(I51>=$W$57,I51<=$AA$57),0,1))) -> FALSE | CN56: =IF(L51="-"";""",IF(L51=0,0,IF(AND(L51>=$W$57,L51<=$AA$57),0,1))) -> FALSE | CQ56: =IF(O51="-"";""",IF(O51=0,0,IF(AND(O51>=$W$57,O51<=$AA$57),0,1))) -> FALSE | CT56: =IF(R51="-"";""",IF(R51=0,0,IF(AND(R51>=$W$57,R51<=$AA$57),0,1))) -> FALSE | CW56: =IF(U51="-"";""",IF(U51=0,0,IF(AND(U51>=$W$57,U51<=$AA$57),0,1))) -> FALSE | CZ56: =IF(X51="-"";""",IF(X51=0,0,IF(AND(X51>=$W$57,X51<=$AA$57),0,1))) -> FALSE | DC56: =IF(AA51="-"";""",IF(AA51=0,0,IF(AND(AA51>=$W$57,AA51<=$AA$57),0,1))) -> FALSE | DF56: =IF(AD51="-"";""",IF(AD51=0,0,IF(AND(AD51>=$W$57,AD51<=$AA$57),0,1))) -> FALSE | DI56: =IF(AG51="-"";""",IF(AG51=0,0,IF(AND(AG51>=$W$57,AG51<=$AA$57),0,1))) -> FALSE | DL56: =IF(AJ51="-"";""",IF(AJ51=0,0,IF(AND(AJ51>=$W$57,AJ51<=$AA$57),0,1))) -> FALSE | DO56: =IF(AM51="-"";""",IF(AM51=0,0,IF(AND(AM51>=$W$57,AM51<=$AA$57),0,1))) -> FALSE
B57: Os alongamentos individuais são iguais ao valor teórico +/- 5 % | W57: =IF(AV58="X",BA58,IF(AV60="X",BA60,0)) -> 321 | AA57: =IF(AV58="X",BH58,IF(AV60="X",BH60,0)) -> 356 | AG57: =IF(SUM(C51:AO51)+SUM(C53:AO53)=0,0,IF(CE60=0,"X",0)) -> X | AH57: Jsim | AL57: =IF(SUM(C51:AO51)+SUM(C53:AO53)=0,0,IF(CE60>0,"X",0)) -> 0 | AM57: Lnão | CE57: =C52 -> C-14 | CH57: =F52 -> C-15 | CK57: =I52 -> C-16 | CN57: =L52 -> 0 | CQ57: =O52 -> 0 | CT57: =R52 -> 0 | CW57: =U52 -> 0 | CZ57: =X52 -> 0 | DC57: =AA52 -> 0 | DF57: =AD52 -> 0 | DI57: =AG52 -> 0 | DL57: =AJ52 -> 0 | DO57: =AM52 -> 0
C58: Cabo(s) Não Conforme(s): C- | N58: =IF(CE70=1,CE69,0) -> 0 | O58: =IF(CF70=1,CF69,0) -> 0 | P58: =IF(CG70=1,CG69,0) -> 0 | Q58: =IF(CH70=1,CH69,0) -> 0 | R58: =IF(CI70=1,CI69,0) -> 0 | S58: =IF(CJ70=1,CJ69,0) -> 0 | T58: =IF(CK70=1,CK69,0) -> 0 | U58: =IF(CL70=1,CL69,0) -> 0 | ... Z58: =IF(CQ70=1,CQ69,0) -> 0 | AA58: =IF(CE77=1,CE76,0) -> 0 | AB58: =IF(CF77=1,CF76,0) -> 0 | AC58: =IF(CG77=1,CG76,0) -> 0 | AD58: =IF(CH77=1,CH76,0) -> 0 | AE58: =IF(CI77=1,CI76,0) -> 0 | AF58: =IF(CJ77=1,CJ76,0) -> 0 | AG58: =IF(CK77=1,CK76,0) -> 0 | AH58: =IF(CL77=1,CL76,0) -> 0 | ... AP58: =IF(CT77=1,CT76,0) -> 0 | AV58: x | AX58: PN | BA58: 321 | BF58: A | BH58: 356 | CE58: =IF(C53="-"";""",IF(C53=0,0,IF(AND(C53>=$W$57,C53<=$AA$57),0,1))) -> FALSE | CH58: =IF(F53="-"";""",IF(F53=0,0,IF(AND(F53>=$W$57,F53<=$AA$57),0,1))) -> FALSE | CK58: =IF(I53="-"";""",IF(I53=0,0,IF(AND(I53>=$W$57,I53<=$AA$57),0,1))) -> FALSE | CN58: =IF(L53="-"";""",IF(L53=0,0,IF(AND(L53>=$W$57,L53<=$AA$57),0,1))) -> FALSE | CQ58: =IF(O53="-"";""",IF(O53=0,0,IF(AND(O53>=$W$57,O53<=$AA$57),0,1))) -> FALSE | CT58: =IF(R53="-"";""",IF(R53=0,0,IF(AND(R53>=$W$57,R53<=$AA$57),0,1))) -> FALSE | CW58: =IF(U53="-"";""",IF(U53=0,0,IF(AND(U53>=$W$57,U53<=$AA$57),0,1))) -> FALSE | CZ58: =IF(X53="-"";""",IF(X53=0,0,IF(AND(X53>=$W$57,X53<=$AA$57),0,1))) -> FALSE | DC58: =IF(AA53="-"";""",IF(AA53=0,0,IF(AND(AA53>=$W$57,AA53<=$AA$57),0,1))) -> FALSE | DF58: =IF(AD53="-"";""",IF(AD53=0,0,IF(AND(AD53>=$W$57,AD53<=$AA$57),0,1))) -> FALSE | DI58: =IF(AG53="-"";""",IF(AG53=0,0,IF(AND(AG53>=$W$57,AG53<=$AA$57),0,1))) -> FALSE | DL58: =IF(AJ53="-"";""",IF(AJ53=0,0,IF(AND(AJ53>=$W$57,AJ53<=$AA$57),0,1))) -> FALSE | DO58: =IF(AM53="-"";""",IF(AM53=0,0,IF(AND(AM53>=$W$57,AM53<=$AA$57),0,1))) -> FALSE
B60: ∑ de todos os alongamentos é igual ao ∑ valor teórico +/- 3 % | W60: =IF(AW65="X",BB65,IF(AW67="X",BB67,IF(AW70="X",BB70,0))) -> 5247 | AA60: =IF(AW65="X",BI65,IF(AW67="X",BI67,IF(AW70="X",BI70,0))) -> 5573 | AG60: =IF(X54=0,0,IF(AND(X54>=W60,X54<=AA60),"X",0)) -> X | AH60: Jsim | AL60: =IF(SUM(C51:AO51)+SUM(C53:AO53)=0,0,IF(AND(X54>=W60,X54<=AA60),0,"X")) -> 0 | AM60: Lnão | AV60: x | AX60: PF | BA60: 100 | BF60: A | BH60: 120 | CE60: =SUM(CE56:DQ58) -> 0
B62: Certificado de calibração do manômetro do macaco de protensão Nº: | AA62: 25008 (02/04/2025) - VOLLERT
B64: CONCRETO ( FABRICAÇÃO ) | N64: Certificado do concreto: | V64: FRMC nº: | Y64: =VLOOKUP($AN$1,'plan de data'!$A$3:$C$189,3,0) -> 1316-1317-1318-1319 | AE64: CONFORMIDADE:
C65: O concreto teve espalhamento ( flow ) : >= 650 mm e <=750 mm ; | AG65: X | AH65: Jsim | AM65: Lnão | AW65: x | AY65: PN | BB65: 5247 | BG65: A | BI65: 5573 | BN65: SC10
C66: O concreto teve resistência mínima de 24 MPa para relaxamento dos cabos; | AG66: X | AH66: Jsim | AM66: Lnão
C67: O concreto teve resistência maior ou igual 40 MPa aos 28 dias; | AG67: X | AH67: Jsim | AM67: Lnão | AY67: PF | BB67: 1846 | BG67: A | BI67: 2100 | BN67: SC10
B69: PRODUTO ACABADO ( FABRICAÇÃO ) | AE69: CONFORMIDADE: | CE69: 1 | CF69: 2 | CG69: 3 | CH69: 4 | CI69: 5 | CJ69: 6 | CK69: 7 | CL69: 8 | CM69: 9 | CN69: 10 | CO69: 11 | CP69: 12 | CQ69: 13
C70: Os produtos não tem fissuras nem imperfeições; | AG70: X | AH70: Jsim | AM70: Lnão | AY70: PN | BB70: =BA58*22 -> 7062 | BG70: A | BI70: =22*BH58 -> 7832 | BN70: SC14 | CE70: =CE56 -> FALSE | CF70: =CH56 -> FALSE | CG70: =CK56 -> FALSE | CH70: =CN56 -> FALSE | CI70: =CQ56 -> FALSE | CJ70: =CT56 -> FALSE | CK70: =CW56 -> FALSE | CL70: =CZ56 -> FALSE | CM70: =DC56 -> FALSE | CN70: =DF57 -> 0 | CO70: =DI56 -> FALSE | CP70: =DL56 -> FALSE | CQ70: =DO56 -> FALSE
C71: Os painéis foram identificados; | AG71: X | AH71: Jsim | AM71: Lnão
C72: Os painéis foram devidamente estocados conforme pré-estabelecido; | AG72: X | AH72: Jsim | AM72: Lnão
C73: As dimensões dos produtos estão em conformidade com os requisitos de projeto; | AG73: X | AH73: Jsim | AM73: Lnão
B75: PRODUTO NÃO CONFORME | L75: DECISÃO | X75: OBSERVAÇÃO
M76: rejeitar | Q76: corrigir | U76: aceitar | CE76: 14 | CF76: 15 | CG76: 16 | CH76: 17 | CI76: 18 | CJ76: 19 | CK76: 20 | CL76: 21 | CM76: 22 | CN76: 23 | CO76: 24 | CP76: 25 | CQ76: 26
M77: rejeitar | Q77: corrigir | U77: aceitar | CE77: =CE58 -> FALSE | CF77: =CH58 -> FALSE | CG77: =CK58 -> FALSE | CH77: =CN58 -> FALSE | CI77: =CQ58 -> FALSE | CJ77: =CT58 -> FALSE | CK77: =CW58 -> FALSE | CL77: =CZ58 -> FALSE | CM77: =DC58 -> FALSE | CN77: =DF58 -> FALSE | CO77: =DI58 -> FALSE | CP77: =DL58 -> FALSE | CQ77: =DO58 -> FALSE
M78: rejeitar | Q78: corrigir | U78: aceitar
M79: rejeitar | Q79: corrigir | U79: aceitar
M80: rejeitar | Q80: corrigir | U80: aceitar
AS81: 0
B82: responsável pelas inspeções: | N82: função: | X82: assinatura: | AK82: data: | BD82: soma dia se domingo
B83: Gean Junior Reinholz | N83: Téc de Edificações | X83: #VALUE! | AK83: =B6+28 -> 45927 | AS83: =AK83+AS81 -> 45927 | BC83: 1 | BF83: =TEXT(AS83,"ddd") -> sáb

Sheet PN4
L1: CONTROLE DE QUALIDADE | AD1: registro nº: | AH1: FTQ- | AJ1: 1 | AM1: - | AN1: 21 | BD1: SC-6 | BM1: Normal | BU1: P
L2: Cliente: | P2: =VLOOKUP($AN$1,'plan de data'!$A$3:$AF$289,32,0) -> CONSÓRCIO NOVA ETE - PARQUE NOVO MUNDO | AD2: Local: | AG2: VIANA - ES | AW2: PN-001 | BD2: SC-10 | BM2: Especial
L3: Obra: | P3: =VLOOKUP($AN$1,'plan de data'!$A$3:$AG$289,33,0) -> ETE - PARQUE NOVO MUNDO | AW3: PF-001 | BD3: SC-14
A5: filtre "X" | B5: Data de fabricação: | I5: Descrição do tanque: | AD5: Linha de fabricação:
B6: =VLOOKUP($AN$1,'plan de data'!$A$3:$B$189,2,0) -> 45776 | I6: =VLOOKUP($AN$1,'plan de data'!$A$3:$AH$189,34,0) -> REATORES NEREDA | AD6: Sistema: | AG6: SC-10 | AJ6: Mesa: | AM6: =VLOOKUP(AN1,'plan de data'!A3:$AE$500,31,0) -> PN-001 | AR6: marcar com "X" para definir quantidade de formas:
A7: x
A8: =IF($CC$9>0,"X",0) -> X | B8: Nº da forma : | G8: =IF(G9=0,"",AR8) -> 1 | J8: =IF(J9=0,"",AU8) -> 2 | M8: =IF(M9=0,"",AX8) -> 3 | P8: =IF(P9=0,"",BA8) -> 4 | S8: =IF(S9=0,"",BD8) -> 5 | V8: =IF(V9=0,"",BG8) -> 6 | Y8: =IF(Y9=0,"",BJ8) -> 7 | AB8: =IF(AB9=0,"",BM8) | AE8: =IF(AE9=0,"",BP8) | AH8: =IF(AH9=0,"",BS8) | AK8: =IF(AK9=0,"",BV8) | AN8: =IF(AN9=0,"",BY8) | AR8: 1 | AU8: 2 | AX8: 3 | BA8: 4 | BD8: 5 | BG8: 6 | BJ8: 7 | BM8: 8 | BP8: 9 | BS8: 10 | BV8: 11 | BY8: 12 | CC8: total
A9: =IF($CC$9>0,"X",0) -> X | B9: Nº do painel: | G9: =VLOOKUP($AN$1,'plan de data'!$A$3:$V$189,4,0) -> PN-162 | J9: =VLOOKUP($AN$1,'plan de data'!$A$3:$V$189,6,0) -> PN-163 | M9: =VLOOKUP($AN$1,'plan de data'!$A$3:$V$189,8,0) -> PN-165 | P9: =VLOOKUP($AN$1,'plan de data'!$A$3:$V$189,10,0) -> PN-166 | S9: =VLOOKUP($AN$1,'plan de data'!$A$3:$V$189,12,0) -> PN-167 | V9: =VLOOKUP($AN$1,'plan de data'!$A$3:$V$189,14,0) -> PN-168 | Y9: =VLOOKUP($AN$1,'plan de data'!$A$3:$V$189,16,0) -> PN-169 | AB9: =VLOOKUP($AN$1,'plan de data'!$A$3:$V$189,18,0) -> 0 | AE9: =VLOOKUP($AN$1,'plan de data'!$A$3:$V$189,20,0) -> 0 | AH9: =VLOOKUP($AN$1,'plan de data'!$A$3:$AA$189,22,0) -> 0 | AK9: =VLOOKUP($AN$1,'plan de data'!$A$3:$AA$189,24,0) -> 0 | AN9: =VLOOKUP($AN$1,'plan de data'!$A$3:$AA$189,26,0) -> 0 | AR9: X | AU9: X | AX9: X | BA9: x | BD9: x | BG9: x | BJ9: x | BM9: X | CC9: =COUNTIF(AR9:CA9,"X") -> 8
B10: Tipo de Inserto: | G10: =IF(G9="","",VLOOKUP($AN$1,'plan de data'!$A$3:$V$189,5,0)) -> P | J10: =VLOOKUP($AN$1,'plan de data'!$A$3:$V$189,7,0) -> P | M10: =VLOOKUP($AN$1,'plan de data'!$A$3:$V$189,9,0) -> P | P10: =VLOOKUP($AN$1,'plan de data'!$A$3:$V$189,11,0) -> P | S10: =VLOOKUP($AN$1,'plan de data'!$A$3:$V$189,13,0) -> P | V10: =VLOOKUP($AN$1,'plan de data'!$A$3:$V$189,15,0) -> P | Y10: =VLOOKUP($AN$1,'plan de data'!$A$3:$V$189,17,0) -> P | AB10: =VLOOKUP($AN$1,'plan de data'!$A$3:$V$189,19,0) -> 0 | AE10: =VLOOKUP($AN$1,'plan de data'!$A$3:$V$189,21,0) -> 0 | AH10: =VLOOKUP($AN$1,'plan de data'!$A$3:$V$189,21,0) -> 0 | AK10: =VLOOKUP($AN$1,'plan de data'!$A$3:$V$189,21,0) -> 0 | AN10: =VLOOKUP($AN$1,'plan de data'!$A$3:$V$189,21,0) -> 0
A11: =IF($CC$9>0,"X",0) -> X | B11: Tipo do painel: | G11: =IF(G10="","",IF(G10="P","Normal","Especial")) -> Normal | J11: =IF(J10="","",IF(J10="P","Normal","Especial")) -> Normal | M11: =IF(M10="","",IF(M10="P","Normal","Especial")) -> Normal | P11: =IF(P10="","",IF(P10="P","Normal","Especial")) -> Normal | S11: =IF(S10="","",IF(S10="P","Normal","Especial")) -> Normal | V11: =IF(V10="","",IF(V10="P","Normal","Especial")) -> Normal | Y11: =IF(Y10="","",IF(Y10="P","Normal","Especial")) -> Normal
A12: =IF($CC$9>0,"X",0) -> X
A13: =IF($CC$14>0,"X",0) -> 0 | B13: Nº da forma : | G13: =IF(AR14="X",AR13,0) -> 0 | J13: =IF(AU14="X",AU13,0) -> 0 | M13: =IF(AX14="X",AX13,0) -> 0 | P13: =IF(BA14="X",BA13,0) -> 0 | S13: =IF(BD14="X",BD13,0) -> 0 | V13: =IF(BG14="X",BG13,0) -> 0 | Y13: =IF(BJ14="X",BJ13,0) -> 0 | AB13: =IF(BM14="X",BM13,0) -> 0 | AE13: =IF(BP14="X",BP13,0) -> 0 | AH13: =IF(BS14="X",BS13,0) -> 0 | AK13: =IF(BV14="X",BV13,0) -> 0 | AN13: =IF(BY14="X",BY13,0) -> 0 | AR13: 13 | AU13: 14 | AX13: 15 | BA13: 16 | BD13: 17 | BG13: 18 | BJ13: 19 | BM13: 20 | BP13: 21 | BS13: 22 | BV13: 23 | BY13: 24 | CC13: total
A14: =IF($CC$14>0,"X",0) -> 0 | B14: Nº do painel: | CC14: =COUNTIF(AR14:CA14,"X") -> 0
A15: =IF($CC$14>0,"X",0) -> 0 | B15: Tipo do painel:
A16: =IF($CC$14>0,"X",0) -> 0
A17: =IF($CC$18>0,"X",0) -> 0 | B17: Nº da forma : | G17: =IF(AR18="X",AR17,0) -> 0 | J17: =IF(AU18="X",AU17,0) -> 0 | M17: =IF(AX18="X",AX17,0) -> 0 | P17: =IF(BA18="X",BA17,0) -> 0 | S17: =IF(BD18="X",BD17,0) -> 0 | V17: =IF(BG18="X",BG17,0) -> 0 | Y17: =IF(BJ18="X",BJ17,0) -> 0 | AB17: =IF(BM18="X",BM17,0) -> 0 | AE17: =IF(BP18="X",BP17,0) -> 0 | AH17: =IF(BS18="X",BS17,0) -> 0 | AK17: =IF(BV18="X",BV17,0) -> 0 | AN17: =IF(BY18="X",BY17,0) -> 0 | AR17: 25 | AU17: 26 | AX17: 27 | BA17: 28 | BD17: 29 | BG17: 30 | BJ17: 31 | BM17: 32 | BP17: 33 | BS17: 34 | BV17: 35 | BY17: 36 | CC17: total
A18: =IF($CC$18>0,"X",0) -> 0 | B18: Nº do painel: | CC18: =COUNTIF(AR18:CA18,"X") -> 0
A19: =IF($CC$18>0,"X",0) -> 0 | B19: Tipo do painel:
B21: INSPEÇÃO NAS FORMAS | AE21: CONFORMIDADE:
C22: A geometria dos formas está em conformidade com os projetos; | AG22: X | AH22: Jsim | AM22: Lnão
C23: As formas estão limpas e com desmoldante ; | AE23: painel não conforme:
C24: As bainhas estão com dimensionais e posicionamento conforme projeto;
B25: NÃO CONFORMIDADE: | AE25: DECISÃO:
AF26: rejeitar | AJ26: corrigir | AN26: aceitar
B28: INSPEÇÃO NAS ARMADURAS | N28: Certificado (s): | AE28: CONFORMIDADE:
B29: Certificado (s): | G29: 916100/25 - 9139854/25 - 9142107/25 - 9142134/25 | Y29: As armaduras estão em conformidade com os requisitos definidos em projeto; | AG29: X | AH29: Jsim | AM29: Lnão
B30: 79369/25 - 914000/25 - 9108767/25 - 9108804/25 - 9142457/25 - 9108839/25 | AE30: painel não conforme:
B31: 9123538/25 - 9133306/25 - 9140467/25 - 9194366/25 - 9205525/25 - 9194366/25
B32: 9212242/25 - 9188331/25 - 921005/25 - 9142143/25 - 9209652/2025 - 9188331/25
B33: 9201005/25 - 9205525/25 - 9209652/25 - 9212242/25
B34: NÃO CONFORMIDADE: | AE34: DECISÃO:
AF35: rejeitar | AJ35: corrigir | AN35: aceitar
B37: INSPEÇÃO NOS ACESSÓRIOS | AE37: CONFORMIDADE: | AV37: área: | AY37: E: | CQ37: área: | CT37: E:
B38: =IF(A38="X","Embutidos FTK e chapas inox estão com dimensionais e posições conforme pré-estabelecido","Embutidos FTK estão com dimensionais e posições conforme pré-estabelecido") -> Embutidos FTK estão com dimensionais e posições conforme pré-estabelecido | AG38: X | AH38: Jsim | AM38: Lnão | AV38: =VLOOKUP($B$46,CA!$Y$3:$AF$188,8,0) -> 200.9 | AY38: =VLOOKUP($B$46,CA!$Y$3:$AF$188,7,0) -> 100 | CQ38: =IF(AV38=0,AY46,AV38) -> 200.9 | CT38: =IF(AY38=0,AY45,AY38) -> 100
B39: As chapas e aço CA-25 de aterramento estão com dimensionais e posições conf. Projeto | AE39: painel não conforme:
B40: Obs. As placas com chapas de aterramento tem na identificação a letra "I"
B41: NÃO CONFORMIDADE: | AE41: DECISÃO: | BA41: 197.7
AF42: rejeitar | AJ42: corrigir | AN42: aceitar | BA42: 99.9
B44: CABOS DE PRÉ-ESFORÇO | M44: BITOLA: | P44: 12.7 | S44: mm | V44: FORNECEDOR: | AB44: BELGO BEKAERT | AU44: dados passados para João Romba para calculo de alogamento teórico
B45: Nº DA BOBINA: | M45: DATA DE FABRICAÇÃO: | V45: Nº DA BOBINA: | AG45: DATA DE FABRICAÇÃO: | AV45: E= | AY45: - | BD45: KN/mm2
B46: =VLOOKUP($AN$1,CA!$A$3:$Y$282,25,0) -> 1062269468 | M46: =VLOOKUP($AN$1,CA!$A$3:$Z$282,26,0) -> 45730 | V46: =VLOOKUP($AN$1,CA!$A$3:$AB$282,28,0) -> 1062279616 | AG46: =VLOOKUP($AN$1,CA!$A$3:$AC$188,29,0) -> 45716 | AV46: A= | AY46: - | BD46: mm2
B47: CERTIFICADO Nº: | M47: =VLOOKUP(B46,CA!$Y$3:$AA$139,3,0) -> 81902 | V47: CERTIFICADO Nº: | AG47: =VLOOKUP($AN$1,CA!$A$3:$AD$188,30,0) -> 81795 | AS47: fator correção= | BC47: =IF(CQ38+CT38=0,0,((AY45/CT38)+(AY46/CQ38))/2)*1.02 -> #VALUE!
C49: ALONGAMENTOS REAIS INDIVIDUAIS ( mm ): | AR49: marcar com "X" nos cabos utilizados na concretagem
C50: =IF(AR51="x",AR50,0) -> C-1 | F50: =IF(AU51="x",AU50,0) -> C-2 | I50: =IF(AX51="x",AX50,0) -> C-3 | L50: =IF(BA51="x",BA50,0) -> C-4 | O50: =IF(BD51="x",BD50,0) -> C-5 | R50: =IF(BG51="x",BG50,0) -> C-6 | U50: =IF(BJ51="x",BJ50,0) -> C-7 | X50: =IF(BM51="x",BM50,0) -> C-8 | AA50: =IF(BP51="x",BP50,0) -> C-9 | AD50: =IF(BS51="x",BS50,0) -> C-10 | AG50: =IF(BV51="x",BV50,0) -> C-11 | AJ50: =IF(BY51="x",BY50,0) -> C-12 | AM50: =IF(CB51="x",CB50,0) -> C-13 | AR50: C-1 | AU50: C-2 | AX50: C-3 | BA50: C-4 | BD50: C-5 | BG50: C-6 | BJ50: C-7 | BM50: C-8 | BP50: C-9 | BS50: C-10 | BV50: C-11 | BY50: C-12 | CB50: C-13
C51: =VLOOKUP($AN$1,CA!$A$3:$X$188,3,0) -> 344 | F51: =VLOOKUP($AN$1,CA!$A$3:$X$188,4,0) -> 342 | I51: =VLOOKUP($AN$1,CA!$A$3:$X$188,5,0) -> 347 | L51: =VLOOKUP($AN$1,CA!$A$3:$X$188,6,0) -> 344 | O51: =VLOOKUP($AN$1,CA!$A$3:$X$188,7,0) -> 342 | R51: =VLOOKUP($AN$1,CA!$A$3:$X$188,8,0) -> 342 | U51: =VLOOKUP($AN$1,CA!$A$3:$X$188,9,0) -> 347 | X51: =VLOOKUP($AN$1,CA!$A$3:$X$188,10,0) -> 346 | AA51: =VLOOKUP($AN$1,CA!$A$3:$X$188,11,0) -> 348 | AD51: =VLOOKUP($AN$1,CA!$A$3:$X$188,12,0) -> 348 | AG51: =VLOOKUP($AN$1,CA!$A$3:$X$188,13,0) -> 341 | AJ51: =VLOOKUP($AN$1,CA!$A$3:$X$188,14,0) -> 346 | AM51: =VLOOKUP($AN$1,CA!$A$3:$X$188,15,0) -> 342 | AR51: X | AU51: X | AX51: X | BA51: X | BD51: X | BG51: X | BJ51: X | BM51: X | BP51: X | BS51: X | BV51: X | BY51: X | CB51: X
C52: =IF(AR53="x",AR52,0) -> C-14 | F52: =IF(AU53="x",AU52,0) -> C-15 | I52: =IF(AX53="x",AX52,0) -> C-16 | L52: =IF(BA53="x",BA52,0) -> 0 | O52: =IF(BD53="x",BD52,0) -> 0 | R52: =IF(BG53="x",BG52,0) -> 0 | U52: =IF(BJ53="x",BJ52,0) -> 0 | X52: =IF(BM53="x",BM52,0) -> 0 | AA52: =IF(BP53="x",BP52,0) -> 0 | AD52: =IF(BS53="x",BS52,0) -> 0 | AG52: =IF(BV53="x",BV52,0) -> 0 | AJ52: =IF(BY53="x",BY52,0) -> 0 | AM52: =IF(CB53="x",CB52,0) -> 0 | AR52: C-14 | AU52: C-15 | AX52: C-16 | BA52: C-17 | BD52: C-18 | BG52: C-19 | BJ52: C-20 | BM52: C-21 | BP52: C-22 | BS52: C-23 | BV52: C-24 | BY52: C-25 | CB52: C-26
C53: =VLOOKUP($AN$1,CA!$A$3:$X$188,16,0) -> 343 | F53: =VLOOKUP($AN$1,CA!$A$3:$X$188,17,0) -> 346 | I53: =VLOOKUP($AN$1,CA!$A$3:$X$188,18,0) -> 350 | L53: =VLOOKUP($AN$1,CA!$A$3:$X$188,19,0) -> 0 | O53: =VLOOKUP($AN$1,CA!$A$3:$X$188,20,0) -> 0 | R53: =VLOOKUP($AN$1,CA!$A$3:$X$188,21,0) -> 0 | U53: =VLOOKUP($AN$1,CA!$A$3:$X$188,22,0) -> 0 | X53: =VLOOKUP($AN$1,CA!$A$3:$X$188,23,0) -> 0 | AA53: =VLOOKUP($AN$1,CA!$A$3:$X$188,24,0) -> 0 | AR53: X | AU53: X | AX53: X
B54: SOMATÓRIO DOS ALONGAMENTOS INDIVIDUAIS REAIS = | X54: =SUM(C51:AO51)+SUM(C53:AO53) -> 5518 | AC54: mm | CE54: =C50 -> C-1 | CH54: =F50 -> C-2 | CK54: =I50 -> C-3 | CN54: =L50 -> C-4 | CQ54: =O50 -> C-5 | CT54: =R50 -> C-6 | CW54: =U50 -> C-7 | CZ54: =X50 -> C-8 | DC54: =AA50 -> C-9 | DF54: =AD50 -> C-10 | DI54: =AG50 -> C-11 | DL54: =AJ50 -> C-12 | DO54: =AM50 -> C-13
B56: PARÂMETROS DE ACEITAÇÃO: | W56: MÍNIMO (mm) | AA56: MÁXIMO (mm) | AE56: CONFORMIDADE: | CE56: =IF(C51="-"";""",IF(C51=0,0,IF(AND(C51>=$W$57,C51<=$AA$57),0,1))) -> FALSE | CH56: =IF(F51="-"";""",IF(F51=0,0,IF(AND(F51>=$W$57,F51<=$AA$57),0,1))) -> FALSE | CK56: =IF(I51="-"";""",IF(I51=0,0,IF(AND(I51>=$W$57,I51<=$AA$57),0,1))) -> FALSE | CN56: =IF(L51="-"";""",IF(L51=0,0,IF(AND(L51>=$W$57,L51<=$AA$57),0,1))) -> FALSE | CQ56: =IF(O51="-"";""",IF(O51=0,0,IF(AND(O51>=$W$57,O51<=$AA$57),0,1))) -> FALSE | CT56: =IF(R51="-"";""",IF(R51=0,0,IF(AND(R51>=$W$57,R51<=$AA$57),0,1))) -> FALSE | CW56: =IF(U51="-"";""",IF(U51=0,0,IF(AND(U51>=$W$57,U51<=$AA$57),0,1))) -> FALSE | CZ56: =IF(X51="-"";""",IF(X51=0,0,IF(AND(X51>=$W$57,X51<=$AA$57),0,1))) -> FALSE | DC56: =IF(AA51="-"";""",IF(AA51=0,0,IF(AND(AA51>=$W$57,AA51<=$AA$57),0,1))) -> FALSE | DF56: =IF(AD51="-"";""",IF(AD51=0,0,IF(AND(AD51>=$W$57,AD51<=$AA$57),0,1))) -> FALSE | DI56: =IF(AG51="-"";""",IF(AG51=0,0,IF(AND(AG51>=$W$57,AG51<=$AA$57),0,1))) -> FALSE | DL56: =IF(AJ51="-"";""",IF(AJ51=0,0,IF(AND(AJ51>=$W$57,AJ51<=$AA$57),0,1))) -> FALSE | DO56: =IF(AM51="-"";""",IF(AM51=0,0,IF(AND(AM51>=$W$57,AM51<=$AA$57),0,1))) -> FALSE
B57: Os alongamentos individuais são iguais ao valor teórico +/- 5 % | W57: =IF(AV58="X",BA58,IF(AV60="X",BA60,0)) -> 321 | AA57: =IF(AV58="X",BH58,IF(AV60="X",BH60,0)) -> 356 | AG57: =IF(SUM(C51:AO51)+SUM(C53:AO53)=0,0,IF(CE60=0,"X",0)) -> X | AH57: Jsim | AL57: =IF(SUM(C51:AO51)+SUM(C53:AO53)=0,0,IF(CE60>0,"X",0)) -> 0 | AM57: Lnão | CE57: =C52 -> C-14 | CH57: =F52 -> C-15 | CK57: =I52 -> C-16 | CN57: =L52 -> 0 | CQ57: =O52 -> 0 | CT57: =R52 -> 0 | CW57: =U52 -> 0 | CZ57: =X52 -> 0 | DC57: =AA52 -> 0 | DF57: =AD52 -> 0 | DI57: =AG52 -> 0 | DL57: =AJ52 -> 0 | DO57: =AM52 -> 0
