Workbook

Sheet CAPA DAS OBRAS
B1: NEREDA | C1: PROJETO | D1: EXECUÇÃO (concretado) | F1: ACABAMENTO (PRONTO) | H1: TRANSPORTE (EM VIAGEM)
C2: NEREDA | D2: QTDE | E2: % | F2: QTDE | G2: % | H2: QTDE | I2: % | P2: 1 concretagem nereda | Q2: dias | R2: placa/dia
B3: TOTAL DE PLACAS NORMAIS | C3: =COUNTIF(' CADASTRO'!$F$2:$F$745,"PN") -> 637 | D3: =SUMIFS(' CADASTRO'!$D$2:$D$745,' CADASTRO'!$F$2:$F$745,"PN") -> 637 | E3: =D3/C3 -> 1 | F3: =SUMIFS(' CADASTRO'!$T$2:$T$745,' CADASTRO'!$F$2:$F$745,"PN") -> 616 | G3: =F3/C3 -> 0.96703297 | H3: =SUMIFS(' CADASTRO'!$X$2:$X$745,' CADASTRO'!$F$2:$F$745,"PN") -> 623 | I3: =H3/C3 -> 0.97802198 | L3: tota roduzido | M3: total transportado | N3: lotação do estoque | P3: 45733 | Q3: =P4-P3 -> 274 | R3: =L4/Q3 -> 3.8759124
B4: TOTAL PLACAS ESPECIAIS | C4: =COUNTIF(' CADASTRO'!$F$2:$F$745,"PE") -> 83 | D4: =SUMIFS(' CADASTRO'!$D$2:$D$745,' CADASTRO'!$F$2:$F$745,"PE") -> 83 | E4: =D4/C4 -> 1 | F4: =SUMIFS(' CADASTRO'!$T$2:$T$745,' CADASTRO'!$F$2:$F$745,"PE") -> 82 | G4: =F4/C4 -> 0.98795181 | H4: =SUMIFS(' CADASTRO'!$X$2:$X$745,' CADASTRO'!$F$2:$F$745,"PE") -> 82 | I4: =H4/C4 -> 0.98795181 | L4: =D6+D14+D21 -> 1062 | M4: =H6+H14+H21 -> 927 | N4: =L4-M4 -> 135 | P4: =TODAY() -> 46007
B5: TOTAL DE PLACAS FECHO | C5: =COUNTIF(' CADASTRO'!$F$2:$F$745,"PF") -> 24 | D5: =SUMIFS(' CADASTRO'!$D$2:$D$745,' CADASTRO'!$F$2:$F$745,"PF") -> 24 | E5: =D5/C5 -> 1 | F5: =SUMIFS(' CADASTRO'!$T$2:$T$745,' CADASTRO'!$F$2:$F$745,"PF") -> 23 | G5: =F5/C5 -> 0.95833333 | H5: =SUMIFS(' CADASTRO'!$X$2:$X$745,' CADASTRO'!$F$2:$F$745,"PF") -> 23 | I5: =H5/C5 -> 0.95833333
B6: TOTAIS | C6: =SUM(C3:C5) -> 744 | D6: =SUM(D3:D5) -> 744 | E6: =D6/C6 -> 1 | F6: =SUM(F3:F5) -> 721 | H6: =SUM(H3:H5) -> 728
B9: PRIMARIO | C9: PROJETO | D9: EXECUÇÃO (concretado) | F9: ACABAMENTO (PRONTO) | H9: TRANSPORTE (EM VIAGEM)
C10: PRIMARIO | D10: QTDE | E10: % | F10: QTDE | G10: % | H10: QTDE | I10: %
B11: TOTAL DE PLACAS NORMAIS | C11: =COUNTIF(' CADASTRO'!$F$746:$F$893,"PN") -> 104 | D11: ='CALCULOS '!D4 -> 104 | E11: =D11/C11 -> 1 | F11: ='CALCULOS '!E4 -> 57 | G11: =F11/C11 -> 0.54807692 | H11: ='CALCULOS '!F4 -> 52 | I11: =H11/C11 -> 0.5
B12: TOTAL PLACAS ESPECIAIS | C12: =SUM('CALCULOS '!B5:$B$10) -> 38 | D12: =SUM('CALCULOS '!D5:$D$10) -> 38 | E12: =D12/C12 -> 1 | F12: =SUM('CALCULOS '!$E$5:$E$10) -> 16 | G12: =F12/C12 -> 0.42105263 | H12: =SUM('CALCULOS '!$F$5:$F$10) -> 12 | I12: =H12/C12 -> 0.31578947
B13: TOTAL DE PLACAS FECHO | C13: =COUNTIF(' CADASTRO'!$F$746:$F$894,"PF") -> 6 | D13: ='CALCULOS '!D3 -> 6 | E13: =D13/C13 -> 1 | F13: ='CALCULOS '!E3 -> 1 | G13: =F13/C13 -> 0.16666667 | H13: ='CALCULOS '!F3 -> 0 | I13: =H13/C13 -> 0
B14: TOTAIS | C14: =SUM(C11:C13) -> 148 | D14: =SUM(D11:D13) -> 148 | E14: =D14/C14 -> 1 | F14: =SUM(F11:F13) -> 74 | H14: =SUM(H11:H13) -> 64
B16: TANQUE AERADOR | C16: PROJETO | D16: EXECUÇÃO (concretado) | F16: ACABAMENTO (PRONTO) | H16: TRANSPORTE (EM VIAGEM)
C17: AERADOR | D17: QTDE | E17: % | F17: QTDE | G17: % | H17: QTDE | I17: %
B18: TOTAL DE PLACAS NORMAIS (PN) | C18: ='CALCULOS '!B21 -> 229 | D18: ='CALCULOS '!D21 -> 129 | E18: =D18/C18 -> 0.56331878 | F18: ='CALCULOS '!$E$21 -> 102 | G18: =F18/D18 -> 0.79069767 | H18: ='CALCULOS '!F21 -> 100 | I18: =H18/C18 -> 0.43668122
B19: TOTAL DE PLACAS (PE E PNI) | C19: =SUM('CALCULOS '!$B$22:$B$27) -> 47 | D19: =SUM('CALCULOS '!D22:D27) -> 36 | E19: =D19/C19 -> 0.76595745 | F19: =SUM('CALCULOS '!$E$22:$E$27) -> 31 | G19: =F19/D19 -> 0.86111111 | H19: =SUM('CALCULOS '!$F$22:$F$27) -> 31 | I19: =H19/C19 -> 0.65957447
B20: TOTAL DE PLACAS FECHO (PF) | C20: ='CALCULOS '!B20 -> 6 | D20: ='CALCULOS '!D20 -> 5 | E20: =D20/C20 -> 0.83333333 | F20: ='CALCULOS '!E20 -> 4 | G20: =IF(D20=0,0,F20/D20) -> 0.8 | H20: ='CALCULOS '!F20 -> 4 | I20: =H20/C20 -> 0.66666667
B21: TOTAIS | C21: =SUM(C18:C20) -> 282 | D21: =SUM(D18:D20) -> 170 | E21: =D21/C21 -> 0.60283688 | F21: =SUM(F18:F20) -> 137 | H21: =SUM(H18:H20) -> 135
F23: =F21-F20 -> 133

Sheet  CADASTRO
A1: ITEM | B1: data | C1: se concretada marque "x" | D1: se concretado | E1: IDENT. TANQUE | F1: PLACA | J1: TIPO | K1: #3/8-1620X1620 | L1: #3/8-1120X1120 | M1: #3/8-1200X1200 | N1: #3/8-530X530 | O1: #3/8 X150X150 | P1: A DEFINIR | Q1: DESCRIÇÃO DE CHAPAS OU NÃO | R1: data do acabamento finalizado | S1: pista | T1: se | U1: DATA TRANS. | V1: PLACA CARRETA | W1: NF: | X1: SE TRANSPORTADO | Y1: altura de escora | Z1: obs: | AA1: MES ACABAMENTO
A2: 1 | B2: 45797 | C2: 29 | D2: =IF(B2>0,1,"") -> 1 | E2: REATOR 1 | F2: PF | G2: - | H2: 01 | I2: =_xlfn.CONCAT(F2,G2,H2) -> PF-01 | J2: PF | K2: =IF(J2="","SEM #CH",VLOOKUP(J2,#REF!,2,0)) -> #REF! | L2: =IF(J2="","SEM #CH",VLOOKUP(J2,#REF!,3,0)) -> #REF! | M2: =IF(J2="","SEM #CH",VLOOKUP(J2,#REF!,4,0)) -> #REF! | N2: =IF(J2="","SEM #CH",VLOOKUP(J2,#REF!,5,0)) -> #REF! | O2: =IF(J2="","SEM #CH",VLOOKUP(J2,#REF!,6,0)) -> #REF! | P2: =IF(J2="","SEM #CH",VLOOKUP(J2,#REF!,7,0)) -> #REF! | Q2: =VLOOKUP(J2,'p1'!$B$2:$C$30,2,0) -> SEM CHAPA | R2: 45799 | S2: PN-001 | T2: =IF(R2="",0,1) -> 1 | U2: 45824 | V2: - | W2: 2387 | X2: =IF(U2>0,1,"") -> 1 | AA2: =TEXT(R2,"mmm/aaaa") -> mai/2025
A3: 2 | B3: 45733 | C3: 1 | D3: =IF(B3>0,1,"") -> 1 | E3: REATOR 1 | F3: PN | G3: - | H3: 02 | I3: =_xlfn.CONCAT(F3,G3,H3) -> PN-02 | J3: P | K3: =IF(J3="","SEM #CH",VLOOKUP(J3,#REF!,2,0)) -> #REF! | L3: =IF(J3="","SEM #CH",VLOOKUP(J3,#REF!,3,0)) -> #REF! | M3: =IF(J3="","SEM #CH",VLOOKUP(J3,#REF!,4,0)) -> #REF! | N3: =IF(J3="","SEM #CH",VLOOKUP(J3,#REF!,5,0)) -> #REF! | O3: =IF(J3="","SEM #CH",VLOOKUP(J3,#REF!,6,0)) -> #REF! | P3: =IF(J3="","SEM #CH",VLOOKUP(J3,#REF!,7,0)) -> #REF! | Q3: =VLOOKUP(J3,'p1'!$B$2:$C$30,2,0) -> NÃO TEM CHAPA | R3: 45738 | S3: PN-001 | T3: =IF(R3="",0,1) -> 1 | U3: 45818 | V3: - | W3: 2373 | X3: =IF(U3>0,1,"") -> 1 | AA3: =TEXT(R3,"mmm/aaaa") -> mar/2025
A4: 3 | B4: 45733 | C4: 1 | D4: =IF(B4>0,1,"") -> 1 | E4: REATOR 1 | F4: PN | G4: - | H4: 03 | I4: =_xlfn.CONCAT(F4,G4,H4) -> PN-03 | J4: P | K4: =IF(J4="","SEM #CH",VLOOKUP(J4,#REF!,2,0)) -> #REF! | L4: =IF(J4="","SEM #CH",VLOOKUP(J4,#REF!,3,0)) -> #REF! | M4: =IF(J4="","SEM #CH",VLOOKUP(J4,#REF!,4,0)) -> #REF! | N4: =IF(J4="","SEM #CH",VLOOKUP(J4,#REF!,5,0)) -> #REF! | O4: =IF(J4="","SEM #CH",VLOOKUP(J4,#REF!,6,0)) -> #REF! | P4: =IF(J4="","SEM #CH",VLOOKUP(J4,#REF!,7,0)) -> #REF! | Q4: =VLOOKUP(J4,'p1'!$B$2:$C$30,2,0) -> NÃO TEM CHAPA | R4: 45738 | S4: PN-001 | T4: =IF(R4="",0,1) -> 1 | U4: 45818 | V4: - | W4: 2373 | X4: =IF(U4>0,1,"") -> 1 | AA4: =TEXT(R4,"mmm/aaaa") -> mar/2025
A5: 4 | B5: 45733 | C5: 1 | D5: =IF(B5>0,1,"") -> 1 | E5: REATOR 1 | F5: PN | G5: - | H5: 04 | I5: =_xlfn.CONCAT(F5,G5,H5) -> PN-04 | J5: P | K5: =IF(J5="","SEM #CH",VLOOKUP(J5,#REF!,2,0)) -> #REF! | L5: =IF(J5="","SEM #CH",VLOOKUP(J5,#REF!,3,0)) -> #REF! | M5: =IF(J5="","SEM #CH",VLOOKUP(J5,#REF!,4,0)) -> #REF! | N5: =IF(J5="","SEM #CH",VLOOKUP(J5,#REF!,5,0)) -> #REF! | O5: =IF(J5="","SEM #CH",VLOOKUP(J5,#REF!,6,0)) -> #REF! | P5: =IF(J5="","SEM #CH",VLOOKUP(J5,#REF!,7,0)) -> #REF! | Q5: =VLOOKUP(J5,'p1'!$B$2:$C$30,2,0) -> NÃO TEM CHAPA | R5: 45743 | S5: PN-001 | T5: =IF(R5="",0,1) -> 1 | U5: 45824 | V5: - | W5: 2387 | X5: =IF(U5>0,1,"") -> 1 | AA5: =TEXT(R5,"mmm/aaaa") -> mar/2025
A6: 5 | B6: 45733 | C6: 1 | D6: =IF(B6>0,1,"") -> 1 | E6: REATOR 1 | F6: PN | G6: - | H6: 05 | I6: =_xlfn.CONCAT(F6,G6,H6) -> PN-05 | J6: P | K6: =IF(J6="","SEM #CH",VLOOKUP(J6,#REF!,2,0)) -> #REF! | L6: =IF(J6="","SEM #CH",VLOOKUP(J6,#REF!,3,0)) -> #REF! | M6: =IF(J6="","SEM #CH",VLOOKUP(J6,#REF!,4,0)) -> #REF! | N6: =IF(J6="","SEM #CH",VLOOKUP(J6,#REF!,5,0)) -> #REF! | O6: =IF(J6="","SEM #CH",VLOOKUP(J6,#REF!,6,0)) -> #REF! | P6: =IF(J6="","SEM #CH",VLOOKUP(J6,#REF!,7,0)) -> #REF! | Q6: =VLOOKUP(J6,'p1'!$B$2:$C$30,2,0) -> NÃO TEM CHAPA | R6: 45741 | S6: PN-001 | T6: =IF(R6="",0,1) -> 1 | U6: 45818 | V6: - | W6: 2373 | X6: =IF(U6>0,1,"") -> 1 | AA6: =TEXT(R6,"mmm/aaaa") -> mar/2025
A7: 6 | B7: 45733 | C7: 1 | D7: =IF(B7>0,1,"") -> 1 | E7: REATOR 1 | F7: PN | G7: - | H7: 06 | I7: =_xlfn.CONCAT(F7,G7,H7) -> PN-06 | J7: P | K7: =IF(J7="","SEM #CH",VLOOKUP(J7,#REF!,2,0)) -> #REF! | L7: =IF(J7="","SEM #CH",VLOOKUP(J7,#REF!,3,0)) -> #REF! | M7: =IF(J7="","SEM #CH",VLOOKUP(J7,#REF!,4,0)) -> #REF! | N7: =IF(J7="","SEM #CH",VLOOKUP(J7,#REF!,5,0)) -> #REF! | O7: =IF(J7="","SEM #CH",VLOOKUP(J7,#REF!,6,0)) -> #REF! | P7: =IF(J7="","SEM #CH",VLOOKUP(J7,#REF!,7,0)) -> #REF! | Q7: =VLOOKUP(J7,'p1'!$B$2:$C$30,2,0) -> NÃO TEM CHAPA | R7: 45741 | S7: PN-001 | T7: =IF(R7="",0,1) -> 1 | U7: 45818 | V7: - | W7: 2372 | X7: =IF(U7>0,1,"") -> 1 | AA7: =TEXT(R7,"mmm/aaaa") -> mar/2025
A8: 7 | B8: 45806 | C8: 31 | D8: =IF(B8>0,1,"") -> 1 | E8: REATOR 1 | F8: PE | G8: - | H8: 07 | I8: =_xlfn.CONCAT(F8,G8,H8) -> PE-07 | J8: T2 | K8: =IF(J8="","SEM #CH",VLOOKUP(J8,#REF!,2,0)) -> #REF! | L8: =IF(J8="","SEM #CH",VLOOKUP(J8,#REF!,3,0)) -> #REF! | M8: =IF(J8="","SEM #CH",VLOOKUP(J8,#REF!,4,0)) -> #REF! | N8: =IF(J8="","SEM #CH",VLOOKUP(J8,#REF!,5,0)) -> #REF! | O8: =IF(J8="","SEM #CH",VLOOKUP(J8,#REF!,6,0)) -> #REF! | P8: =IF(J8="","SEM #CH",VLOOKUP(J8,#REF!,7,0)) -> #REF! | Q8: =VLOOKUP(J8,'p1'!$B$2:$C$30,2,0) -> #3/8-1315X1315 | R8: 45812 | S8: PN-001 | T8: =IF(R8="",0,1) -> 1 | U8: 45821 | V8: - | W8: 2383 | X8: =IF(U8>0,1,"") -> 1 | AA8: =TEXT(R8,"mmm/aaaa") -> jun/2025
A9: 8 | B9: 45806 | C9: 31 | D9: =IF(B9>0,1,"") -> 1 | E9: REATOR 1 | F9: PE | G9: - | H9: 08 | I9: =_xlfn.CONCAT(F9,G9,H9) -> PE-08 | J9: T1 | K9: =IF(J9="","SEM #CH",VLOOKUP(J9,#REF!,2,0)) -> #REF! | L9: =IF(J9="","SEM #CH",VLOOKUP(J9,#REF!,3,0)) -> #REF! | M9: =IF(J9="","SEM #CH",VLOOKUP(J9,#REF!,4,0)) -> #REF! | N9: =IF(J9="","SEM #CH",VLOOKUP(J9,#REF!,5,0)) -> #REF! | O9: =IF(J9="","SEM #CH",VLOOKUP(J9,#REF!,6,0)) -> #REF! | P9: =IF(J9="","SEM #CH",VLOOKUP(J9,#REF!,7,0)) -> #REF! | Q9: =VLOOKUP(J9,'p1'!$B$2:$C$30,2,0) -> #3/8-1620X1620 | R9: 45813 | S9: PN-001 | T9: =IF(R9="",0,1) -> 1 | U9: 45814 | V9: IOO3D34 | W9: 2367 | X9: =IF(U9>0,1,"") -> 1 | AA9: =TEXT(R9,"mmm/aaaa") -> jun/2025
A10: 9 | B10: 45806 | C10: 31 | D10: =IF(B10>0,1,"") -> 1 | E10: REATOR 1 | F10: PE | G10: - | H10: 09 | I10: =_xlfn.CONCAT(F10,G10,H10) -> PE-09 | J10: T3 | K10: =IF(J10="","SEM #CH",VLOOKUP(J10,#REF!,2,0)) -> #REF! | L10: =IF(J10="","SEM #CH",VLOOKUP(J10,#REF!,3,0)) -> #REF! | M10: =IF(J10="","SEM #CH",VLOOKUP(J10,#REF!,4,0)) -> #REF! | N10: =IF(J10="","SEM #CH",VLOOKUP(J10,#REF!,5,0)) -> #REF! | O10: =IF(J10="","SEM #CH",VLOOKUP(J10,#REF!,6,0)) -> #REF! | P10: =IF(J10="","SEM #CH",VLOOKUP(J10,#REF!,7,0)) -> #REF! | Q10: =VLOOKUP(J10,'p1'!$B$2:$C$30,2,0) -> #3/8-1200X1200 | R10: 45810 | S10: PN-001 | T10: =IF(R10="",0,1) -> 1 | U10: 45817 | V10: - | W10: 2370 | X10: =IF(U10>0,1,"") -> 1 | AA10: =TEXT(R10,"mmm/aaaa") -> jun/2025
A11: 10 | B11: 45733 | C11: 1 | D11: =IF(B11>0,1,"") -> 1 | E11: REATOR 1 | F11: PN | G11: - | H11: 10 | I11: =_xlfn.CONCAT(F11,G11,H11) -> PN-10 | J11: P | K11: =IF(J11="","SEM #CH",VLOOKUP(J11,#REF!,2,0)) -> #REF! | L11: =IF(J11="","SEM #CH",VLOOKUP(J11,#REF!,3,0)) -> #REF! | M11: =IF(J11="","SEM #CH",VLOOKUP(J11,#REF!,4,0)) -> #REF! | N11: =IF(J11="","SEM #CH",VLOOKUP(J11,#REF!,5,0)) -> #REF! | O11: =IF(J11="","SEM #CH",VLOOKUP(J11,#REF!,6,0)) -> #REF! | P11: =IF(J11="","SEM #CH",VLOOKUP(J11,#REF!,7,0)) -> #REF! | Q11: =VLOOKUP(J11,'p1'!$B$2:$C$30,2,0) -> NÃO TEM CHAPA | R11: 45740 | S11: PN-001 | T11: =IF(R11="",0,1) -> 1 | U11: 45818 | V11: - | W11: 2372 | X11: =IF(U11>0,1,"") -> 1 | AA11: =TEXT(R11,"mmm/aaaa") -> mar/2025
A12: 11 | B12: 45733 | C12: 1 | D12: =IF(B12>0,1,"") -> 1 | E12: REATOR 1 | F12: PN | G12: - | H12: 11 | I12: =_xlfn.CONCAT(F12,G12,H12) -> PN-11 | J12: P | K12: =IF(J12="","SEM #CH",VLOOKUP(J12,#REF!,2,0)) -> #REF! | L12: =IF(J12="","SEM #CH",VLOOKUP(J12,#REF!,3,0)) -> #REF! | M12: =IF(J12="","SEM #CH",VLOOKUP(J12,#REF!,4,0)) -> #REF! | N12: =IF(J12="","SEM #CH",VLOOKUP(J12,#REF!,5,0)) -> #REF! | O12: =IF(J12="","SEM #CH",VLOOKUP(J12,#REF!,6,0)) -> #REF! | P12: =IF(J12="","SEM #CH",VLOOKUP(J12,#REF!,7,0)) -> #REF! | Q12: =VLOOKUP(J12,'p1'!$B$2:$C$30,2,0) -> NÃO TEM CHAPA | R12: 45740 | S12: PN-001 | T12: =IF(R12="",0,1) -> 1 | U12: 45759 | V12: - | W12: 2373 | X12: =IF(U12>0,1,"") -> 1 | AA12: =TEXT(R12,"mmm/aaaa") -> mar/2025
A13: 12 | B13: 45741 | C13: 2 | D13: =IF(B13>0,1,"") -> 1 | E13: REATOR 1 | F13: PN | G13: - | H13: 12 | I13: =_xlfn.CONCAT(F13,G13,H13) -> PN-12 | J13: P | K13: =IF(J13="","SEM #CH",VLOOKUP(J13,#REF!,2,0)) -> #REF! | L13: =IF(J13="","SEM #CH",VLOOKUP(J13,#REF!,3,0)) -> #REF! | M13: =IF(J13="","SEM #CH",VLOOKUP(J13,#REF!,4,0)) -> #REF! | N13: =IF(J13="","SEM #CH",VLOOKUP(J13,#REF!,5,0)) -> #REF! | O13: =IF(J13="","SEM #CH",VLOOKUP(J13,#REF!,6,0)) -> #REF! | P13: =IF(J13="","SEM #CH",VLOOKUP(J13,#REF!,7,0)) -> #REF! | Q13: =VLOOKUP(J13,'p1'!$B$2:$C$30,2,0) -> NÃO TEM CHAPA | R13: 45743 | S13: PN-001 | T13: =IF(R13="",0,1) -> 1 | U13: 45831 | V13: - | W13: 2405 | X13: =IF(U13>0,1,"") -> 1 | AA13: =TEXT(R13,"mmm/aaaa") -> mar/2025
... A99: 98 | B99: 45757 | C99: 12 | D99: =IF(B99>0,1,"") -> 1 | E99: REATOR 2 | F99: PN | G99: - | H99: 98 | I99: =_xlfn.CONCAT(F99,G99,H99) -> PN-98 | J99: P | K99: =IF(J99="","SEM #CH",VLOOKUP(J99,#REF!,2,0)) -> #REF! | L99: =IF(J99="","SEM #CH",VLOOKUP(J99,#REF!,3,0)) -> #REF! | M99: =IF(J99="","SEM #CH",VLOOKUP(J99,#REF!,4,0)) -> #REF! | N99: =IF(J99="","SEM #CH",VLOOKUP(J99,#REF!,5,0)) -> #REF! | O99: =IF(J99="","SEM #CH",VLOOKUP(J99,#REF!,6,0)) -> #REF! | P99: =IF(J99="","SEM #CH",VLOOKUP(J99,#REF!,7,0)) -> #REF! | Q99: =VLOOKUP(J99,'p1'!$B$2:$C$30,2,0) -> NÃO TEM CHAPA | R99: 45769 | S99: PN-001 | T99: =IF(R99="",0,1) -> 1 | U99: 45820 | V99: - | W99: 2382 | X99: =IF(U99>0,1,"") -> 1 | AA99: =TEXT(R99,"mmm/aaaa") -> abr/2025
A100: 99 | B100: 45758 | C100: 13 | D100: =IF(B100>0,1,"") -> 1 | E100: REATOR 2 | F100: PN | G100: - | H100: 99 | I100: =_xlfn.CONCAT(F100,G100,H100) -> PN-99 | J100: P | K100: =IF(J100="","SEM #CH",VLOOKUP(J100,#REF!,2,0)) -> #REF! | L100: =IF(J100="","SEM #CH",VLOOKUP(J100,#REF!,3,0)) -> #REF! | M100: =IF(J100="","SEM #CH",VLOOKUP(J100,#REF!,4,0)) -> #REF! | N100: =IF(J100="","SEM #CH",VLOOKUP(J100,#REF!,5,0)) -> #REF! | O100: =IF(J100="","SEM #CH",VLOOKUP(J100,#REF!,6,0)) -> #REF! | P100: =IF(J100="","SEM #CH",VLOOKUP(J100,#REF!,7,0)) -> #REF! | Q100: =VLOOKUP(J100,'p1'!$B$2:$C$30,2,0) -> NÃO TEM CHAPA | R100: 45887 | S100: PN-001 | T100: =IF(R100="",0,1) -> 1 | U100: 45887 | W100: 2480 | X100: =IF(U100>0,1,"") -> 1 | AA100: =TEXT(R100,"mmm/aaaa") -> ago/2025
A101: 100 | B101: 45758 | C101: 13 | D101: =IF(B101>0,1,"") -> 1 | E101: REATOR 2 | F101: PN | G101: - | H101: 100 | I101: =_xlfn.CONCAT(F101,G101,H101) -> PN-100 | J101: P | K101: =IF(J101="","SEM #CH",VLOOKUP(J101,#REF!,2,0)) -> #REF! | L101: =IF(J101="","SEM #CH",VLOOKUP(J101,#REF!,3,0)) -> #REF! | M101: =IF(J101="","SEM #CH",VLOOKUP(J101,#REF!,4,0)) -> #REF! | N101: =IF(J101="","SEM #CH",VLOOKUP(J101,#REF!,5,0)) -> #REF! | O101: =IF(J101="","SEM #CH",VLOOKUP(J101,#REF!,6,0)) -> #REF! | P101: =IF(J101="","SEM #CH",VLOOKUP(J101,#REF!,7,0)) -> #REF! | Q101: =VLOOKUP(J101,'p1'!$B$2:$C$30,2,0) -> NÃO TEM CHAPA | R101: 45852 | S101: PN-001 | T101: =IF(R101="",0,1) -> 1 | U101: 45852 | V101: - | W101: 2443 | X101: =IF(U101>0,1,"") -> 1 | AA101: =TEXT(R101,"mmm/aaaa") -> jul/2025
A102: 101 | B102: 45812 | C102: 32 | D102: =IF(B102>0,1,"") -> 1 | E102: REATOR 2 | F102: PE | G102: - | H102: 101 | I102: =_xlfn.CONCAT(F102,G102,H102) -> PE-101 | J102: T2 | K102: =IF(J102="","SEM #CH",VLOOKUP(J102,#REF!,2,0)) -> #REF! | L102: =IF(J102="","SEM #CH",VLOOKUP(J102,#REF!,3,0)) -> #REF! | M102: =IF(J102="","SEM #CH",VLOOKUP(J102,#REF!,4,0)) -> #REF! | N102: =IF(J102="","SEM #CH",VLOOKUP(J102,#REF!,5,0)) -> #REF! | O102: =IF(J102="","SEM #CH",VLOOKUP(J102,#REF!,6,0)) -> #REF! | P102: =IF(J102="","SEM #CH",VLOOKUP(J102,#REF!,7,0)) -> #REF! | Q102: =VLOOKUP(J102,'p1'!$B$2:$C$30,2,0) -> #3/8-1315X1315 | R102: 45821 | S102: PN-001 | T102: =IF(R102="",0,1) -> 1 | U102: 45835 | V102: - | W102: 2422 | X102: =IF(U102>0,1,"") -> 1 | AA102: =TEXT(R102,"mmm/aaaa") -> jun/2025
A103: 102 | B103: 45758 | C103: 13 | D103: =IF(B103>0,1,"") -> 1 | E103: REATOR 2 | F103: PN | G103: - | H103: 102 | I103: =_xlfn.CONCAT(F103,G103,H103) -> PN-102 | J103: P | K103: =IF(J103="","SEM #CH",VLOOKUP(J103,#REF!,2,0)) -> #REF! | L103: =IF(J103="","SEM #CH",VLOOKUP(J103,#REF!,3,0)) -> #REF! | M103: =IF(J103="","SEM #CH",VLOOKUP(J103,#REF!,4,0)) -> #REF! | N103: =IF(J103="","SEM #CH",VLOOKUP(J103,#REF!,5,0)) -> #REF! | O103: =IF(J103="","SEM #CH",VLOOKUP(J103,#REF!,6,0)) -> #REF! | P103: =IF(J103="","SEM #CH",VLOOKUP(J103,#REF!,7,0)) -> #REF! | Q103: =VLOOKUP(J103,'p1'!$B$2:$C$30,2,0) -> NÃO TEM CHAPA | R103: 45849 | S103: PN-001 | T103: =IF(R103="",0,1) -> 1 | U103: 45852 | V103: - | W103: 2443 | X103: =IF(U103>0,1,"") -> 1 | AA103: =TEXT(R103,"mmm/aaaa") -> jul/2025
A104: 103 | B104: 45758 | C104: 13 | D104: =IF(B104>0,1,"") -> 1 | E104: REATOR 2 | F104: PN | G104: - | H104: 103 | I104: =_xlfn.CONCAT(F104,G104,H104) -> PN-103 | J104: P | K104: =IF(J104="","SEM #CH",VLOOKUP(J104,#REF!,2,0)) -> #REF! | L104: =IF(J104="","SEM #CH",VLOOKUP(J104,#REF!,3,0)) -> #REF! | M104: =IF(J104="","SEM #CH",VLOOKUP(J104,#REF!,4,0)) -> #REF! | N104: =IF(J104="","SEM #CH",VLOOKUP(J104,#REF!,5,0)) -> #REF! | O104: =IF(J104="","SEM #CH",VLOOKUP(J104,#REF!,6,0)) -> #REF! | P104: =IF(J104="","SEM #CH",VLOOKUP(J104,#REF!,7,0)) -> #REF! | Q104: =VLOOKUP(J104,'p1'!$B$2:$C$30,2,0) -> NÃO TEM CHAPA | R104: 45827 | S104: PN-001 | T104: =IF(R104="",0,1) -> 1 | U104: 45835 | V104: - | W104: 2422 | X104: =IF(U104>0,1,"") -> 1 | AA104: =TEXT(R104,"mmm/aaaa") -> jun/2025
A105: 104 | B105: 45758 | C105: 13 | D105: =IF(B105>0,1,"") -> 1 | E105: REATOR 2 | F105: PN | G105: - | H105: 104 | I105: =_xlfn.CONCAT(F105,G105,H105) -> PN-104 | J105: P | K105: =IF(J105="","SEM #CH",VLOOKUP(J105,#REF!,2,0)) -> #REF! | L105: =IF(J105="","SEM #CH",VLOOKUP(J105,#REF!,3,0)) -> #REF! | M105: =IF(J105="","SEM #CH",VLOOKUP(J105,#REF!,4,0)) -> #REF! | N105: =IF(J105="","SEM #CH",VLOOKUP(J105,#REF!,5,0)) -> #REF! | O105: =IF(J105="","SEM #CH",VLOOKUP(J105,#REF!,6,0)) -> #REF! | P105: =IF(J105="","SEM #CH",VLOOKUP(J105,#REF!,7,0)) -> #REF! | Q105: =VLOOKUP(J105,'p1'!$B$2:$C$30,2,0) -> NÃO TEM CHAPA | R105: 45791 | S105: PN-001 | T105: =IF(R105="",0,1) -> 1 | U105: 45854 | V105: - | W105: 2445 | X105: =IF(U105>0,1,"") -> 1 | AA105: =TEXT(R105,"mmm/aaaa") -> mai/2025
A106: 105 | B106: 45758 | C106: 13 | D106: =IF(B106>0,1,"") -> 1 | E106: REATOR 2 | F106: PN | G106: - | H106: 105 | I106: =_xlfn.CONCAT(F106,G106,H106) -> PN-105 | J106: P | K106: =IF(J106="","SEM #CH",VLOOKUP(J106,#REF!,2,0)) -> #REF! | L106: =IF(J106="","SEM #CH",VLOOKUP(J106,#REF!,3,0)) -> #REF! | M106: =IF(J106="","SEM #CH",VLOOKUP(J106,#REF!,4,0)) -> #REF! | N106: =IF(J106="","SEM #CH",VLOOKUP(J106,#REF!,5,0)) -> #REF! | O106: =IF(J106="","SEM #CH",VLOOKUP(J106,#REF!,6,0)) -> #REF! | P106: =IF(J106="","SEM #CH",VLOOKUP(J106,#REF!,7,0)) -> #REF! | Q106: =VLOOKUP(J106,'p1'!$B$2:$C$30,2,0) -> NÃO TEM CHAPA | R106: 45769 | S106: PN-001 | T106: =IF(R106="",0,1) -> 1 | U106: 45854 | V106: - | W106: 2448 | X106: =IF(U106>0,1,"") -> 1 | AA106: =TEXT(R106,"mmm/aaaa") -> abr/2025
A107: 106 | B107: 45758 | C107: 13 | D107: =IF(B107>0,1,"") -> 1 | E107: REATOR 2 | F107: PN | G107: - | H107: 106 | I107: =_xlfn.CONCAT(F107,G107,H107) -> PN-106 | J107: P | K107: =IF(J107="","SEM #CH",VLOOKUP(J107,#REF!,2,0)) -> #REF! | L107: =IF(J107="","SEM #CH",VLOOKUP(J107,#REF!,3,0)) -> #REF! | M107: =IF(J107="","SEM #CH",VLOOKUP(J107,#REF!,4,0)) -> #REF! | N107: =IF(J107="","SEM #CH",VLOOKUP(J107,#REF!,5,0)) -> #REF! | O107: =IF(J107="","SEM #CH",VLOOKUP(J107,#REF!,6,0)) -> #REF! | P107: =IF(J107="","SEM #CH",VLOOKUP(J107,#REF!,7,0)) -> #REF! | Q107: =VLOOKUP(J107,'p1'!$B$2:$C$30,2,0) -> NÃO TEM CHAPA | R107: 45769 | S107: PN-001 | T107: =IF(R107="",0,1) -> 1 | U107: 45856 | V107: - | W107: 2452 | X107: =IF(U107>0,1,"") -> 1 | AA107: =TEXT(R107,"mmm/aaaa") -> abr/2025
A108: 107 | B108: 45762 | C108: 15 | D108: =IF(B108>0,1,"") -> 1 | E108: REATOR 2 | F108: PN | G108: - | H108: 107 | I108: =_xlfn.CONCAT(F108,G108,H108) -> PN-107 | J108: P | K108: =IF(J108="","SEM #CH",VLOOKUP(J108,#REF!,2,0)) -> #REF! | L108: =IF(J108="","SEM #CH",VLOOKUP(J108,#REF!,3,0)) -> #REF! | M108: =IF(J108="","SEM #CH",VLOOKUP(J108,#REF!,4,0)) -> #REF! | N108: =IF(J108="","SEM #CH",VLOOKUP(J108,#REF!,5,0)) -> #REF! | O108: =IF(J108="","SEM #CH",VLOOKUP(J108,#REF!,6,0)) -> #REF! | P108: =IF(J108="","SEM #CH",VLOOKUP(J108,#REF!,7,0)) -> #REF! | Q108: =VLOOKUP(J108,'p1'!$B$2:$C$30,2,0) -> NÃO TEM CHAPA | R108: 45803 | S108: PN-002 | T108: =IF(R108="",0,1) -> 1 | U108: 45828 | V108: - | W108: 2398 | X108: =IF(U108>0,1,"") -> 1 | AA108: =TEXT(R108,"mmm/aaaa") -> mai/2025
A109: 108 | B109: 45761 | C109: 14 | D109: =IF(B109>0,1,"") -> 1 | E109: REATOR 2 | F109: PN | G109: - | H109: 108 | I109: =_xlfn.CONCAT(F109,G109,H109) -> PN-108 | J109: P | K109: =IF(J109="","SEM #CH",VLOOKUP(J109,#REF!,2,0)) -> #REF! | L109: =IF(J109="","SEM #CH",VLOOKUP(J109,#REF!,3,0)) -> #REF! | M109: =IF(J109="","SEM #CH",VLOOKUP(J109,#REF!,4,0)) -> #REF! | N109: =IF(J109="","SEM #CH",VLOOKUP(J109,#REF!,5,0)) -> #REF! | O109: =IF(J109="","SEM #CH",VLOOKUP(J109,#REF!,6,0)) -> #REF! | P109: =IF(J109="","SEM #CH",VLOOKUP(J109,#REF!,7,0)) -> #REF! | Q109: =VLOOKUP(J109,'p1'!$B$2:$C$30,2,0) -> NÃO TEM CHAPA | R109: 45773 | S109: PN-001 | T109: =IF(R109="",0,1) -> 1 | U109: 45848 | V109: qrk3e99 | W109: 2440 | X109: =IF(U109>0,1,"") -> 1 | AA109: =TEXT(R109,"mmm/aaaa") -> abr/2025
A110: 109 | B110: 45761 | C110: 14 | D110: =IF(B110>0,1,"") -> 1 | E110: REATOR 2 | F110: PN | G110: - | H110: 109 | I110: =_xlfn.CONCAT(F110,G110,H110) -> PN-109 | J110: P | K110: =IF(J110="","SEM #CH",VLOOKUP(J110,#REF!,2,0)) -> #REF! | L110: =IF(J110="","SEM #CH",VLOOKUP(J110,#REF!,3,0)) -> #REF! | M110: =IF(J110="","SEM #CH",VLOOKUP(J110,#REF!,4,0)) -> #REF! | N110: =IF(J110="","SEM #CH",VLOOKUP(J110,#REF!,5,0)) -> #REF! | O110: =IF(J110="","SEM #CH",VLOOKUP(J110,#REF!,6,0)) -> #REF! | P110: =IF(J110="","SEM #CH",VLOOKUP(J110,#REF!,7,0)) -> #REF! | Q110: =VLOOKUP(J110,'p1'!$B$2:$C$30,2,0) -> NÃO TEM CHAPA | R110: 45864 | S110: PN-001 | T110: =IF(R110="",0,1) -> 1 | U110: 45881 | V110: SEV8E92 | W110: 2467 | X110: =IF(U110>0,1,"") -> 1 | AA110: =TEXT(R110,"mmm/aaaa") -> jul/2025
A111: 110 | B111: 45761 | C111: 14 | D111: =IF(B111>0,1,"") -> 1 | E111: REATOR 2 | F111: PN | G111: - | H111: 110 | I111: =_xlfn.CONCAT(F111,G111,H111) -> PN-110 | J111: P | K111: =IF(J111="","SEM #CH",VLOOKUP(J111,#REF!,2,0)) -> #REF! | L111: =IF(J111="","SEM #CH",VLOOKUP(J111,#REF!,3,0)) -> #REF! | M111: =IF(J111="","SEM #CH",VLOOKUP(J111,#REF!,4,0)) -> #REF! | N111: =IF(J111="","SEM #CH",VLOOKUP(J111,#REF!,5,0)) -> #REF! | O111: =IF(J111="","SEM #CH",VLOOKUP(J111,#REF!,6,0)) -> #REF! | P111: =IF(J111="","SEM #CH",VLOOKUP(J111,#REF!,7,0)) -> #REF! | Q111: =VLOOKUP(J111,'p1'!$B$2:$C$30,2,0) -> NÃO TEM CHAPA | R111: 45864 | S111: PN-001 | T111: =IF(R111="",0,1) -> 1 | U111: 45881 | V111: - | W111: 2468 | X111: =IF(U111>0,1,"") -> 1 | AA111: =TEXT(R111,"mmm/aaaa") -> jul/2025
A112: 111 | B112: 45761 | C112: 14 | D112: =IF(B112>0,1,"") -> 1 | E112: REATOR 2 | F112: PN | G112: - | H112: 111 | I112: =_xlfn.CONCAT(F112,G112,H112) -> PN-111 | J112: P | K112: =IF(J112="","SEM #CH",VLOOKUP(J112,#REF!,2,0)) -> #REF! | L112: =IF(J112="","SEM #CH",VLOOKUP(J112,#REF!,3,0)) -> #REF! | M112: =IF(J112="","SEM #CH",VLOOKUP(J112,#REF!,4,0)) -> #REF! | N112: =IF(J112="","SEM #CH",VLOOKUP(J112,#REF!,5,0)) -> #REF! | O112: =IF(J112="","SEM #CH",VLOOKUP(J112,#REF!,6,0)) -> #REF! | P112: =IF(J112="","SEM #CH",VLOOKUP(J112,#REF!,7,0)) -> #REF! | Q112: =VLOOKUP(J112,'p1'!$B$2:$C$30,2,0) -> NÃO TEM CHAPA | R112: 45910 | S112: PN-001 | T112: =IF(R112="",0,1) -> 1 | U112: 45912 | V112: - | W112: 2520 | X112: =IF(U112>0,1,"") -> 1 | AA112: =TEXT(R112,"mmm/aaaa") -> set/2025
... A148: 147 | B148: 45771 | C148: 19 | D148: =IF(B148>0,1,"") -> 1 | E148: REATOR 3 | F148: PN | G148: - | H148: 147 | I148: =_xlfn.CONCAT(F148,G148,H148) -> PN-147 | J148: P | K148: =IF(J148="","SEM #CH",VLOOKUP(J148,#REF!,2,0)) -> #REF! | L148: =IF(J148="","SEM #CH",VLOOKUP(J148,#REF!,3,0)) -> #REF! | M148: =IF(J148="","SEM #CH",VLOOKUP(J148,#REF!,4,0)) -> #REF! | N148: =IF(J148="","SEM #CH",VLOOKUP(J148,#REF!,5,0)) -> #REF! | O148: =IF(J148="","SEM #CH",VLOOKUP(J148,#REF!,6,0)) -> #REF! | P148: =IF(J148="","SEM #CH",VLOOKUP(J148,#REF!,7,0)) -> #REF! | Q148: =VLOOKUP(J148,'p1'!$B$2:$C$30,2,0) -> NÃO TEM CHAPA | R148: 45922 | S148: PN-001 | T148: =IF(R148="",0,1) -> 1 | U148: 45924 | V148: - | W148: 2541 | X148: =IF(U148>0,1,"") -> 1 | AA148: =TEXT(R148,"mmm/aaaa") -> set/2025
A149: 148 | B149: 45818 | C149: 34 | D149: =IF(B149>0,1,"") -> 1 | E149: REATOR 3 | F149: PE | G149: - | H149: 148 | I149: =_xlfn.CONCAT(F149,G149,H149) -> PE-148 | J149: T3 | K149: =IF(J149="","SEM #CH",VLOOKUP(J149,#REF!,2,0)) -> #REF! | L149: =IF(J149="","SEM #CH",VLOOKUP(J149,#REF!,3,0)) -> #REF! | M149: =IF(J149="","SEM #CH",VLOOKUP(J149,#REF!,4,0)) -> #REF! | N149: =IF(J149="","SEM #CH",VLOOKUP(J149,#REF!,5,0)) -> #REF! | O149: =IF(J149="","SEM #CH",VLOOKUP(J149,#REF!,6,0)) -> #REF! | P149: =IF(J149="","SEM #CH",VLOOKUP(J149,#REF!,7,0)) -> #REF! | Q149: =VLOOKUP(J149,'p1'!$B$2:$C$30,2,0) -> #3/8-1200X1200 | R149: 45878 | S149: PN-001 | T149: =IF(R149="",0,1) -> 1 | U149: 45887 | W149: 2480 | X149: =IF(U149>0,1,"") -> 1 | AA149: =TEXT(R149,"mmm/aaaa") -> ago/2025
A150: 149 | B150: 45818 | C150: 34 | D150: =IF(B150>0,1,"") -> 1 | E150: REATOR 3 | F150: PE | G150: - | H150: 149 | I150: =_xlfn.CONCAT(F150,G150,H150) -> PE-149 | J150: T1 | K150: =IF(J150="","SEM #CH",VLOOKUP(J150,#REF!,2,0)) -> #REF! | L150: =IF(J150="","SEM #CH",VLOOKUP(J150,#REF!,3,0)) -> #REF! | M150: =IF(J150="","SEM #CH",VLOOKUP(J150,#REF!,4,0)) -> #REF! | N150: =IF(J150="","SEM #CH",VLOOKUP(J150,#REF!,5,0)) -> #REF! | O150: =IF(J150="","SEM #CH",VLOOKUP(J150,#REF!,6,0)) -> #REF! | P150: =IF(J150="","SEM #CH",VLOOKUP(J150,#REF!,7,0)) -> #REF! | Q150: =VLOOKUP(J150,'p1'!$B$2:$C$30,2,0) -> #3/8-1620X1620 | R150: 45875 | S150: PN-001 | T150: =IF(R150="",0,1) -> 1 | U150: 45887 | V150: FOH8658 | W150: 2481 | X150: =IF(U150>0,1,"") -> 1 | AA150: =TEXT(R150,"mmm/aaaa") -> ago/2025
A151: 150 | B151: 45818 | C151: 34 | D151: =IF(B151>0,1,"") -> 1 | E151: REATOR 3 | F151: PE | G151: - | H151: 150 | I151: =_xlfn.CONCAT(F151,G151,H151) -> PE-150 | J151: T2 | K151: =IF(J151="","SEM #CH",VLOOKUP(J151,#REF!,2,0)) -> #REF! | L151: =IF(J151="","SEM #CH",VLOOKUP(J151,#REF!,3,0)) -> #REF! | M151: =IF(J151="","SEM #CH",VLOOKUP(J151,#REF!,4,0)) -> #REF! | N151: =IF(J151="","SEM #CH",VLOOKUP(J151,#REF!,5,0)) -> #REF! | O151: =IF(J151="","SEM #CH",VLOOKUP(J151,#REF!,6,0)) -> #REF! | P151: =IF(J151="","SEM #CH",VLOOKUP(J151,#REF!,7,0)) -> #REF! | Q151: =VLOOKUP(J151,'p1'!$B$2:$C$30,2,0) -> #3/8-1315X1315 | R151: 45873 | S151: PN-001 | T151: =IF(R151="",0,1) -> 1 | U151: 45887 | W151: 2480 | X151: =IF(U151>0,1,"") -> 1 | AA151: =TEXT(R151,"mmm/aaaa") -> ago/2025
A152: 151 | B152: 45771 | C152: 19 | D152: =IF(B152>0,1,"") -> 1 | E152: REATOR 3 | F152: PN | G152: - | H152: 151 | I152: =_xlfn.CONCAT(F152,G152,H152) -> PN-151 | J152: P | K152: =IF(J152="","SEM #CH",VLOOKUP(J152,#REF!,2,0)) -> #REF! | L152: =IF(J152="","SEM #CH",VLOOKUP(J152,#REF!,3,0)) -> #REF! | M152: =IF(J152="","SEM #CH",VLOOKUP(J152,#REF!,4,0)) -> #REF! | N152: =IF(J152="","SEM #CH",VLOOKUP(J152,#REF!,5,0)) -> #REF! | O152: =IF(J152="","SEM #CH",VLOOKUP(J152,#REF!,6,0)) -> #REF! | P152: =IF(J152="","SEM #CH",VLOOKUP(J152,#REF!,7,0)) -> #REF! | Q152: =VLOOKUP(J152,'p1'!$B$2:$C$30,2,0) -> NÃO TEM CHAPA | R152: 45905 | S152: PN-001 | T152: =IF(R152="",0,1) -> 1 | U152: 45905 | V152: - | W152: 2506 | X152: =IF(U152>0,1,"") -> 1 | AA152: =TEXT(R152,"mmm/aaaa") -> set/2025
A153: 152 | B153: 45771 | C153: 19 | D153: =IF(B153>0,1,"") -> 1 | E153: REATOR 3 | F153: PN | G153: - | H153: 152 | I153: =_xlfn.CONCAT(F153,G153,H153) -> PN-152 | J153: P | K153: =IF(J153="","SEM #CH",VLOOKUP(J153,#REF!,2,0)) -> #REF! | L153: =IF(J153="","SEM #CH",VLOOKUP(J153,#REF!,3,0)) -> #REF! | M153: =IF(J153="","SEM #CH",VLOOKUP(J153,#REF!,4,0)) -> #REF! | N153: =IF(J153="","SEM #CH",VLOOKUP(J153,#REF!,5,0)) -> #REF! | O153: =IF(J153="","SEM #CH",VLOOKUP(J153,#REF!,6,0)) -> #REF! | P153: =IF(J153="","SEM #CH",VLOOKUP(J153,#REF!,7,0)) -> #REF! | Q153: =VLOOKUP(J153,'p1'!$B$2:$C$30,2,0) -> NÃO TEM CHAPA | R153: 45904 | S153: PN-001 | T153: =IF(R153="",0,1) -> 1 | U153: 45916 | V153: - | W153: 2525 | X153: =IF(U153>0,1,"") -> 1 | AA153: =TEXT(R153,"mmm/aaaa") -> set/2025
A154: 153 | B154: 45771 | C154: 19 | D154: =IF(B154>0,1,"") -> 1 | E154: REATOR 3 | F154: PN | G154: - | H154: 153 | I154: =_xlfn.CONCAT(F154,G154,H154) -> PN-153 | J154: P | K154: =IF(J154="","SEM #CH",VLOOKUP(J154,#REF!,2,0)) -> #REF! | L154: =IF(J154="","SEM #CH",VLOOKUP(J154,#REF!,3,0)) -> #REF! | M154: =IF(J154="","SEM #CH",VLOOKUP(J154,#REF!,4,0)) -> #REF! | N154: =IF(J154="","SEM #CH",VLOOKUP(J154,#REF!,5,0)) -> #REF! | O154: =IF(J154="","SEM #CH",VLOOKUP(J154,#REF!,6,0)) -> #REF! | P154: =IF(J154="","SEM #CH",VLOOKUP(J154,#REF!,7,0)) -> #REF! | Q154: =VLOOKUP(J154,'p1'!$B$2:$C$30,2,0) -> NÃO TEM CHAPA | R154: 45911 | S154: PN-001 | T154: =IF(R154="",0,1) -> 1 | U154: 45912 | V154: - | W154: 2521 | X154: =IF(U154>0,1,"") -> 1 | AA154: =TEXT(R154,"mmm/aaaa") -> set/2025
A155: 154 | B155: 45773 | C155: 20 | D155: =IF(B155>0,1,"") -> 1 | E155: REATOR 3 | F155: PN | G155: - | H155: 154 | I155: =_xlfn.CONCAT(F155,G155,H155) -> PN-154 | J155: P | K155: =IF(J155="","SEM #CH",VLOOKUP(J155,#REF!,2,0)) -> #REF! | L155: =IF(J155="","SEM #CH",VLOOKUP(J155,#REF!,3,0)) -> #REF! | M155: =IF(J155="","SEM #CH",VLOOKUP(J155,#REF!,4,0)) -> #REF! | N155: =IF(J155="","SEM #CH",VLOOKUP(J155,#REF!,5,0)) -> #REF! | O155: =IF(J155="","SEM #CH",VLOOKUP(J155,#REF!,6,0)) -> #REF! | P155: =IF(J155="","SEM #CH",VLOOKUP(J155,#REF!,7,0)) -> #REF! | Q155: =VLOOKUP(J155,'p1'!$B$2:$C$30,2,0) -> NÃO TEM CHAPA | R155: 45822 | S155: PN-002 | T155: =IF(R155="",0,1) -> 1 | U155: 45824 | V155: - | W155: 2389 | X155: =IF(U155>0,1,"") -> 1 | AA155: =TEXT(R155,"mmm/aaaa") -> jun/2025
A156: 155 | B156: 45773 | C156: 20 | D156: =IF(B156>0,1,"") -> 1 | E156: REATOR 3 | F156: PN | G156: - | H156: 155 | I156: =_xlfn.CONCAT(F156,G156,H156) -> PN-155 | J156: P | K156: =IF(J156="","SEM #CH",VLOOKUP(J156,#REF!,2,0)) -> #REF! | L156: =IF(J156="","SEM #CH",VLOOKUP(J156,#REF!,3,0)) -> #REF! | M156: =IF(J156="","SEM #CH",VLOOKUP(J156,#REF!,4,0)) -> #REF! | N156: =IF(J156="","SEM #CH",VLOOKUP(J156,#REF!,5,0)) -> #REF! | O156: =IF(J156="","SEM #CH",VLOOKUP(J156,#REF!,6,0)) -> #REF! | P156: =IF(J156="","SEM #CH",VLOOKUP(J156,#REF!,7,0)) -> #REF! | Q156: =VLOOKUP(J156,'p1'!$B$2:$C$30,2,0) -> NÃO TEM CHAPA | R156: 45822 | S156: PN-002 | T156: =IF(R156="",0,1) -> 1 | U156: 45824 | V156: - | W156: 2389 | X156: =IF(U156>0,1,"") -> 1 | AA156: =TEXT(R156,"mmm/aaaa") -> jun/2025
A157: 156 | B157: 45839 | C157: 43 | D157: =IF(B157>0,1,"") -> 1 | E157: REATOR 3 | F157: PF | G157: - | H157: 156 | I157: =_xlfn.CONCAT(F157,G157,H157) -> PF-156 | J157: PF | K157: =IF(J157="","SEM #CH",VLOOKUP(J157,#REF!,2,0)) -> #REF! | L157: =IF(J157="","SEM #CH",VLOOKUP(J157,#REF!,3,0)) -> #REF! | M157: =IF(J157="","SEM #CH",VLOOKUP(J157,#REF!,4,0)) -> #REF! | N157: =IF(J157="","SEM #CH",VLOOKUP(J157,#REF!,5,0)) -> #REF! | O157: =IF(J157="","SEM #CH",VLOOKUP(J157,#REF!,6,0)) -> #REF! | P157: =IF(J157="","SEM #CH",VLOOKUP(J157,#REF!,7,0)) -> #REF! | Q157: =VLOOKUP(J157,'p1'!$B$2:$C$30,2,0) -> SEM CHAPA | R157: 45845 | S157: PN-001 | T157: =IF(R157="",0,1) -> 1 | U157: 45852 | V157: - | W157: 2441 | X157: =IF(U157>0,1,"") -> 1 | AA157: =TEXT(R157,"mmm/aaaa") -> jul/2025
A158: 157 | B158: 45773 | C158: 20 | D158: =IF(B158>0,1,"") -> 1 | E158: REATOR 3 | F158: PN | G158: - | H158: 157 | I158: =_xlfn.CONCAT(F158,G158,H158) -> PN-157 | J158: P | K158: =IF(J158="","SEM #CH",VLOOKUP(J158,#REF!,2,0)) -> #REF! | L158: =IF(J158="","SEM #CH",VLOOKUP(J158,#REF!,3,0)) -> #REF! | M158: =IF(J158="","SEM #CH",VLOOKUP(J158,#REF!,4,0)) -> #REF! | N158: =IF(J158="","SEM #CH",VLOOKUP(J158,#REF!,5,0)) -> #REF! | O158: =IF(J158="","SEM #CH",VLOOKUP(J158,#REF!,6,0)) -> #REF! | P158: =IF(J158="","SEM #CH",VLOOKUP(J158,#REF!,7,0)) -> #REF! | Q158: =VLOOKUP(J158,'p1'!$B$2:$C$30,2,0) -> NÃO TEM CHAPA | R158: 45822 | S158: PN-002 | T158: =IF(R158="",0,1) -> 1 | U158: 45824 | V158: - | W158: 2389 | X158: =IF(U158>0,1,"") -> 1 | AA158: =TEXT(R158,"mmm/aaaa") -> jun/2025
A159: 158 | B159: 45773 | C159: 20 | D159: =IF(B159>0,1,"") -> 1 | E159: REATOR 3 | F159: PN | G159: - | H159: 158 | I159: =_xlfn.CONCAT(F159,G159,H159) -> PN-158 | J159: P | K159: =IF(J159="","SEM #CH",VLOOKUP(J159,#REF!,2,0)) -> #REF! | L159: =IF(J159="","SEM #CH",VLOOKUP(J159,#REF!,3,0)) -> #REF! | M159: =IF(J159="","SEM #CH",VLOOKUP(J159,#REF!,4,0)) -> #REF! | N159: =IF(J159="","SEM #CH",VLOOKUP(J159,#REF!,5,0)) -> #REF! | O159: =IF(J159="","SEM #CH",VLOOKUP(J159,#REF!,6,0)) -> #REF! | P159: =IF(J159="","SEM #CH",VLOOKUP(J159,#REF!,7,0)) -> #REF! | Q159: =VLOOKUP(J159,'p1'!$B$2:$C$30,2,0) -> NÃO TEM CHAPA | R159: 45824 | S159: PN-002 | T159: =IF(R159="",0,1) -> 1 | U159: 45828 | V159: - | W159: 2402 | X159: =IF(U159>0,1,"") -> 1 | AA159: =TEXT(R159,"mmm/aaaa") -> jun/2025
A160: 159 | B160: 45773 | C160: 20 | D160: =IF(B160>0,1,"") -> 1 | E160: REATOR 3 | F160: PN | G160: - | H160: 159 | I160: =_xlfn.CONCAT(F160,G160,H160) -> PN-159 | J160: P | K160: =IF(J160="","SEM #CH",VLOOKUP(J160,#REF!,2,0)) -> #REF! | L160: =IF(J160="","SEM #CH",VLOOKUP(J160,#REF!,3,0)) -> #REF! | M160: =IF(J160="","SEM #CH",VLOOKUP(J160,#REF!,4,0)) -> #REF! | N160: =IF(J160="","SEM #CH",VLOOKUP(J160,#REF!,5,0)) -> #REF! | O160: =IF(J160="","SEM #CH",VLOOKUP(J160,#REF!,6,0)) -> #REF! | P160: =IF(J160="","SEM #CH",VLOOKUP(J160,#REF!,7,0)) -> #REF! | Q160: =VLOOKUP(J160,'p1'!$B$2:$C$30,2,0) -> NÃO TEM CHAPA | R160: 45824 | S160: PN-002 | T160: =IF(R160="",0,1) -> 1 | U160: 45828 | V160: - | W160: 2402 | X160: =IF(U160>0,1,"") -> 1 | AA160: =TEXT(R160,"mmm/aaaa") -> jun/2025
A161: 160 | B161: 45773 | C161: 20 | D161: =IF(B161>0,1,"") -> 1 | E161: REATOR 3 | F161: PN | G161: - | H161: 160 | I161: =_xlfn.CONCAT(F161,G161,H161) -> PN-160 | J161: P | K161: =IF(J161="","SEM #CH",VLOOKUP(J161,#REF!,2,0)) -> #REF! | L161: =IF(J161="","SEM #CH",VLOOKUP(J161,#REF!,3,0)) -> #REF! | M161: =IF(J161="","SEM #CH",VLOOKUP(J161,#REF!,4,0)) -> #REF! | N161: =IF(J161="","SEM #CH",VLOOKUP(J161,#REF!,5,0)) -> #REF! | O161: =IF(J161="","SEM #CH",VLOOKUP(J161,#REF!,6,0)) -> #REF! | P161: =IF(J161="","SEM #CH",VLOOKUP(J161,#REF!,7,0)) -> #REF! | Q161: =VLOOKUP(J161,'p1'!$B$2:$C$30,2,0) -> NÃO TEM CHAPA | R161: 45824 | S161: PN-002 | T161: =IF(R161="",0,1) -> 1 | U161: 45824 | V161: - | W161: 2389 | X161: =IF(U161>0,1,"") -> 1 | AA161: =TEXT(R161,"mmm/aaaa") -> jun/2025
A162: 161 | B162: 45773 | C162: 20 | D162: =IF(B162>0,1,"") -> 1 | E162: REATOR 3 | F162: PN | G162: - | H162: 161 | I162: =_xlfn.CONCAT(F162,G162,H162) -> PN-161 | J162: P | K162: =IF(J162="","SEM #CH",VLOOKUP(J162,#REF!,2,0)) -> #REF! | L162: =IF(J162="","SEM #CH",VLOOKUP(J162,#REF!,3,0)) -> #REF! | M162: =IF(J162="","SEM #CH",VLOOKUP(J162,#REF!,4,0)) -> #REF! | N162: =IF(J162="","SEM #CH",VLOOKUP(J162,#REF!,5,0)) -> #REF! | O162: =IF(J162="","SEM #CH",VLOOKUP(J162,#REF!,6,0)) -> #REF! | P162: =IF(J162="","SEM #CH",VLOOKUP(J162,#REF!,7,0)) -> #REF! | Q162: =VLOOKUP(J162,'p1'!$B$2:$C$30,2,0) -> NÃO TEM CHAPA | R162: 45825 | S162: PN-002 | T162: =IF(R162="",0,1) -> 1 | U162: 45846 | V162: moy7599 | W162: 2433 | X162: =IF(U162>0,1,"") -> 1 | AA162: =TEXT(R162,"mmm/aaaa") -> jun/2025
A163: 162 | B163: 45776 | C163: 21 | D163: =IF(B163>0,1,"") -> 1 | E163: REATOR 3 | F163: PN | G163: - | H163: 162 | I163: =_xlfn.CONCAT(F163,G163,H163) -> PN-162 | J163: P | K163: =IF(J163="","SEM #CH",VLOOKUP(J163,#REF!,2,0)) -> #REF! | L163: =IF(J163="","SEM #CH",VLOOKUP(J163,#REF!,3,0)) -> #REF! | M163: =IF(J163="","SEM #CH",VLOOKUP(J163,#REF!,4,0)) -> #REF! | N163: =IF(J163="","SEM #CH",VLOOKUP(J163,#REF!,5,0)) -> #REF! | O163: =IF(J163="","SEM #CH",VLOOKUP(J163,#REF!,6,0)) -> #REF! | P163: =IF(J163="","SEM #CH",VLOOKUP(J163,#REF!,7,0)) -> #REF! | Q163: =VLOOKUP(J163,'p1'!$B$2:$C$30,2,0) -> NÃO TEM CHAPA | R163: 45807 | S163: PN-001 | T163: =IF(R163="",0,1) -> 1 | U163: 45854 | V163: - | W163: 2447 | X163: =IF(U163>0,1,"") -> 1 | AA163: =TEXT(R163,"mmm/aaaa") -> mai/2025
... A281: 280 | B281: 45894 | C281: 77 | D281: =IF(B281>0,1,"") -> 1 | E281: REATOR 5 | F281: PF | G281: - | H281: 280 | I281: =_xlfn.CONCAT(F281,G281,H281) -> PF-280 | J281: PF | K281: =IF(J281="","SEM #CH",VLOOKUP(J281,#REF!,2,0)) -> #REF! | L281: =IF(J281="","SEM #CH",VLOOKUP(J281,#REF!,3,0)) -> #REF! | M281: =IF(J281="","SEM #CH",VLOOKUP(J281,#REF!,4,0)) -> #REF! | N281: =IF(J281="","SEM #CH",VLOOKUP(J281,#REF!,5,0)) -> #REF! | O281: =IF(J281="","SEM #CH",VLOOKUP(J281,#REF!,6,0)) -> #REF! | P281: =IF(J281="","SEM #CH",VLOOKUP(J281,#REF!,7,0)) -> #REF! | Q281: =VLOOKUP(J281,'p1'!$B$2:$C$30,2,0) -> SEM CHAPA | R281: 45896 | S281: PN-001 | T281: =IF(R281="",0,1) -> 1 | U281: 45901 | V281: - | W281: 2502 | X281: =IF(U281>0,1,"") -> 1 | AA281: =TEXT(R281,"mmm/aaaa") -> ago/2025
A282: 281 | B282: 45855 | C282: 50 | D282: =IF(B282>0,1,"") -> 1 | E282: REATOR 5 | F282: PN | G282: - | H282: 281 | I282: =_xlfn.CONCAT(F282,G282,H282) -> PN-281 | J282: P | K282: =IF(J282="","SEM #CH",VLOOKUP(J282,#REF!,2,0)) -> #REF! | L282: =IF(J282="","SEM #CH",VLOOKUP(J282,#REF!,3,0)) -> #REF! | M282: =IF(J282="","SEM #CH",VLOOKUP(J282,#REF!,4,0)) -> #REF! | N282: =IF(J282="","SEM #CH",VLOOKUP(J282,#REF!,5,0)) -> #REF! | O282: =IF(J282="","SEM #CH",VLOOKUP(J282,#REF!,6,0)) -> #REF! | P282: =IF(J282="","SEM #CH",VLOOKUP(J282,#REF!,7,0)) -> #REF! | Q282: =VLOOKUP(J282,'p1'!$B$2:$C$30,2,0) -> NÃO TEM CHAPA | R282: 45887 | S282: PN-001 | T282: =IF(R282="",0,1) -> 1 | U282: 45887 | W282: 2480 | X282: =IF(U282>0,1,"") -> 1 | AA282: =TEXT(R282,"mmm/aaaa") -> ago/2025
A283: 282 | B283: 45855 | C283: 50 | D283: =IF(B283>0,1,"") -> 1 | E283: REATOR 5 | F283: PN | G283: - | H283: 282 | I283: =_xlfn.CONCAT(F283,G283,H283) -> PN-282 | J283: P | K283: =IF(J283="","SEM #CH",VLOOKUP(J283,#REF!,2,0)) -> #REF! | L283: =IF(J283="","SEM #CH",VLOOKUP(J283,#REF!,3,0)) -> #REF! | M283: =IF(J283="","SEM #CH",VLOOKUP(J283,#REF!,4,0)) -> #REF! | N283: =IF(J283="","SEM #CH",VLOOKUP(J283,#REF!,5,0)) -> #REF! | O283: =IF(J283="","SEM #CH",VLOOKUP(J283,#REF!,6,0)) -> #REF! | P283: =IF(J283="","SEM #CH",VLOOKUP(J283,#REF!,7,0)) -> #REF! | Q283: =VLOOKUP(J283,'p1'!$B$2:$C$30,2,0) -> NÃO TEM CHAPA | R283: 45871 | S283: PN-001 | T283: =IF(R283="",0,1) -> 1 | U283: 45881 | V283: PPQ9327 | W283: 2469 | X283: =IF(U283>0,1,"") -> 1 | AA283: =TEXT(R283,"mmm/aaaa") -> ago/2025
A284: 283 | B284: 45855 | C284: 50 | D284: =IF(B284>0,1,"") -> 1 | E284: REATOR 5 | F284: PN | G284: - | H284: 283 | I284: =_xlfn.CONCAT(F284,G284,H284) -> PN-283 | J284: P | K284: =IF(J284="","SEM #CH",VLOOKUP(J284,#REF!,2,0)) -> #REF! | L284: =IF(J284="","SEM #CH",VLOOKUP(J284,#REF!,3,0)) -> #REF! | M284: =IF(J284="","SEM #CH",VLOOKUP(J284,#REF!,4,0)) -> #REF! | N284: =IF(J284="","SEM #CH",VLOOKUP(J284,#REF!,5,0)) -> #REF! | O284: =IF(J284="","SEM #CH",VLOOKUP(J284,#REF!,6,0)) -> #REF! | P284: =IF(J284="","SEM #CH",VLOOKUP(J284,#REF!,7,0)) -> #REF! | Q284: =VLOOKUP(J284,'p1'!$B$2:$C$30,2,0) -> NÃO TEM CHAPA | R284: 45931 | S284: PN-001 | T284: =IF(R284="",0,1) -> 1 | U284: 45931 | V284: - | W284: 2554 | X284: =IF(U284>0,1,"") -> 1 | AA284: =TEXT(R284,"mmm/aaaa") -> out/2025
A285: 284 | B285: 45855 | C285: 50 | D285: =IF(B285>0,1,"") -> 1 | E285: REATOR 5 | F285: PN | G285: - | H285: 284 | I285: =_xlfn.CONCAT(F285,G285,H285) -> PN-284 | J285: P | K285: =IF(J285="","SEM #CH",VLOOKUP(J285,#REF!,2,0)) -> #REF! | L285: =IF(J285="","SEM #CH",VLOOKUP(J285,#REF!,3,0)) -> #REF! | M285: =IF(J285="","SEM #CH",VLOOKUP(J285,#REF!,4,0)) -> #REF! | N285: =IF(J285="","SEM #CH",VLOOKUP(J285,#REF!,5,0)) -> #REF! | O285: =IF(J285="","SEM #CH",VLOOKUP(J285,#REF!,6,0)) -> #REF! | P285: =IF(J285="","SEM #CH",VLOOKUP(J285,#REF!,7,0)) -> #REF! | Q285: =VLOOKUP(J285,'p1'!$B$2:$C$30,2,0) -> NÃO TEM CHAPA | R285: 45930 | S285: PN-001 | T285: =IF(R285="",0,1) -> 1 | U285: 45931 | V285: - | W285: 2554 | X285: =IF(U285>0,1,"") -> 1 | AA285: =TEXT(R285,"mmm/aaaa") -> set/2025
A286: 285 | B286: 45856 | C286: 51 | D286: =IF(B286>0,1,"") -> 1 | E286: REATOR 5 | F286: PN | G286: - | H286: 285 | I286: =_xlfn.CONCAT(F286,G286,H286) -> PN-285 | J286: P | K286: =IF(J286="","SEM #CH",VLOOKUP(J286,#REF!,2,0)) -> #REF! | L286: =IF(J286="","SEM #CH",VLOOKUP(J286,#REF!,3,0)) -> #REF! | M286: =IF(J286="","SEM #CH",VLOOKUP(J286,#REF!,4,0)) -> #REF! | N286: =IF(J286="","SEM #CH",VLOOKUP(J286,#REF!,5,0)) -> #REF! | O286: =IF(J286="","SEM #CH",VLOOKUP(J286,#REF!,6,0)) -> #REF! | P286: =IF(J286="","SEM #CH",VLOOKUP(J286,#REF!,7,0)) -> #REF! | Q286: =VLOOKUP(J286,'p1'!$B$2:$C$30,2,0) -> NÃO TEM CHAPA | R286: 45877 | S286: PN-002 | T286: =IF(R286="",0,1) -> 1 | U286: 45882 | V286: ITQ4C60 | W286: 2471 | X286: =IF(U286>0,1,"") -> 1 | AA286: =TEXT(R286,"mmm/aaaa") -> ago/2025
A287: 286 | B287: 45856 | C287: 51 | D287: =IF(B287>0,1,"") -> 1 | E287: REATOR 5 | F287: PN | G287: - | H287: 286 | I287: =_xlfn.CONCAT(F287,G287,H287) -> PN-286 | J287: P | K287: =IF(J287="","SEM #CH",VLOOKUP(J287,#REF!,2,0)) -> #REF! | L287: =IF(J287="","SEM #CH",VLOOKUP(J287,#REF!,3,0)) -> #REF! | M287: =IF(J287="","SEM #CH",VLOOKUP(J287,#REF!,4,0)) -> #REF! | N287: =IF(J287="","SEM #CH",VLOOKUP(J287,#REF!,5,0)) -> #REF! | O287: =IF(J287="","SEM #CH",VLOOKUP(J287,#REF!,6,0)) -> #REF! | P287: =IF(J287="","SEM #CH",VLOOKUP(J287,#REF!,7,0)) -> #REF! | Q287: =VLOOKUP(J287,'p1'!$B$2:$C$30,2,0) -> NÃO TEM CHAPA | R287: 45881 | S287: PN-002 | T287: =IF(R287="",0,1) -> 1 | U287: 45884 | W287: 2478 | X287: =IF(U287>0,1,"") -> 1 | AA287: =TEXT(R287,"mmm/aaaa") -> ago/2025
A288: 287 | B288: 45856 | C288: 51 | D288: =IF(B288>0,1,"") -> 1 | E288: REATOR 5 | F288: PN | G288: - | H288: 287 | I288: =_xlfn.CONCAT(F288,G288,H288) -> PN-287 | J288: P | K288: =IF(J288="","SEM #CH",VLOOKUP(J288,#REF!,2,0)) -> #REF! | L288: =IF(J288="","SEM #CH",VLOOKUP(J288,#REF!,3,0)) -> #REF! | M288: =IF(J288="","SEM #CH",VLOOKUP(J288,#REF!,4,0)) -> #REF! | N288: =IF(J288="","SEM #CH",VLOOKUP(J288,#REF!,5,0)) -> #REF! | O288: =IF(J288="","SEM #CH",VLOOKUP(J288,#REF!,6,0)) -> #REF! | P288: =IF(J288="","SEM #CH",VLOOKUP(J288,#REF!,7,0)) -> #REF! | Q288: =VLOOKUP(J288,'p1'!$B$2:$C$30,2,0) -> NÃO TEM CHAPA | R288: 45870 | S288: PN-002 | T288: =IF(R288="",0,1) -> 1 | U288: 45894 | V288: - | W288: 2489 | X288: =IF(U288>0,1,"") -> 1 | AA288: =TEXT(R288,"mmm/aaaa") -> ago/2025
A289: 288 | B289: 45833 | C289: 39 | D289: =IF(B289>0,1,"") -> 1 | E289: REATOR 5 | F289: PE | G289: - | H289: 288 | I289: =_xlfn.CONCAT(F289,G289,H289) -> PE-288 | J289: T4 | K289: =IF(J289="","SEM #CH",VLOOKUP(J289,#REF!,2,0)) -> #REF! | L289: =IF(J289="","SEM #CH",VLOOKUP(J289,#REF!,3,0)) -> #REF! | M289: =IF(J289="","SEM #CH",VLOOKUP(J289,#REF!,4,0)) -> #REF! | N289: =IF(J289="","SEM #CH",VLOOKUP(J289,#REF!,5,0)) -> #REF! | O289: =IF(J289="","SEM #CH",VLOOKUP(J289,#REF!,6,0)) -> #REF! | P289: =IF(J289="","SEM #CH",VLOOKUP(J289,#REF!,7,0)) -> #REF! | Q289: =VLOOKUP(J289,'p1'!$B$2:$C$30,2,0) -> #3/8-530X530 | R289: 45918 | S289: PN-001 | T289: =IF(R289="",0,1) -> 1 | U289: 45918 | V289: - | W289: 2533 | X289: =IF(U289>0,1,"") -> 1 | AA289: =TEXT(R289,"mmm/aaaa") -> set/2025
A290: 289 | B290: 45856 | C290: 51 | D290: =IF(B290>0,1,"") -> 1 | E290: REATOR 5 | F290: PN | G290: - | H290: 289 | I290: =_xlfn.CONCAT(F290,G290,H290) -> PN-289 | J290: P | K290: =IF(J290="","SEM #CH",VLOOKUP(J290,#REF!,2,0)) -> #REF! | L290: =IF(J290="","SEM #CH",VLOOKUP(J290,#REF!,3,0)) -> #REF! | M290: =IF(J290="","SEM #CH",VLOOKUP(J290,#REF!,4,0)) -> #REF! | N290: =IF(J290="","SEM #CH",VLOOKUP(J290,#REF!,5,0)) -> #REF! | O290: =IF(J290="","SEM #CH",VLOOKUP(J290,#REF!,6,0)) -> #REF! | P290: =IF(J290="","SEM #CH",VLOOKUP(J290,#REF!,7,0)) -> #REF! | Q290: =VLOOKUP(J290,'p1'!$B$2:$C$30,2,0) -> NÃO TEM CHAPA | R290: 45870 | S290: PN-002 | T290: =IF(R290="",0,1) -> 1 | U290: 45894 | V290: - | W290: 2489 | X290: =IF(U290>0,1,"") -> 1 | AA290: =TEXT(R290,"mmm/aaaa") -> ago/2025
A291: 290 | B291: 45856 | C291: 51 | D291: =IF(B291>0,1,"") -> 1 | E291: REATOR 5 | F291: PN | G291: - | H291: 290 | I291: =_xlfn.CONCAT(F291,G291,H291) -> PN-290 | J291: P | K291: =IF(J291="","SEM #CH",VLOOKUP(J291,#REF!,2,0)) -> #REF! | L291: =IF(J291="","SEM #CH",VLOOKUP(J291,#REF!,3,0)) -> #REF! | M291: =IF(J291="","SEM #CH",VLOOKUP(J291,#REF!,4,0)) -> #REF! | N291: =IF(J291="","SEM #CH",VLOOKUP(J291,#REF!,5,0)) -> #REF! | O291: =IF(J291="","SEM #CH",VLOOKUP(J291,#REF!,6,0)) -> #REF! | P291: =IF(J291="","SEM #CH",VLOOKUP(J291,#REF!,7,0)) -> #REF! | Q291: =VLOOKUP(J291,'p1'!$B$2:$C$30,2,0) -> NÃO TEM CHAPA | R291: 45868 | S291: PN-002 | T291: =IF(R291="",0,1) -> 1 | U291: 45894 | V291: - | W291: 2492 | X291: =IF(U291>0,1,"") -> 1 | AA291: =TEXT(R291,"mmm/aaaa") -> jul/2025
A292: 291 | B292: 45856 | C292: 51 | D292: =IF(B292>0,1,"") -> 1 | E292: REATOR 5 | F292: PN | G292: - | H292: 291 | I292: =_xlfn.CONCAT(F292,G292,H292) -> PN-291 | J292: P | K292: =IF(J292="","SEM #CH",VLOOKUP(J292,#REF!,2,0)) -> #REF! | L292: =IF(J292="","SEM #CH",VLOOKUP(J292,#REF!,3,0)) -> #REF! | M292: =IF(J292="","SEM #CH",VLOOKUP(J292,#REF!,4,0)) -> #REF! | N292: =IF(J292="","SEM #CH",VLOOKUP(J292,#REF!,5,0)) -> #REF! | O292: =IF(J292="","SEM #CH",VLOOKUP(J292,#REF!,6,0)) -> #REF! | P292: =IF(J292="","SEM #CH",VLOOKUP(J292,#REF!,7,0)) -> #REF! | Q292: =VLOOKUP(J292,'p1'!$B$2:$C$30,2,0) -> NÃO TEM CHAPA | R292: 45868 | S292: PN-002 | T292: =IF(R292="",0,1) -> 1 | U292: 45880 | V292: jab5e34 | W292: 2465 | X292: =IF(U292>0,1,"") -> 1 | AA292: =TEXT(R292,"mmm/aaaa") -> jul/2025
A293: 292 | B293: 45856 | C293: 51 | D293: =IF(B293>0,1,"") -> 1 | E293: REATOR 5 | F293: PN | G293: - | H293: 292 | I293: =_xlfn.CONCAT(F293,G293,H293) -> PN-292 | J293: P | K293: =IF(J293="","SEM #CH",VLOOKUP(J293,#REF!,2,0)) -> #REF! | L293: =IF(J293="","SEM #CH",VLOOKUP(J293,#REF!,3,0)) -> #REF! | M293: =IF(J293="","SEM #CH",VLOOKUP(J293,#REF!,4,0)) -> #REF! | N293: =IF(J293="","SEM #CH",VLOOKUP(J293,#REF!,5,0)) -> #REF! | O293: =IF(J293="","SEM #CH",VLOOKUP(J293,#REF!,6,0)) -> #REF! | P293: =IF(J293="","SEM #CH",VLOOKUP(J293,#REF!,7,0)) -> #REF! | Q293: =VLOOKUP(J293,'p1'!$B$2:$C$30,2,0) -> NÃO TEM CHAPA | S293: PN-002 | T293: =IF(R293="",0,1) -> 0 | X293: =IF(U293>0,1,"") | Z293: PLACA DESCARTADA EXCESSO FISSURAS | AA293: =TEXT(R293,"mmm/aaaa") -> jan/1900
A294: 293 | B294: 45857 | C294: 52 | D294: =IF(B294>0,1,"") -> 1 | E294: REATOR 5 | F294: PN | G294: - | H294: 293 | I294: =_xlfn.CONCAT(F294,G294,H294) -> PN-293 | J294: P | K294: =IF(J294="","SEM #CH",VLOOKUP(J294,#REF!,2,0)) -> #REF! | L294: =IF(J294="","SEM #CH",VLOOKUP(J294,#REF!,3,0)) -> #REF! | M294: =IF(J294="","SEM #CH",VLOOKUP(J294,#REF!,4,0)) -> #REF! | N294: =IF(J294="","SEM #CH",VLOOKUP(J294,#REF!,5,0)) -> #REF! | O294: =IF(J294="","SEM #CH",VLOOKUP(J294,#REF!,6,0)) -> #REF! | P294: =IF(J294="","SEM #CH",VLOOKUP(J294,#REF!,7,0)) -> #REF! | Q294: =VLOOKUP(J294,'p1'!$B$2:$C$30,2,0) -> NÃO TEM CHAPA | R294: 45915 | S294: PN-001 | T294: =IF(R294="",0,1) -> 1 | U294: 45917 | V294: - | W294: 2532 | X294: =IF(U294>0,1,"") -> 1 | AA294: =TEXT(R294,"mmm/aaaa") -> set/2025
A295: 294 | B295: 45857 | C295: 52 | D295: =IF(B295>0,1,"") -> 1 | E295: REATOR 5 | F295: PN | G295: - | H295: 294 | I295: =_xlfn.CONCAT(F295,G295,H295) -> PN-294 | J295: P | K295: =IF(J295="","SEM #CH",VLOOKUP(J295,#REF!,2,0)) -> #REF! | L295: =IF(J295="","SEM #CH",VLOOKUP(J295,#REF!,3,0)) -> #REF! | M295: =IF(J295="","SEM #CH",VLOOKUP(J295,#REF!,4,0)) -> #REF! | N295: =IF(J295="","SEM #CH",VLOOKUP(J295,#REF!,5,0)) -> #REF! | O295: =IF(J295="","SEM #CH",VLOOKUP(J295,#REF!,6,0)) -> #REF! | P295: =IF(J295="","SEM #CH",VLOOKUP(J295,#REF!,7,0)) -> #REF! | Q295: =VLOOKUP(J295,'p1'!$B$2:$C$30,2,0) -> NÃO TEM CHAPA | R295: 45915 | S295: PN-001 | T295: =IF(R295="",0,1) -> 1 | U295: 45917 | V295: - | W295: 2532 | X295: =IF(U295>0,1,"") -> 1 | AA295: =TEXT(R295,"mmm/aaaa") -> set/2025
A296: 295 | B296: 45857 | C296: 52 | D296: =IF(B296>0,1,"") -> 1 | E296: REATOR 5 | F296: PN | G296: - | H296: 295 | I296: =_xlfn.CONCAT(F296,G296,H296) -> PN-295 | J296: P | K296: =IF(J296="","SEM #CH",VLOOKUP(J296,#REF!,2,0)) -> #REF! | L296: =IF(J296="","SEM #CH",VLOOKUP(J296,#REF!,3,0)) -> #REF! | M296: =IF(J296="","SEM #CH",VLOOKUP(J296,#REF!,4,0)) -> #REF! | N296: =IF(J296="","SEM #CH",VLOOKUP(J296,#REF!,5,0)) -> #REF! | O296: =IF(J296="","SEM #CH",VLOOKUP(J296,#REF!,6,0)) -> #REF! | P296: =IF(J296="","SEM #CH",VLOOKUP(J296,#REF!,7,0)) -> #REF! | Q296: =VLOOKUP(J296,'p1'!$B$2:$C$30,2,0) -> NÃO TEM CHAPA | R296: 45915 | S296: PN-001 | T296: =IF(R296="",0,1) -> 1 | U296: 45915 | V296: - | W296: 2523 | X296: =IF(U296>0,1,"") -> 1 | AA296: =TEXT(R296,"mmm/aaaa") -> set/2025
A297: 296 | B297: 45857 | C297: 52 | D297: =IF(B297>0,1,"") -> 1 | E297: REATOR 5 | F297: PN | G297: - | H297: 296 | I297: =_xlfn.CONCAT(F297,G297,H297) -> PN-296 | J297: P | K297: =IF(J297="","SEM #CH",VLOOKUP(J297,#REF!,2,0)) -> #REF! | L297: =IF(J297="","SEM #CH",VLOOKUP(J297,#REF!,3,0)) -> #REF! | M297: =IF(J297="","SEM #CH",VLOOKUP(J297,#REF!,4,0)) -> #REF! | N297: =IF(J297="","SEM #CH",VLOOKUP(J297,#REF!,5,0)) -> #REF! | O297: =IF(J297="","SEM #CH",VLOOKUP(J297,#REF!,6,0)) -> #REF! | P297: =IF(J297="","SEM #CH",VLOOKUP(J297,#REF!,7,0)) -> #REF! | Q297: =VLOOKUP(J297,'p1'!$B$2:$C$30,2,0) -> NÃO TEM CHAPA | R297: 45915 | S297: PN-001 | T297: =IF(R297="",0,1) -> 1 | U297: 45915 | V297: - | W297: 2523 | X297: =IF(U297>0,1,"") -> 1 | AA297: =TEXT(R297,"mmm/aaaa") -> set/2025
A298: 297 | B298: 45857 | C298: 52 | D298: =IF(B298>0,1,"") -> 1 | E298: REATOR 5 | F298: PN | G298: - | H298: 297 | I298: =_xlfn.CONCAT(F298,G298,H298) -> PN-297 | J298: P | K298: =IF(J298="","SEM #CH",VLOOKUP(J298,#REF!,2,0)) -> #REF! | L298: =IF(J298="","SEM #CH",VLOOKUP(J298,#REF!,3,0)) -> #REF! | M298: =IF(J298="","SEM #CH",VLOOKUP(J298,#REF!,4,0)) -> #REF! | N298: =IF(J298="","SEM #CH",VLOOKUP(J298,#REF!,5,0)) -> #REF! | O298: =IF(J298="","SEM #CH",VLOOKUP(J298,#REF!,6,0)) -> #REF! | P298: =IF(J298="","SEM #CH",VLOOKUP(J298,#REF!,7,0)) -> #REF! | Q298: =VLOOKUP(J298,'p1'!$B$2:$C$30,2,0) -> NÃO TEM CHAPA | R298: 45913 | S298: PN-001 | T298: =IF(R298="",0,1) -> 1 | U298: 45916 | V298: - | W298: 2524 | X298: =IF(U298>0,1,"") -> 1 | AA298: =TEXT(R298,"mmm/aaaa") -> set/2025
A299: 298 | B299: 45857 | C299: 52 | D299: =IF(B299>0,1,"") -> 1 | E299: REATOR 5 | F299: PN | G299: - | H299: 298 | I299: =_xlfn.CONCAT(F299,G299,H299) -> PN-298 | J299: P | K299: =IF(J299="","SEM #CH",VLOOKUP(J299,#REF!,2,0)) -> #REF! | L299: =IF(J299="","SEM #CH",VLOOKUP(J299,#REF!,3,0)) -> #REF! | M299: =IF(J299="","SEM #CH",VLOOKUP(J299,#REF!,4,0)) -> #REF! | N299: =IF(J299="","SEM #CH",VLOOKUP(J299,#REF!,5,0)) -> #REF! | O299: =IF(J299="","SEM #CH",VLOOKUP(J299,#REF!,6,0)) -> #REF! | P299: =IF(J299="","SEM #CH",VLOOKUP(J299,#REF!,7,0)) -> #REF! | Q299: =VLOOKUP(J299,'p1'!$B$2:$C$30,2,0) -> NÃO TEM CHAPA | R299: 45913 | S299: PN-001 | T299: =IF(R299="",0,1) -> 1 | U299: 45916 | V299: - | W299: 2524 | X299: =IF(U299>0,1,"") -> 1 | AA299: =TEXT(R299,"mmm/aaaa") -> set/2025
A300: 299 | B300: 45857 | C300: 52 | D300: =IF(B300>0,1,"") -> 1 | E300: REATOR 5 | F300: PN | G300: - | H300: 299 | I300: =_xlfn.CONCAT(F300,G300,H300) -> PN-299 | J300: P | K300: =IF(J300="","SEM #CH",VLOOKUP(J300,#REF!,2,0)) -> #REF! | L300: =IF(J300="","SEM #CH",VLOOKUP(J300,#REF!,3,0)) -> #REF! | M300: =IF(J300="","SEM #CH",VLOOKUP(J300,#REF!,4,0)) -> #REF! | N300: =IF(J300="","SEM #CH",VLOOKUP(J300,#REF!,5,0)) -> #REF! | O300: =IF(J300="","SEM #CH",VLOOKUP(J300,#REF!,6,0)) -> #REF! | P300: =IF(J300="","SEM #CH",VLOOKUP(J300,#REF!,7,0)) -> #REF! | Q300: =VLOOKUP(J300,'p1'!$B$2:$C$30,2,0) -> NÃO TEM CHAPA | R300: 45912 | S300: PN-001 | T300: =IF(R300="",0,1) -> 1 | U300: 45916 | V300: - | W300: 2524 | X300: =IF(U300>0,1,"") -> 1 | AA300: =TEXT(R300,"mmm/aaaa") -> set/2025
A301: 300 | B301: 45860 | C301: 54 | D301: =IF(B301>0,1,"") -> 1 | E301: REATOR 5 | F301: PN | G301: - | H301: 300 | I301: =_xlfn.CONCAT(F301,G301,H301) -> PN-300 | J301: P | K301: =IF(J301="","SEM #CH",VLOOKUP(J301,#REF!,2,0)) -> #REF! | L301: =IF(J301="","SEM #CH",VLOOKUP(J301,#REF!,3,0)) -> #REF! | M301: =IF(J301="","SEM #CH",VLOOKUP(J301,#REF!,4,0)) -> #REF! | N301: =IF(J301="","SEM #CH",VLOOKUP(J301,#REF!,5,0)) -> #REF! | O301: =IF(J301="","SEM #CH",VLOOKUP(J301,#REF!,6,0)) -> #REF! | P301: =IF(J301="","SEM #CH",VLOOKUP(J301,#REF!,7,0)) -> #REF! | Q301: =VLOOKUP(J301,'p1'!$B$2:$C$30,2,0) -> NÃO TEM CHAPA | R301: 45897 | S301: PN-002 | T301: =IF(R301="",0,1) -> 1 | U301: 45910 | V301: - | W301: 2516 | X301: =IF(U301>0,1,"") -> 1 | AA301: =TEXT(R301,"mmm/aaaa") -> ago/2025
A302: 301 | B302: 45860 | C302: 54 | D302: =IF(B302>0,1,"") -> 1 | E302: REATOR 5 | F302: PN | G302: - | H302: 301 | I302: =_xlfn.CONCAT(F302,G302,H302) -> PN-301 | J302: P | K302: =IF(J302="","SEM #CH",VLOOKUP(J302,#REF!,2,0)) -> #REF! | L302: =IF(J302="","SEM #CH",VLOOKUP(J302,#REF!,3,0)) -> #REF! | M302: =IF(J302="","SEM #CH",VLOOKUP(J302,#REF!,4,0)) -> #REF! | N302: =IF(J302="","SEM #CH",VLOOKUP(J302,#REF!,5,0)) -> #REF! | O302: =IF(J302="","SEM #CH",VLOOKUP(J302,#REF!,6,0)) -> #REF! | P302: =IF(J302="","SEM #CH",VLOOKUP(J302,#REF!,7,0)) -> #REF! | Q302: =VLOOKUP(J302,'p1'!$B$2:$C$30,2,0) -> NÃO TEM CHAPA | R302: 45883 | S302: PN-002 | T302: =IF(R302="",0,1) -> 1 | U302: 45891 | V302: - | W302: 2486 | X302: =IF(U302>0,1,"") -> 1 | AA302: =TEXT(R302,"mmm/aaaa") -> ago/2025
A303: 302 | B303: 45850 | C303: 47 | D303: =IF(B303>0,1,"") -> 1 | E303: REATOR 5 | F303: PE | G303: - | H303: 302 | I303: =_xlfn.CONCAT(F303,G303,H303) -> PE-302 | J303: T4 | K303: =IF(J303="","SEM #CH",VLOOKUP(J303,#REF!,2,0)) -> #REF! | L303: =IF(J303="","SEM #CH",VLOOKUP(J303,#REF!,3,0)) -> #REF! | M303: =IF(J303="","SEM #CH",VLOOKUP(J303,#REF!,4,0)) -> #REF! | N303: =IF(J303="","SEM #CH",VLOOKUP(J303,#REF!,5,0)) -> #REF! | O303: =IF(J303="","SEM #CH",VLOOKUP(J303,#REF!,6,0)) -> #REF! | P303: =IF(J303="","SEM #CH",VLOOKUP(J303,#REF!,7,0)) -> #REF! | Q303: =VLOOKUP(J303,'p1'!$B$2:$C$30,2,0) -> #3/8-530X530 | R303: 45882 | S303: PN-001 | T303: =IF(R303="",0,1) -> 1 | U303: 45902 | V303: - | W303: 2503 | X303: =IF(U303>0,1,"") -> 1 | AA303: =TEXT(R303,"mmm/aaaa") -> ago/2025
A304: 303 | B304: 45873 | C304: 63 | D304: =IF(B304>0,1,"") -> 1 | E304: REATOR 5 | F304: PE | G304: - | H304: 303 | I304: =_xlfn.CONCAT(F304,G304,H304) -> PE-303 | J304: T3 | K304: =IF(J304="","SEM #CH",VLOOKUP(J304,#REF!,2,0)) -> #REF! | L304: =IF(J304="","SEM #CH",VLOOKUP(J304,#REF!,3,0)) -> #REF! | M304: =IF(J304="","SEM #CH",VLOOKUP(J304,#REF!,4,0)) -> #REF! | N304: =IF(J304="","SEM #CH",VLOOKUP(J304,#REF!,5,0)) -> #REF! | O304: =IF(J304="","SEM #CH",VLOOKUP(J304,#REF!,6,0)) -> #REF! | P304: =IF(J304="","SEM #CH",VLOOKUP(J304,#REF!,7,0)) -> #REF! | Q304: =VLOOKUP(J304,'p1'!$B$2:$C$30,2,0) -> #3/8-1200X1200 | R304: 45892 | S304: PN-001 | T304: =IF(R304="",0,1) -> 1 | U304: 45896 | V304: - | W304: 2496 | X304: =IF(U304>0,1,"") -> 1 | AA304: =TEXT(R304,"mmm/aaaa") -> ago/2025
A305: 304 | B305: 45892 | C305: 76 | D305: =IF(B305>0,1,"") -> 1 | E305: REATOR 5 | F305: PE | G305: - | H305: 304 | I305: =_xlfn.CONCAT(F305,G305,H305) -> PE-304 | J305: T1 | K305: =IF(J305="","SEM #CH",VLOOKUP(J305,#REF!,2,0)) -> #REF! | L305: =IF(J305="","SEM #CH",VLOOKUP(J305,#REF!,3,0)) -> #REF! | M305: =IF(J305="","SEM #CH",VLOOKUP(J305,#REF!,4,0)) -> #REF! | N305: =IF(J305="","SEM #CH",VLOOKUP(J305,#REF!,5,0)) -> #REF! | O305: =IF(J305="","SEM #CH",VLOOKUP(J305,#REF!,6,0)) -> #REF! | P305: =IF(J305="","SEM #CH",VLOOKUP(J305,#REF!,7,0)) -> #REF! | Q305: =VLOOKUP(J305,'p1'!$B$2:$C$30,2,0) -> #3/8-1620X1620 | R305: 45895 | S305: PN-001 | T305: =IF(R305="",0,1) -> 1 | U305: 45896 | V305: - | W305: 2496 | X305: =IF(U305>0,1,"") -> 1 | AA305: =TEXT(R305,"mmm/aaaa") -> ago/2025
... A311: 310 | B311: 45860 | C311: 54 | D311: =IF(B311>0,1,"") -> 1 | E311: REATOR 5 | F311: PN | G311: - | H311: 310 | I311: =_xlfn.CONCAT(F311,G311,H311) -> PN-310 | J311: P | K311: =IF(J311="","SEM #CH",VLOOKUP(J311,#REF!,2,0)) -> #REF! | L311: =IF(J311="","SEM #CH",VLOOKUP(J311,#REF!,3,0)) -> #REF! | M311: =IF(J311="","SEM #CH",VLOOKUP(J311,#REF!,4,0)) -> #REF! | N311: =IF(J311="","SEM #CH",VLOOKUP(J311,#REF!,5,0)) -> #REF! | O311: =IF(J311="","SEM #CH",VLOOKUP(J311,#REF!,6,0)) -> #REF! | P311: =IF(J311="","SEM #CH",VLOOKUP(J311,#REF!,7,0)) -> #REF! | Q311: =VLOOKUP(J311,'p1'!$B$2:$C$30,2,0) -> NÃO TEM CHAPA | R311: 45881 | S311: PN-002 | T311: =IF(R311="",0,1) -> 1 | U311: 45894 | V311: - | W311: 2492 | X311: =IF(U311>0,1,"") -> 1 | AA311: =TEXT(R311,"mmm/aaaa") -> ago/2025
A312: 311 | B312: 45902 | C312: 82 | D312: =IF(B312>0,1,"") -> 1 | E312: REATOR 6 | F312: PF | G312: - | H312: 311 | I312: =_xlfn.CONCAT(F312,G312,H312) -> PF-311 | J312: PF | K312: =IF(J312="","SEM #CH",VLOOKUP(J312,#REF!,2,0)) -> #REF! | L312: =IF(J312="","SEM #CH",VLOOKUP(J312,#REF!,3,0)) -> #REF! | M312: =IF(J312="","SEM #CH",VLOOKUP(J312,#REF!,4,0)) -> #REF! | N312: =IF(J312="","SEM #CH",VLOOKUP(J312,#REF!,5,0)) -> #REF! | O312: =IF(J312="","SEM #CH",VLOOKUP(J312,#REF!,6,0)) -> #REF! | P312: =IF(J312="","SEM #CH",VLOOKUP(J312,#REF!,7,0)) -> #REF! | Q312: =VLOOKUP(J312,'p1'!$B$2:$C$30,2,0) -> SEM CHAPA | S312: PN-001 | T312: =IF(R312="",0,1) -> 0 | X312: =IF(U312>0,1,"") | AA312: =TEXT(R312,"mmm/aaaa") -> jan/1900
A313: 312 | B313: 45861 | C313: 55 | D313: =IF(B313>0,1,"") -> 1 | E313: REATOR 6 | F313: PN | G313: - | H313: 312 | I313: =_xlfn.CONCAT(F313,G313,H313) -> PN-312 | J313: P | K313: =IF(J313="","SEM #CH",VLOOKUP(J313,#REF!,2,0)) -> #REF! | L313: =IF(J313="","SEM #CH",VLOOKUP(J313,#REF!,3,0)) -> #REF! | M313: =IF(J313="","SEM #CH",VLOOKUP(J313,#REF!,4,0)) -> #REF! | N313: =IF(J313="","SEM #CH",VLOOKUP(J313,#REF!,5,0)) -> #REF! | O313: =IF(J313="","SEM #CH",VLOOKUP(J313,#REF!,6,0)) -> #REF! | P313: =IF(J313="","SEM #CH",VLOOKUP(J313,#REF!,7,0)) -> #REF! | Q313: =VLOOKUP(J313,'p1'!$B$2:$C$30,2,0) -> NÃO TEM CHAPA | R313: 45885 | S313: PN-001 | T313: =IF(R313="",0,1) -> 1 | U313: 45887 | V313: FOH8658 | W313: 2481 | X313: =IF(U313>0,1,"") -> 1 | AA313: =TEXT(R313,"mmm/aaaa") -> ago/2025
A314: 313 | B314: 45861 | C314: 55 | D314: =IF(B314>0,1,"") -> 1 | E314: REATOR 6 | F314: PN | G314: - | H314: 313 | I314: =_xlfn.CONCAT(F314,G314,H314) -> PN-313 | J314: P | K314: =IF(J314="","SEM #CH",VLOOKUP(J314,#REF!,2,0)) -> #REF! | L314: =IF(J314="","SEM #CH",VLOOKUP(J314,#REF!,3,0)) -> #REF! | M314: =IF(J314="","SEM #CH",VLOOKUP(J314,#REF!,4,0)) -> #REF! | N314: =IF(J314="","SEM #CH",VLOOKUP(J314,#REF!,5,0)) -> #REF! | O314: =IF(J314="","SEM #CH",VLOOKUP(J314,#REF!,6,0)) -> #REF! | P314: =IF(J314="","SEM #CH",VLOOKUP(J314,#REF!,7,0)) -> #REF! | Q314: =VLOOKUP(J314,'p1'!$B$2:$C$30,2,0) -> NÃO TEM CHAPA | R314: 45885 | S314: PN-001 | T314: =IF(R314="",0,1) -> 1 | U314: 45887 | V314: FOH8658 | W314: 2481 | X314: =IF(U314>0,1,"") -> 1 | AA314: =TEXT(R314,"mmm/aaaa") -> ago/2025
A315: 314 | B315: 45861 | C315: 55 | D315: =IF(B315>0,1,"") -> 1 | E315: REATOR 6 | F315: PN | G315: - | H315: 314 | I315: =_xlfn.CONCAT(F315,G315,H315) -> PN-314 | J315: P | K315: =IF(J315="","SEM #CH",VLOOKUP(J315,#REF!,2,0)) -> #REF! | L315: =IF(J315="","SEM #CH",VLOOKUP(J315,#REF!,3,0)) -> #REF! | M315: =IF(J315="","SEM #CH",VLOOKUP(J315,#REF!,4,0)) -> #REF! | N315: =IF(J315="","SEM #CH",VLOOKUP(J315,#REF!,5,0)) -> #REF! | O315: =IF(J315="","SEM #CH",VLOOKUP(J315,#REF!,6,0)) -> #REF! | P315: =IF(J315="","SEM #CH",VLOOKUP(J315,#REF!,7,0)) -> #REF! | Q315: =VLOOKUP(J315,'p1'!$B$2:$C$30,2,0) -> NÃO TEM CHAPA | R315: 45870 | S315: PN-001 | T315: =IF(R315="",0,1) -> 1 | U315: 45870 | V315: MSE-9496 | W315: 2462 | X315: =IF(U315>0,1,"") -> 1 | AA315: =TEXT(R315,"mmm/aaaa") -> ago/2025
A316: 315 | B316: 45861 | C316: 55 | D316: =IF(B316>0,1,"") -> 1 | E316: REATOR 6 | F316: PN | G316: - | H316: 315 | I316: =_xlfn.CONCAT(F316,G316,H316) -> PN-315 | J316: P | K316: =IF(J316="","SEM #CH",VLOOKUP(J316,#REF!,2,0)) -> #REF! | L316: =IF(J316="","SEM #CH",VLOOKUP(J316,#REF!,3,0)) -> #REF! | M316: =IF(J316="","SEM #CH",VLOOKUP(J316,#REF!,4,0)) -> #REF! | N316: =IF(J316="","SEM #CH",VLOOKUP(J316,#REF!,5,0)) -> #REF! | O316: =IF(J316="","SEM #CH",VLOOKUP(J316,#REF!,6,0)) -> #REF! | P316: =IF(J316="","SEM #CH",VLOOKUP(J316,#REF!,7,0)) -> #REF! | Q316: =VLOOKUP(J316,'p1'!$B$2:$C$30,2,0) -> NÃO TEM CHAPA | R316: 45870 | S316: PN-001 | T316: =IF(R316="",0,1) -> 1 | U316: 45870 | V316: MSE-9496 | W316: 2462 | X316: =IF(U316>0,1,"") -> 1 | AA316: =TEXT(R316,"mmm/aaaa") -> ago/2025
A317: 316 | B317: 45861 | C317: 55 | D317: =IF(B317>0,1,"") -> 1 | E317: REATOR 6 | F317: PN | G317: - | H317: 316 | I317: =_xlfn.CONCAT(F317,G317,H317) -> PN-316 | J317: P | K317: =IF(J317="","SEM #CH",VLOOKUP(J317,#REF!,2,0)) -> #REF! | L317: =IF(J317="","SEM #CH",VLOOKUP(J317,#REF!,3,0)) -> #REF! | M317: =IF(J317="","SEM #CH",VLOOKUP(J317,#REF!,4,0)) -> #REF! | N317: =IF(J317="","SEM #CH",VLOOKUP(J317,#REF!,5,0)) -> #REF! | O317: =IF(J317="","SEM #CH",VLOOKUP(J317,#REF!,6,0)) -> #REF! | P317: =IF(J317="","SEM #CH",VLOOKUP(J317,#REF!,7,0)) -> #REF! | Q317: =VLOOKUP(J317,'p1'!$B$2:$C$30,2,0) -> NÃO TEM CHAPA | R317: 45870 | S317: PN-001 | T317: =IF(R317="",0,1) -> 1 | U317: 45895 | V317: - | W317: 2493 | X317: =IF(U317>0,1,"") -> 1 | AA317: =TEXT(R317,"mmm/aaaa") -> ago/2025
A318: 317 | B318: 45861 | C318: 55 | D318: =IF(B318>0,1,"") -> 1 | E318: REATOR 6 | F318: PN | G318: - | H318: 317 | I318: =_xlfn.CONCAT(F318,G318,H318) -> PN-317 | J318: P | K318: =IF(J318="","SEM #CH",VLOOKUP(J318,#REF!,2,0)) -> #REF! | L318: =IF(J318="","SEM #CH",VLOOKUP(J318,#REF!,3,0)) -> #REF! | M318: =IF(J318="","SEM #CH",VLOOKUP(J318,#REF!,4,0)) -> #REF! | N318: =IF(J318="","SEM #CH",VLOOKUP(J318,#REF!,5,0)) -> #REF! | O318: =IF(J318="","SEM #CH",VLOOKUP(J318,#REF!,6,0)) -> #REF! | P318: =IF(J318="","SEM #CH",VLOOKUP(J318,#REF!,7,0)) -> #REF! | Q318: =VLOOKUP(J318,'p1'!$B$2:$C$30,2,0) -> NÃO TEM CHAPA | R318: 45870 | S318: PN-001 | T318: =IF(R318="",0,1) -> 1 | U318: 45895 | V318: - | W318: 2493 | X318: =IF(U318>0,1,"") -> 1 | AA318: =TEXT(R318,"mmm/aaaa") -> ago/2025
A319: 318 | B319: 45899 | C319: 80 | D319: =IF(B319>0,1,"") -> 1 | E319: REATOR 6 | F319: PE | G319: - | H319: 318 | I319: =_xlfn.CONCAT(F319,G319,H319) -> PE-318 | J319: T2 | K319: =IF(J319="","SEM #CH",VLOOKUP(J319,#REF!,2,0)) -> #REF! | L319: =IF(J319="","SEM #CH",VLOOKUP(J319,#REF!,3,0)) -> #REF! | M319: =IF(J319="","SEM #CH",VLOOKUP(J319,#REF!,4,0)) -> #REF! | N319: =IF(J319="","SEM #CH",VLOOKUP(J319,#REF!,5,0)) -> #REF! | O319: =IF(J319="","SEM #CH",VLOOKUP(J319,#REF!,6,0)) -> #REF! | P319: =IF(J319="","SEM #CH",VLOOKUP(J319,#REF!,7,0)) -> #REF! | Q319: =VLOOKUP(J319,'p1'!$B$2:$C$30,2,0) -> #3/8-1315X1315 | R319: 45903 | S319: PN-002 | T319: =IF(R319="",0,1) -> 1 | U319: 45912 | V319: - | W319: 2522 | X319: =IF(U319>0,1,"") -> 1 | AA319: =TEXT(R319,"mmm/aaaa") -> set/2025
A320: 319 | B320: 45861 | C320: 55 | D320: =IF(B320>0,1,"") -> 1 | E320: REATOR 6 | F320: PN | G320: - | H320: 319 | I320: =_xlfn.CONCAT(F320,G320,H320) -> PN-319 | J320: P | K320: =IF(J320="","SEM #CH",VLOOKUP(J320,#REF!,2,0)) -> #REF! | L320: =IF(J320="","SEM #CH",VLOOKUP(J320,#REF!,3,0)) -> #REF! | M320: =IF(J320="","SEM #CH",VLOOKUP(J320,#REF!,4,0)) -> #REF! | N320: =IF(J320="","SEM #CH",VLOOKUP(J320,#REF!,5,0)) -> #REF! | O320: =IF(J320="","SEM #CH",VLOOKUP(J320,#REF!,6,0)) -> #REF! | P320: =IF(J320="","SEM #CH",VLOOKUP(J320,#REF!,7,0)) -> #REF! | Q320: =VLOOKUP(J320,'p1'!$B$2:$C$30,2,0) -> NÃO TEM CHAPA | R320: 45869 | S320: PN-001 | T320: =IF(R320="",0,1) -> 1 | U320: 45884 | V320: MTV4C49 | W320: 2476 | X320: =IF(U320>0,1,"") -> 1 | AA320: =TEXT(R320,"mmm/aaaa") -> jul/2025
A321: 320 | B321: 45862 | C321: 56 | D321: =IF(B321>0,1,"") -> 1 | E321: REATOR 6 | F321: PN | G321: - | H321: 320 | I321: =_xlfn.CONCAT(F321,G321,H321) -> PN-320 | J321: P | K321: =IF(J321="","SEM #CH",VLOOKUP(J321,#REF!,2,0)) -> #REF! | L321: =IF(J321="","SEM #CH",VLOOKUP(J321,#REF!,3,0)) -> #REF! | M321: =IF(J321="","SEM #CH",VLOOKUP(J321,#REF!,4,0)) -> #REF! | N321: =IF(J321="","SEM #CH",VLOOKUP(J321,#REF!,5,0)) -> #REF! | O321: =IF(J321="","SEM #CH",VLOOKUP(J321,#REF!,6,0)) -> #REF! | P321: =IF(J321="","SEM #CH",VLOOKUP(J321,#REF!,7,0)) -> #REF! | Q321: =VLOOKUP(J321,'p1'!$B$2:$C$30,2,0) -> NÃO TEM CHAPA | R321: 45875 | S321: PN-002 | T321: =IF(R321="",0,1) -> 1 | U321: 45896 | V321: mpz8h44 | W321: 2497 | X321: =IF(U321>0,1,"") -> 1 | AA321: =TEXT(R321,"mmm/aaaa") -> ago/2025
A322: 321 | B322: 45862 | C322: 56 | D322: =IF(B322>0,1,"") -> 1 | E322: REATOR 6 | F322: PN | G322: - | H322: 321 | I322: =_xlfn.CONCAT(F322,G322,H322) -> PN-321 | J322: P | K322: =IF(J322="","SEM #CH",VLOOKUP(J322,#REF!,2,0)) -> #REF! | L322: =IF(J322="","SEM #CH",VLOOKUP(J322,#REF!,3,0)) -> #REF! | M322: =IF(J322="","SEM #CH",VLOOKUP(J322,#REF!,4,0)) -> #REF! | N322: =IF(J322="","SEM #CH",VLOOKUP(J322,#REF!,5,0)) -> #REF! | O322: =IF(J322="","SEM #CH",VLOOKUP(J322,#REF!,6,0)) -> #REF! | P322: =IF(J322="","SEM #CH",VLOOKUP(J322,#REF!,7,0)) -> #REF! | Q322: =VLOOKUP(J322,'p1'!$B$2:$C$30,2,0) -> NÃO TEM CHAPA | R322: 45875 | S322: PN-002 | T322: =IF(R322="",0,1) -> 1 | U322: 45910 | V322: - | W322: 2516 | X322: =IF(U322>0,1,"") -> 1 | AA322: =TEXT(R322,"mmm/aaaa") -> ago/2025
A323: 322 | B323: 45862 | C323: 56 | D323: =IF(B323>0,1,"") -> 1 | E323: REATOR 6 | F323: PN | G323: - | H323: 322 | I323: =_xlfn.CONCAT(F323,G323,H323) -> PN-322 | J323: P | K323: =IF(J323="","SEM #CH",VLOOKUP(J323,#REF!,2,0)) -> #REF! | L323: =IF(J323="","SEM #CH",VLOOKUP(J323,#REF!,3,0)) -> #REF! | M323: =IF(J323="","SEM #CH",VLOOKUP(J323,#REF!,4,0)) -> #REF! | N323: =IF(J323="","SEM #CH",VLOOKUP(J323,#REF!,5,0)) -> #REF! | O323: =IF(J323="","SEM #CH",VLOOKUP(J323,#REF!,6,0)) -> #REF! | P323: =IF(J323="","SEM #CH",VLOOKUP(J323,#REF!,7,0)) -> #REF! | Q323: =VLOOKUP(J323,'p1'!$B$2:$C$30,2,0) -> NÃO TEM CHAPA | R323: 45874 | S323: PN-002 | T323: =IF(R323="",0,1) -> 1 | U323: 45887 | V323: MSE-9496 | W323: 2479 | X323: =IF(U323>0,1,"") -> 1 | AA323: =TEXT(R323,"mmm/aaaa") -> ago/2025
A324: 323 | B324: 45862 | C324: 56 | D324: =IF(B324>0,1,"") -> 1 | E324: REATOR 6 | F324: PN | G324: - | H324: 323 | I324: =_xlfn.CONCAT(F324,G324,H324) -> PN-323 | J324: P | K324: =IF(J324="","SEM #CH",VLOOKUP(J324,#REF!,2,0)) -> #REF! | L324: =IF(J324="","SEM #CH",VLOOKUP(J324,#REF!,3,0)) -> #REF! | M324: =IF(J324="","SEM #CH",VLOOKUP(J324,#REF!,4,0)) -> #REF! | N324: =IF(J324="","SEM #CH",VLOOKUP(J324,#REF!,5,0)) -> #REF! | O324: =IF(J324="","SEM #CH",VLOOKUP(J324,#REF!,6,0)) -> #REF! | P324: =IF(J324="","SEM #CH",VLOOKUP(J324,#REF!,7,0)) -> #REF! | Q324: =VLOOKUP(J324,'p1'!$B$2:$C$30,2,0) -> NÃO TEM CHAPA | R324: 45874 | S324: PN-002 | T324: =IF(R324="",0,1) -> 1 | U324: 45887 | V324: MSE-9496 | W324: 2479 | X324: =IF(U324>0,1,"") -> 1 | AA324: =TEXT(R324,"mmm/aaaa") -> ago/2025
A325: 324 | B325: 45862 | C325: 56 | D325: =IF(B325>0,1,"") -> 1 | E325: REATOR 6 | F325: PN | G325: - | H325: 324 | I325: =_xlfn.CONCAT(F325,G325,H325) -> PN-324 | J325: P | K325: =IF(J325="","SEM #CH",VLOOKUP(J325,#REF!,2,0)) -> #REF! | L325: =IF(J325="","SEM #CH",VLOOKUP(J325,#REF!,3,0)) -> #REF! | M325: =IF(J325="","SEM #CH",VLOOKUP(J325,#REF!,4,0)) -> #REF! | N325: =IF(J325="","SEM #CH",VLOOKUP(J325,#REF!,5,0)) -> #REF! | O325: =IF(J325="","SEM #CH",VLOOKUP(J325,#REF!,6,0)) -> #REF! | P325: =IF(J325="","SEM #CH",VLOOKUP(J325,#REF!,7,0)) -> #REF! | Q325: =VLOOKUP(J325,'p1'!$B$2:$C$30,2,0) -> NÃO TEM CHAPA | R325: 45874 | S325: PN-002 | T325: =IF(R325="",0,1) -> 1 | U325: 45884 | W325: 2478 | X325: =IF(U325>0,1,"") -> 1 | AA325: =TEXT(R325,"mmm/aaaa") -> ago/2025
A326: 325 | B326: 45862 | C326: 56 | D326: =IF(B326>0,1,"") -> 1 | E326: REATOR 6 | F326: PN | G326: - | H326: 325 | I326: =_xlfn.CONCAT(F326,G326,H326) -> PN-325 | J326: P | K326: =IF(J326="","SEM #CH",VLOOKUP(J326,#REF!,2,0)) -> #REF! | L326: =IF(J326="","SEM #CH",VLOOKUP(J326,#REF!,3,0)) -> #REF! | M326: =IF(J326="","SEM #CH",VLOOKUP(J326,#REF!,4,0)) -> #REF! | N326: =IF(J326="","SEM #CH",VLOOKUP(J326,#REF!,5,0)) -> #REF! | O326: =IF(J326="","SEM #CH",VLOOKUP(J326,#REF!,6,0)) -> #REF! | P326: =IF(J326="","SEM #CH",VLOOKUP(J326,#REF!,7,0)) -> #REF! | Q326: =VLOOKUP(J326,'p1'!$B$2:$C$30,2,0) -> NÃO TEM CHAPA | R326: 45871 | S326: PN-002 | T326: =IF(R326="",0,1) -> 1 | U326: 45894 | V326: - | W326: 2489 | X326: =IF(U326>0,1,"") -> 1 | AA326: =TEXT(R326,"mmm/aaaa") -> ago/2025
A327: 326 | B327: 45862 | C327: 56 | D327: =IF(B327>0,1,"") -> 1 | E327: REATOR 6 | F327: PN | G327: - | H327: 326 | I327: =_xlfn.CONCAT(F327,G327,H327) -> PN-326 | J327: P | K327: =IF(J327="","SEM #CH",VLOOKUP(J327,#REF!,2,0)) -> #REF! | L327: =IF(J327="","SEM #CH",VLOOKUP(J327,#REF!,3,0)) -> #REF! | M327: =IF(J327="","SEM #CH",VLOOKUP(J327,#REF!,4,0)) -> #REF! | N327: =IF(J327="","SEM #CH",VLOOKUP(J327,#REF!,5,0)) -> #REF! | O327: =IF(J327="","SEM #CH",VLOOKUP(J327,#REF!,6,0)) -> #REF! | P327: =IF(J327="","SEM #CH",VLOOKUP(J327,#REF!,7,0)) -> #REF! | Q327: =VLOOKUP(J327,'p1'!$B$2:$C$30,2,0) -> NÃO TEM CHAPA | R327: 45871 | S327: PN-002 | T327: =IF(R327="",0,1) -> 1 | U327: 45888 | W327: 2482 | X327: =IF(U327>0,1,"") -> 1 | AA327: =TEXT(R327,"mmm/aaaa") -> ago/2025
A328: 327 | B328: 45863 | C328: 57 | D328: =IF(B328>0,1,"") -> 1 | E328: REATOR 6 | F328: PN | G328: - | H328: 327 | I328: =_xlfn.CONCAT(F328,G328,H328) -> PN-327 | J328: P | K328: =IF(J328="","SEM #CH",VLOOKUP(J328,#REF!,2,0)) -> #REF! | L328: =IF(J328="","SEM #CH",VLOOKUP(J328,#REF!,3,0)) -> #REF! | M328: =IF(J328="","SEM #CH",VLOOKUP(J328,#REF!,4,0)) -> #REF! | N328: =IF(J328="","SEM #CH",VLOOKUP(J328,#REF!,5,0)) -> #REF! | O328: =IF(J328="","SEM #CH",VLOOKUP(J328,#REF!,6,0)) -> #REF! | P328: =IF(J328="","SEM #CH",VLOOKUP(J328,#REF!,7,0)) -> #REF! | Q328: =VLOOKUP(J328,'p1'!$B$2:$C$30,2,0) -> NÃO TEM CHAPA | R328: 45868 | S328: PN-001 | T328: =IF(R328="",0,1) -> 1 | U328: 45870 | V328: MSE-9496 | W328: 2462 | X328: =IF(U328>0,1,"") -> 1 | AA328: =TEXT(R328,"mmm/aaaa") -> jul/2025
A329: 328 | B329: 45863 | C329: 57 | D329: =IF(B329>0,1,"") -> 1 | E329: REATOR 6 | F329: PN | G329: - | H329: 328 | I329: =_xlfn.CONCAT(F329,G329,H329) -> PN-328 | J329: P | K329: =IF(J329="","SEM #CH",VLOOKUP(J329,#REF!,2,0)) -> #REF! | L329: =IF(J329="","SEM #CH",VLOOKUP(J329,#REF!,3,0)) -> #REF! | M329: =IF(J329="","SEM #CH",VLOOKUP(J329,#REF!,4,0)) -> #REF! | N329: =IF(J329="","SEM #CH",VLOOKUP(J329,#REF!,5,0)) -> #REF! | O329: =IF(J329="","SEM #CH",VLOOKUP(J329,#REF!,6,0)) -> #REF! | P329: =IF(J329="","SEM #CH",VLOOKUP(J329,#REF!,7,0)) -> #REF! | Q329: =VLOOKUP(J329,'p1'!$B$2:$C$30,2,0) -> NÃO TEM CHAPA | R329: 45868 | S329: PN-001 | T329: =IF(R329="",0,1) -> 1 | U329: 45896 | V329: ppj8374 | W329: 2498 | X329: =IF(U329>0,1,"") -> 1 | AA329: =TEXT(R329,"mmm/aaaa") -> jul/2025
A330: 329 | B330: 45863 | C330: 57 | D330: =IF(B330>0,1,"") -> 1 | E330: REATOR 6 | F330: PN | G330: - | H330: 329 | I330: =_xlfn.CONCAT(F330,G330,H330) -> PN-329 | J330: P | K330: =IF(J330="","SEM #CH",VLOOKUP(J330,#REF!,2,0)) -> #REF! | L330: =IF(J330="","SEM #CH",VLOOKUP(J330,#REF!,3,0)) -> #REF! | M330: =IF(J330="","SEM #CH",VLOOKUP(J330,#REF!,4,0)) -> #REF! | N330: =IF(J330="","SEM #CH",VLOOKUP(J330,#REF!,5,0)) -> #REF! | O330: =IF(J330="","SEM #CH",VLOOKUP(J330,#REF!,6,0)) -> #REF! | P330: =IF(J330="","SEM #CH",VLOOKUP(J330,#REF!,7,0)) -> #REF! | Q330: =VLOOKUP(J330,'p1'!$B$2:$C$30,2,0) -> NÃO TEM CHAPA | R330: 45868 | S330: PN-001 | T330: =IF(R330="",0,1) -> 1 | U330: 45881 | V330: PPQ9327 | W330: 2469 | X330: =IF(U330>0,1,"") -> 1 | AA330: =TEXT(R330,"mmm/aaaa") -> jul/2025
A331: 330 | B331: 45863 | C331: 57 | D331: =IF(B331>0,1,"") -> 1 | E331: REATOR 6 | F331: PN | G331: - | H331: 330 | I331: =_xlfn.CONCAT(F331,G331,H331) -> PN-330 | J331: P | K331: =IF(J331="","SEM #CH",VLOOKUP(J331,#REF!,2,0)) -> #REF! | L331: =IF(J331="","SEM #CH",VLOOKUP(J331,#REF!,3,0)) -> #REF! | M331: =IF(J331="","SEM #CH",VLOOKUP(J331,#REF!,4,0)) -> #REF! | N331: =IF(J331="","SEM #CH",VLOOKUP(J331,#REF!,5,0)) -> #REF! | O331: =IF(J331="","SEM #CH",VLOOKUP(J331,#REF!,6,0)) -> #REF! | P331: =IF(J331="","SEM #CH",VLOOKUP(J331,#REF!,7,0)) -> #REF! | Q331: =VLOOKUP(J331,'p1'!$B$2:$C$30,2,0) -> NÃO TEM CHAPA | R331: 45868 | S331: PN-001 | T331: =IF(R331="",0,1) -> 1 | U331: 45895 | V331: - | W331: 2494 | X331: =IF(U331>0,1,"") -> 1 | AA331: =TEXT(R331,"mmm/aaaa") -> jul/2025
A332: 331 | B332: 45863 | C332: 57 | D332: =IF(B332>0,1,"") -> 1 | E332: REATOR 6 | F332: PN | G332: - | H332: 331 | I332: =_xlfn.CONCAT(F332,G332,H332) -> PN-331 | J332: P | K332: =IF(J332="","SEM #CH",VLOOKUP(J332,#REF!,2,0)) -> #REF! | L332: =IF(J332="","SEM #CH",VLOOKUP(J332,#REF!,3,0)) -> #REF! | M332: =IF(J332="","SEM #CH",VLOOKUP(J332,#REF!,4,0)) -> #REF! | N332: =IF(J332="","SEM #CH",VLOOKUP(J332,#REF!,5,0)) -> #REF! | O332: =IF(J332="","SEM #CH",VLOOKUP(J332,#REF!,6,0)) -> #REF! | P332: =IF(J332="","SEM #CH",VLOOKUP(J332,#REF!,7,0)) -> #REF! | Q332: =VLOOKUP(J332,'p1'!$B$2:$C$30,2,0) -> NÃO TEM CHAPA | R332: 45869 | S332: PN-001 | T332: =IF(R332="",0,1) -> 1 | U332: 45884 | V332: MTV4C49 | W332: 2476 | X332: =IF(U332>0,1,"") -> 1 | AA332: =TEXT(R332,"mmm/aaaa") -> jul/2025
A333: 332 | B333: 45863 | C333: 57 | D333: =IF(B333>0,1,"") -> 1 | E333: REATOR 6 | F333: PN | G333: - | H333: 332 | I333: =_xlfn.CONCAT(F333,G333,H333) -> PN-332 | J333: P | K333: =IF(J333="","SEM #CH",VLOOKUP(J333,#REF!,2,0)) -> #REF! | L333: =IF(J333="","SEM #CH",VLOOKUP(J333,#REF!,3,0)) -> #REF! | M333: =IF(J333="","SEM #CH",VLOOKUP(J333,#REF!,4,0)) -> #REF! | N333: =IF(J333="","SEM #CH",VLOOKUP(J333,#REF!,5,0)) -> #REF! | O333: =IF(J333="","SEM #CH",VLOOKUP(J333,#REF!,6,0)) -> #REF! | P333: =IF(J333="","SEM #CH",VLOOKUP(J333,#REF!,7,0)) -> #REF! | Q333: =VLOOKUP(J333,'p1'!$B$2:$C$30,2,0) -> NÃO TEM CHAPA | R333: 45867 | S333: PN-001 | T333: =IF(R333="",0,1) -> 1 | U333: 45896 | V333: ppj8374 | W333: 2498 | X333: =IF(U333>0,1,"") -> 1 | AA333: =TEXT(R333,"mmm/aaaa") -> jul/2025
A334: 333 | B334: 45863 | C334: 57 | D334: =IF(B334>0,1,"") -> 1 | E334: REATOR 6 | F334: PN | G334: - | H334: 333 | I334: =_xlfn.CONCAT(F334,G334,H334) -> PN-333 | J334: P | K334: =IF(J334="","SEM #CH",VLOOKUP(J334,#REF!,2,0)) -> #REF! | L334: =IF(J334="","SEM #CH",VLOOKUP(J334,#REF!,3,0)) -> #REF! | M334: =IF(J334="","SEM #CH",VLOOKUP(J334,#REF!,4,0)) -> #REF! | N334: =IF(J334="","SEM #CH",VLOOKUP(J334,#REF!,5,0)) -> #REF! | O334: =IF(J334="","SEM #CH",VLOOKUP(J334,#REF!,6,0)) -> #REF! | P334: =IF(J334="","SEM #CH",VLOOKUP(J334,#REF!,7,0)) -> #REF! | Q334: =VLOOKUP(J334,'p1'!$B$2:$C$30,2,0) -> NÃO TEM CHAPA | R334: 45867 | S334: PN-001 | T334: =IF(R334="",0,1) -> 1 | U334: 45898 | V334: - | W334: 2501 | X334: =IF(U334>0,1,"") -> 1 | AA334: =TEXT(R334,"mmm/aaaa") -> jul/2025
A335: 334 | B335: 45842 | C335: 44 | D335: =IF(B335>0,1,"") -> 1 | E335: REATOR 6 | F335: PE | G335: - | H335: 334 | I335: =_xlfn.CONCAT(F335,G335,H335) -> PE-334 | J335: T4 | K335: =IF(J335="","SEM #CH",VLOOKUP(J335,#REF!,2,0)) -> #REF! | L335: =IF(J335="","SEM #CH",VLOOKUP(J335,#REF!,3,0)) -> #REF! | M335: =IF(J335="","SEM #CH",VLOOKUP(J335,#REF!,4,0)) -> #REF! | N335: =IF(J335="","SEM #CH",VLOOKUP(J335,#REF!,5,0)) -> #REF! | O335: =IF(J335="","SEM #CH",VLOOKUP(J335,#REF!,6,0)) -> #REF! | P335: =IF(J335="","SEM #CH",VLOOKUP(J335,#REF!,7,0)) -> #REF! | Q335: =VLOOKUP(J335,'p1'!$B$2:$C$30,2,0) -> #3/8-530X530 | R335: 45862 | S335: PN-001 | T335: =IF(R335="",0,1) -> 1 | U335: 45896 | V335: - | W335: 2496 | X335: =IF(U335>0,1,"") -> 1 | AA335: =TEXT(R335,"mmm/aaaa") -> jul/2025
A336: 335 | B336: 45864 | C336: 58 | D336: =IF(B336>0,1,"") -> 1 | E336: REATOR 6 | F336: PN | G336: - | H336: 335 | I336: PN-335 | J336: P | K336: =IF(J336="","SEM #CH",VLOOKUP(J336,#REF!,2,0)) -> #REF! | L336: =IF(J336="","SEM #CH",VLOOKUP(J336,#REF!,3,0)) -> #REF! | M336: =IF(J336="","SEM #CH",VLOOKUP(J336,#REF!,4,0)) -> #REF! | N336: =IF(J336="","SEM #CH",VLOOKUP(J336,#REF!,5,0)) -> #REF! | O336: =IF(J336="","SEM #CH",VLOOKUP(J336,#REF!,6,0)) -> #REF! | P336: =IF(J336="","SEM #CH",VLOOKUP(J336,#REF!,7,0)) -> #REF! | Q336: =VLOOKUP(J336,'p1'!$B$2:$C$30,2,0) -> NÃO TEM CHAPA | R336: 45898 | S336: PN-002 | T336: =IF(R336="",0,1) -> 1 | U336: 45931 | V336: - | W336: 2558 | X336: =IF(U336>0,1,"") -> 1 | AA336: =TEXT(R336,"mmm/aaaa") -> ago/2025
A337: 336 | B337: 45864 | C337: 58 | D337: =IF(B337>0,1,"") -> 1 | E337: REATOR 6 | F337: PN | G337: - | H337: 336 | I337: =_xlfn.CONCAT(F337,G337,H337) -> PN-336 | J337: P | K337: =IF(J337="","SEM #CH",VLOOKUP(J337,#REF!,2,0)) -> #REF! | L337: =IF(J337="","SEM #CH",VLOOKUP(J337,#REF!,3,0)) -> #REF! | M337: =IF(J337="","SEM #CH",VLOOKUP(J337,#REF!,4,0)) -> #REF! | N337: =IF(J337="","SEM #CH",VLOOKUP(J337,#REF!,5,0)) -> #REF! | O337: =IF(J337="","SEM #CH",VLOOKUP(J337,#REF!,6,0)) -> #REF! | P337: =IF(J337="","SEM #CH",VLOOKUP(J337,#REF!,7,0)) -> #REF! | Q337: =VLOOKUP(J337,'p1'!$B$2:$C$30,2,0) -> NÃO TEM CHAPA | R337: 45885 | S337: PN-002 | T337: =IF(R337="",0,1) -> 1 | U337: 45887 | V337: MSE-9496 | W337: 2479 | X337: =IF(U337>0,1,"") -> 1 | AA337: =TEXT(R337,"mmm/aaaa") -> ago/2025
A338: 337 | B338: 45864 | C338: 58 | D338: =IF(B338>0,1,"") -> 1 | E338: REATOR 6 | F338: PN | G338: - | H338: 337 | I338: =_xlfn.CONCAT(F338,G338,H338) -> PN-337 | J338: P | K338: =IF(J338="","SEM #CH",VLOOKUP(J338,#REF!,2,0)) -> #REF! | L338: =IF(J338="","SEM #CH",VLOOKUP(J338,#REF!,3,0)) -> #REF! | M338: =IF(J338="","SEM #CH",VLOOKUP(J338,#REF!,4,0)) -> #REF! | N338: =IF(J338="","SEM #CH",VLOOKUP(J338,#REF!,5,0)) -> #REF! | O338: =IF(J338="","SEM #CH",VLOOKUP(J338,#REF!,6,0)) -> #REF! | P338: =IF(J338="","SEM #CH",VLOOKUP(J338,#REF!,7,0)) -> #REF! | Q338: =VLOOKUP(J338,'p1'!$B$2:$C$30,2,0) -> NÃO TEM CHAPA | R338: 45885 | S338: PN-002 | T338: =IF(R338="",0,1) -> 1 | U338: 45887 | V338: MSE-9496 | W338: 2479 | X338: =IF(U338>0,1,"") -> 1 | AA338: =TEXT(R338,"mmm/aaaa") -> ago/2025
A339: 338 | B339: 45864 | C339: 58 | D339: =IF(B339>0,1,"") -> 1 | E339: REATOR 6 | F339: PN | G339: - | H339: 338 | I339: =_xlfn.CONCAT(F339,G339,H339) -> PN-338 | J339: P | K339: =IF(J339="","SEM #CH",VLOOKUP(J339,#REF!,2,0)) -> #REF! | L339: =IF(J339="","SEM #CH",VLOOKUP(J339,#REF!,3,0)) -> #REF! | M339: =IF(J339="","SEM #CH",VLOOKUP(J339,#REF!,4,0)) -> #REF! | N339: =IF(J339="","SEM #CH",VLOOKUP(J339,#REF!,5,0)) -> #REF! | O339: =IF(J339="","SEM #CH",VLOOKUP(J339,#REF!,6,0)) -> #REF! | P339: =IF(J339="","SEM #CH",VLOOKUP(J339,#REF!,7,0)) -> #REF! | Q339: =VLOOKUP(J339,'p1'!$B$2:$C$30,2,0) -> NÃO TEM CHAPA | R339: 45884 | S339: PN-002 | T339: =IF(R339="",0,1) -> 1 | U339: 45884 | W339: 2478 | X339: =IF(U339>0,1,"") -> 1 | AA339: =TEXT(R339,"mmm/aaaa") -> ago/2025
A340: 339 | B340: 45864 | C340: 58 | D340: =IF(B340>0,1,"") -> 1 | E340: REATOR 6 | F340: PN | G340: - | H340: 339 | I340: =_xlfn.CONCAT(F340,G340,H340) -> PN-339 | J340: P | K340: =IF(J340="","SEM #CH",VLOOKUP(J340,#REF!,2,0)) -> #REF! | L340: =IF(J340="","SEM #CH",VLOOKUP(J340,#REF!,3,0)) -> #REF! | M340: =IF(J340="","SEM #CH",VLOOKUP(J340,#REF!,4,0)) -> #REF! | N340: =IF(J340="","SEM #CH",VLOOKUP(J340,#REF!,5,0)) -> #REF! | O340: =IF(J340="","SEM #CH",VLOOKUP(J340,#REF!,6,0)) -> #REF! | P340: =IF(J340="","SEM #CH",VLOOKUP(J340,#REF!,7,0)) -> #REF! | Q340: =VLOOKUP(J340,'p1'!$B$2:$C$30,2,0) -> NÃO TEM CHAPA | R340: 45884 | S340: PN-002 | T340: =IF(R340="",0,1) -> 1 | U340: 45884 | W340: 2478 | X340: =IF(U340>0,1,"") -> 1 | AA340: =TEXT(R340,"mmm/aaaa") -> ago/2025
A341: 340 | B341: 45864 | C341: 58 | D341: =IF(B341>0,1,"") -> 1 | E341: REATOR 6 | F341: PN | G341: - | H341: 340 | I341: =_xlfn.CONCAT(F341,G341,H341) -> PN-340 | J341: P | K341: =IF(J341="","SEM #CH",VLOOKUP(J341,#REF!,2,0)) -> #REF! | L341: =IF(J341="","SEM #CH",VLOOKUP(J341,#REF!,3,0)) -> #REF! | M341: =IF(J341="","SEM #CH",VLOOKUP(J341,#REF!,4,0)) -> #REF! | N341: =IF(J341="","SEM #CH",VLOOKUP(J341,#REF!,5,0)) -> #REF! | O341: =IF(J341="","SEM #CH",VLOOKUP(J341,#REF!,6,0)) -> #REF! | P341: =IF(J341="","SEM #CH",VLOOKUP(J341,#REF!,7,0)) -> #REF! | Q341: =VLOOKUP(J341,'p1'!$B$2:$C$30,2,0) -> NÃO TEM CHAPA | R341: 45884 | S341: PN-002 | T341: =IF(R341="",0,1) -> 1 | U341: 45891 | V341: - | W341: 2487 | X341: =IF(U341>0,1,"") -> 1 | AA341: =TEXT(R341,"mmm/aaaa") -> ago/2025
A342: 341 | B342: 45864 | C342: 58 | D342: =IF(B342>0,1,"") -> 1 | E342: REATOR 6 | F342: PN | G342: - | H342: 341 | I342: =_xlfn.CONCAT(F342,G342,H342) -> PN-341 | J342: P | K342: =IF(J342="","SEM #CH",VLOOKUP(J342,#REF!,2,0)) -> #REF! | L342: =IF(J342="","SEM #CH",VLOOKUP(J342,#REF!,3,0)) -> #REF! | M342: =IF(J342="","SEM #CH",VLOOKUP(J342,#REF!,4,0)) -> #REF! | N342: =IF(J342="","SEM #CH",VLOOKUP(J342,#REF!,5,0)) -> #REF! | O342: =IF(J342="","SEM #CH",VLOOKUP(J342,#REF!,6,0)) -> #REF! | P342: =IF(J342="","SEM #CH",VLOOKUP(J342,#REF!,7,0)) -> #REF! | Q342: =VLOOKUP(J342,'p1'!$B$2:$C$30,2,0) -> NÃO TEM CHAPA | R342: 45883 | S342: PN-002 | T342: =IF(R342="",0,1) -> 1 | U342: 45891 | V342: - | W342: 2486 | X342: =IF(U342>0,1,"") -> 1 | AA342: =TEXT(R342,"mmm/aaaa") -> ago/2025
...

Sheet CALCULOS 
A1: PRIMARIO
B2: TOTAL DE PROJETO | C2: TAG | D2: TOTAL CONCRETADO | E2: TOTAL ACABADO | F2: TOTAL TRANSPORTADO
B3: =COUNTIF(' CADASTRO'!$F$746:$F$893,C3) -> 6 | C3: PF | D3: =SUMIF(' CADASTRO'!$F$746:$F$893,'CALCULOS '!C3,' CADASTRO'!$D$746:$D$893) -> 6 | E3: =SUMIF(' CADASTRO'!$F$746:$F$893,C3,' CADASTRO'!$T$746:$T$893) -> 1 | F3: =SUMIF(' CADASTRO'!$F$746:$F$893,C3,' CADASTRO'!$X$746:$X$893) -> 0
B4: =COUNTIF(' CADASTRO'!$F$746:$F$893,C4) -> 104 | C4: PN | D4: =SUMIF(' CADASTRO'!$F$746:$F$893,'CALCULOS '!C4,' CADASTRO'!$D$746:$D$893) -> 104 | E4: =SUMIF(' CADASTRO'!$F$746:$F$893,C4,' CADASTRO'!$T$746:$T$893) -> 57 | F4: =SUMIF(' CADASTRO'!$F$746:$F$893,C4,' CADASTRO'!$X$746:$X$893) -> 52
B5: =COUNTIF(' CADASTRO'!$F$746:$F$893,C5) -> 12 | C5: PE | D5: =SUMIF(' CADASTRO'!$F$746:$F$893,'CALCULOS '!C5,' CADASTRO'!$D$746:$D$893) -> 12 | E5: =SUMIF(' CADASTRO'!$F$746:$F$893,C5,' CADASTRO'!$T$746:$T$893) -> 0 | F5: =SUMIF(' CADASTRO'!$F$746:$F$893,C5,' CADASTRO'!$X$746:$X$893) -> 0
B6: =COUNTIF(' CADASTRO'!$F$746:$F$893,C6) -> 1 | C6: PE(I) | D6: =SUMIF(' CADASTRO'!$F$746:$F$893,'CALCULOS '!C6,' CADASTRO'!$D$746:$D$893) -> 1 | E6: =SUMIF(' CADASTRO'!$F$746:$F$893,C6,' CADASTRO'!$T$746:$T$893) -> 0 | F6: =SUMIF(' CADASTRO'!$F$746:$F$893,C6,' CADASTRO'!$X$746:$X$893) -> 0
B7: =COUNTIF(' CADASTRO'!$F$746:$F$893,C7) -> 3 | C7: PEI(V) | D7: =SUMIF(' CADASTRO'!$F$746:$F$893,'CALCULOS '!C7,' CADASTRO'!$D$746:$D$893) -> 3 | E7: =SUMIF(' CADASTRO'!$F$746:$F$893,C7,' CADASTRO'!$T$746:$T$893) -> 0 | F7: =SUMIF(' CADASTRO'!$F$746:$F$893,C7,' CADASTRO'!$X$746:$X$893) -> 0
B8: =COUNTIF(' CADASTRO'!$F$746:$F$893,C8) -> 0 | C8: PEV | D8: =SUMIF(' CADASTRO'!$F$746:$F$893,'CALCULOS '!C8,' CADASTRO'!$D$746:$D$893) -> 0 | E8: =SUMIF(' CADASTRO'!$F$746:$F$893,C8,' CADASTRO'!$T$746:$T$893) -> 0 | F8: =SUMIF(' CADASTRO'!$F$746:$F$893,C8,' CADASTRO'!$X$746:$X$893) -> 0
B9: =COUNTIF(' CADASTRO'!$F$746:$F$893,C9) -> 0 | C9: TEB | D9: =SUMIF(' CADASTRO'!$F$746:$F$893,'CALCULOS '!C9,' CADASTRO'!$D$746:$D$893) -> 0 | E9: =SUMIF(' CADASTRO'!$F$746:$F$893,C9,' CADASTRO'!$T$746:$T$893) -> 0 | F9: =SUMIF(' CADASTRO'!$F$746:$F$893,C9,' CADASTRO'!$X$746:$X$893) -> 0
B10: =COUNTIF(' CADASTRO'!$F$746:$F$893,C10) -> 22 | C10: PNI | D10: =SUMIF(' CADASTRO'!$F$746:$F$893,'CALCULOS '!C10,' CADASTRO'!$D$746:$D$893) -> 22 | E10: =SUMIF(' CADASTRO'!$F$746:$F$893,C10,' CADASTRO'!$T$746:$T$893) -> 16 | F10: =SUMIF(' CADASTRO'!$F$746:$F$893,C10,' CADASTRO'!$X$746:$X$893) -> 12
A11: TOTAIS | B11: =SUM(B3:B10) -> 148 | D11: =SUM(D3:D10) -> 148 | E11: =SUM(E3:E10) -> 74 | F11: =SUM(F3:F10) -> 64
A18: AERADORES
B19: TOTAL DE PROJETO | C19: TAG | D19: TOTAL CONCRETADO | E19: TOTAL ACABADO | F19: TOTAL TRANSPORTADO
B20: =COUNTIF(' CADASTRO'!$F$894:$F$1175,C20) -> 6 | C20: PF | D20: =SUMIF(' CADASTRO'!$F$894:$F$1175,'CALCULOS '!C20,' CADASTRO'!$D$894:$D$1175) -> 5 | E20: =SUMIF(' CADASTRO'!$F$894:$F$1175,C20,' CADASTRO'!$T$894:$T$1175) -> 4 | F20: =SUMIF(' CADASTRO'!$F$894:$F$1175,C20,' CADASTRO'!$X$894:$X$1175) -> 4
B21: =COUNTIF(' CADASTRO'!$F$894:$F$1175,C21) -> 229 | C21: PN | D21: =SUMIF(' CADASTRO'!$F$894:$F$1175,'CALCULOS '!C21,' CADASTRO'!$D$894:$D$1175) -> 129 | E21: =SUMIF(' CADASTRO'!$F$894:$F$1175,C21,' CADASTRO'!$T$894:$T$1175) -> 102 | F21: =SUMIF(' CADASTRO'!$F$894:$F$1175,C21,' CADASTRO'!$X$894:$X$1175) -> 100
B22: =COUNTIF(' CADASTRO'!$F$894:$F$1175,C22) -> 15 | C22: PE | D22: =SUMIF(' CADASTRO'!$F$894:$F$1175,'CALCULOS '!C22,' CADASTRO'!$D$894:$D$1175) -> 10 | E22: =SUMIF(' CADASTRO'!$F$894:$F$1175,C22,' CADASTRO'!$T$894:$T$1175) -> 7 | F22: =SUMIF(' CADASTRO'!$F$894:$F$1175,C22,' CADASTRO'!$X$894:$X$1175) -> 7
B23: =COUNTIF(' CADASTRO'!$F$894:$F$1175,C23) -> 0 | C23: PE(I) | D23: =SUMIF(' CADASTRO'!$F$894:$F$1175,'CALCULOS '!C23,' CADASTRO'!$D$894:$D$1175) -> 0 | E23: =SUMIF(' CADASTRO'!$F$894:$F$1175,C23,' CADASTRO'!$T$894:$T$1175) -> 0 | F23: =SUMIF(' CADASTRO'!$F$894:$F$1175,C23,' CADASTRO'!$X$894:$X$1175) -> 0
B24: =COUNTIF(' CADASTRO'!$F$894:$F$1175,C24) -> 0 | C24: PEI(V) | D24: =SUMIF(' CADASTRO'!$F$894:$F$1175,'CALCULOS '!C24,' CADASTRO'!$D$894:$D$1175) -> 0 | E24: =SUMIF(' CADASTRO'!$F$894:$F$1175,C24,' CADASTRO'!$T$894:$T$1175) -> 0 | F24: =SUMIF(' CADASTRO'!$F$894:$F$1175,C24,' CADASTRO'!$X$894:$X$1175) -> 0
B25: =COUNTIF(' CADASTRO'!$F$894:$F$1175,C25) -> 0 | C25: PEV | D25: =SUMIF(' CADASTRO'!$F$894:$F$1175,'CALCULOS '!C25,' CADASTRO'!$D$894:$D$1175) -> 0 | E25: =SUMIF(' CADASTRO'!$F$894:$F$1175,C25,' CADASTRO'!$T$894:$T$1175) -> 0 | F25: =SUMIF(' CADASTRO'!$F$894:$F$1175,C25,' CADASTRO'!$X$894:$X$1175) -> 0
B26: =COUNTIF(' CADASTRO'!$F$894:$F$1175,C26) -> 0 | C26: TEB | D26: =SUMIF(' CADASTRO'!$F$894:$F$1175,'CALCULOS '!C26,' CADASTRO'!$D$894:$D$1175) -> 0 | E26: =SUMIF(' CADASTRO'!$F$894:$F$1175,C26,' CADASTRO'!$T$894:$T$1175) -> 0 | F26: =SUMIF(' CADASTRO'!$F$894:$F$1175,C26,' CADASTRO'!$X$894:$X$1175) -> 0
B27: =COUNTIF(' CADASTRO'!$F$894:$F$1175,C27) -> 32 | C27: PNI | D27: =SUMIF(' CADASTRO'!$F$894:$F$1175,'CALCULOS '!C27,' CADASTRO'!$D$894:$D$1175) -> 26 | E27: =SUMIF(' CADASTRO'!$F$894:$F$1175,C27,' CADASTRO'!$T$894:$T$1175) -> 24 | F27: =SUMIF(' CADASTRO'!$F$894:$F$1175,C27,' CADASTRO'!$X$894:$X$1175) -> 24
A28: TOTAIS | B28: =SUM(B20:B27) -> 282 | D28: =SUM(D20:D27) -> 170 | E28: =SUM(E20:E27) -> 137 | F28: =SUM(F20:F27) -> 135

Sheet SC-10 PN1 AERADOR
E1: BETONEIRA | Q1: BT1
Q2: NF=> | S2: =S3-378 -> 1259 | U2: FLOW=> | X2: vol(m³) | Z2: 1 | AA2: X
B3: NUMERO CONCRETAGEM | D3: =MAX(' CADASTRO'!C:C) -> 169 | E3: Placa n° => | F3: AER 2_PN-175 | H3: AER 2_PN-176 | J3: AER 2_PN-177 | L3: AER 2_PN-179 | N3: AER 2_PE-162 | Q3: SERIE=> | S3: 1637 | U3: HORA LANÇ => | Z3: 2 | AA3: X
A4: data: | C4: =TODAY() -> 46007 | E4: OBRA | F4: AERADOR 2 | H4: AERADOR 2 | J4: , | L4: AERADOR 2 | N4: AERADOR 1 | Q4: HORA ROMP. | S4: CP1 (20H) | U4: CP2 (20H) | W4: CP3 (28D) | X4: CP4 (28D) | Z4: 3 | AA4: X
E5: TIPO | N5: ARRANQUES CENTRAL EM BAIXO VAZADO | Q5: RESIST. | Z5: 4 | AA5: X
A6: HORA INICIO | E6: INSERTS | Q6: BT2 | Z6: 5 | AA6: X
C7: PISTA -001 | Z7: 6
E8: FORMAS | F8: F1 | H8: F2 | J8: F3 | L8: F4 | N8: F5 | Q8: NF=> | S8: =IF(S9="","",S9-378) -> 1260 | U8: FLOW=> | X8: vol(m³)
B9: item | C9: descrição das inspeções | F9: ok | G9: corrigir | H9: ok | I9: corrigir | J9: ok | K9: corrigir | L9: ok | M9: corrigir | N9: ok | O9: corrigir | Q9: SERIE=> | S9: =IF(AA3="X",S3+1,"") -> 1638 | U9: HORA LANÇ =>
Q10: HORA ROMP. | S10: CP1 (20H) | U10: CP2 (20H) | W10: CP3 (28D) | X10: CP4 (28D)
B11: 1 | C11: QTDE DE CABOS E ALONGAMENTOS 18 C 321A356 | Q11: RESIST.
B12: 2 | C12: PÉ 2X M36 | Q12: BT3
B13: 3 | C13: INJETOR 1X | Q13: NF=> | S13: =IF(S14="","",S14-378) -> 1261 | X13: vol(m³)
B14: 4 | C14: TELA VIVEIRO E REFORÇO 20MM EM CIMA DOS PINOS IÇAMENTOS 4X 7,5 TON/300 3 "u" 10 MM E 1 BARRA 1 MTS | Q14: SERIE=> | S14: =IF(AA4="X",$S$3+2,"") -> 1639 | U14: HORA LANÇ =>
B15: 5 | C15: JUNÇÃO 3/8 X 25 MM FLUTUADOR 2X | Q15: HORA ROMP. | S15: CP1 (20H) | U15: CP2 (20H) | W15: CP3 (28D) | X15: CP4 (28D)
B16: 6 | C16: ESCORA 6,00 DO PÉ 5/8 PARAF. SUPERIOR | Q16: RESIST.
B17: 7 | C17: RECOBRIMENTO SUPERIOR/ INFERIOR E LATERIAS
B18: 8 | C18: VIGAS LATERAIAS (ESTRIBOS E BARRAS) | Q18: BT4
B19: 9 | C19: ÂNGULO DE A CADA 5 CONCRETAGEM | Q19: NF=> | S19: =IF(S20="","",S20-378) -> 1262 | U19: FLOW=> | X19: vol(m³)
B20: 10 | C20: REFORÇO DE CABEÇA E PE | Q20: SERIE => | S20: =IF(AA5="X",$S$3+3,"") -> 1640 | U20: HORA LANÇ =>
B21: 11 | C21: ESPAÇADOR DE TELA A TELA E VIGA | Q21: HORA ROMP. | S21: CP1 (20H) | U21: CP2 (20H) | W21: CP3 (28D) | X21: CP4 (28D)
B22: 12 | C22: FECHAMENTO FORMA LATERAL (PINAGEM) (dois lados) | Q22: RESIST.
B23: 13 | C23: DIMENSÕES DA PLACA (DIVISORIA ESCOSTADAS NA TRAVA)
B24: 14 | C24: TELAS SUPERIOR E INFERIOR ESTAO ATADAS | Q24: BT5
B25: 15 | C25: QTDE DE BAINHAS 28 BAINHAS | Q25: NF=> | S25: =IF(S26="","",S26-378) -> 1263 | U25: FLOW=> | X25: vol(m³)
B26: 16 | C26: MEDIDAS DE TOPO DE FORMA 2378 MM | Q26: SERIE=> | S26: =IF(AA6="X",$S$3+4,"") -> 1641 | U26: HORA LANÇ =>
B27: 17 | C27: CHAPAS DE INSERTOS | Q27: HORA ROMP. | S27: CP1 (20H) | U27: CP2 (20H) | W27: CP3 (28D) | X27: CP4 (28D)
B28: 18 | C28: SIKASWELL CHAPA DE TUBULAÇÃO | Q28: RESIST.
B29: 19 | C29: LIMPEZA : SOPRAGEM E COLETA DE ARRAMES
B30: 20 | C30: MOV: 4 X 10TON X 125CB | Q30: BT6
B31: 21 | C31: FERRO DE ATERRAMENTO PE PLACAS | Q31: NF => | S31: =IF(S32="","",S32-378) | U31: FLOW=> | X31: vol(m³)
B32: 22 | C32: EMENDAS | Q32: SERIE=> | S32: =IF(AA7="X",$S$3+5,"") | U32: HORA LANÇ =>
F33: CABO 1 | G33: CABO 2 | H33: CABO 3 | I33: CABO 4 | J33: CABO 5 | K33: CABO 6 | L33: CABO 7 | M33: CABO 8 | N33: CABO 9 | Q33: HORA ROMP. | S33: CP1 (20H) | U33: CP2 (20H) | W33: CP3 (28D) | X33: CP4 (28D)
Q34: RESIST.
F36: CABO 10 | G36: CABO 11 | H36: CABO 12 | I36: CABO 13 | J36: CABO 14 | K36: CABO 15 | L36: CABO 16 | M36: CABO 17 | N36: CABO 18
F38: BOBINA N° | J38: 1063497359
F39: DATA: | J39: 45932
B41: NUMERO CONCRETAGEM | D41: =D3 -> 169 | E41: QUAL É A OBRA | F41: =F3 -> AER 2_PN-175 | H41: =H3 -> AER 2_PN-176 | J41: =J3 -> AER 2_PN-177 | L41: =L3 -> AER 2_PN-179 | N41: =N3 -> AER 2_PE-162
A42: data: | E42: Placa n° =>
E43: TIPO
B44: RELATORIO POS ROMPIMENTO
B45: 1 | D45: VISTORIA SUPERFICIAL SE HÁ FISSURAS
B46: 2 | D46: VERIFICAR SE HÁ QUEBRAS DURANTE A DESFORMA
B47: 3 | D47: VERIFICAR SE FORAM ARMAZENDAS CORRETAMENTE
B48: 4 | D48: VERIFICAR SE ALGUMA IMPERFEIÇÃO NOTAVEM NO ATO DA DESFORMA
B49: 5 | D49: VERIFICAR SE BOLHAS DE AR LADO DIREITO
B50: 6 | D50: VERIFICAR SE MICROFISSURAS SUPERFICIAIS NA PLACA
B51: 7
B52: 8
B53: 9
B54: 10
B55: 11
B56: 12
B57: 13
B58: 14

Sheet SC-10 PN1
E1: BETONEIRA | W1: BT1
W2: NF=> | Y2: =Y3-378 -> 942 | AA2: FLOW=> | AD2: vol(m³) | AF2: 1 | AG2: X
B3: NUMERO CONCRETAGEM | D3: =MAX(' CADASTRO'!C2:C999) -> 169 | E3: QUAL É A OBRA | F3: NEREDA | H3: NEREDA | J3: NEREDA | L3: NEREDA | N3: NEREDA | P3: NEREDA | R3: NEREDA | T3: PRIMARIO | W3: SERIE=> | Y3: 1320 | AA3: HORA LANÇ => | AF3: 2 | AG3: X
A4: data: | C4: =TODAY() -> 46007 | E4: Placa n° => | F4: PN-501 | H4: PN-502 | J4: PN-503 | L4: PN-504 | N4: PN-505 | P4: PN-506 | R4: PN-507 | T4: PR_PN-135 | W4: HORA ROMP. | Y4: CP1 (20H) | AA4: CP2 (20H) | AC4: CP3 (28D) | AD4: CP4 (28D) | AF4: 3 | AG4: X
E5: TIPO | F5: =VLOOKUP(F4,' CADASTRO'!$I$2:$J$999,2,0) -> P | H5: =VLOOKUP(H4,' CADASTRO'!$I$2:$J$999,2,0) -> P | J5: =VLOOKUP(J4,' CADASTRO'!$I$2:$J$999,2,0) -> P | L5: =VLOOKUP(L4,' CADASTRO'!$I$2:$J$999,2,0) -> P | N5: =VLOOKUP(N4,' CADASTRO'!$I$2:$J$999,2,0) -> P | P5: =VLOOKUP(P4,' CADASTRO'!$I$2:$J$999,2,0) -> P | R5: =VLOOKUP(R4,' CADASTRO'!$I$2:$J$999,2,0) -> P | T5: =VLOOKUP(T4,' CADASTRO'!$I$2:$J$999,2,0) -> P | W5: RESIST. | AF5: 4 | AG5: X
A6: HORA INICIO | E6: INSERTS | F6: =VLOOKUP(F4,' CADASTRO'!$I$2:$Q$993,9,0) -> NÃO TEM CHAPA | H6: =VLOOKUP(H4,' CADASTRO'!$I$2:$Q$993,9,0) -> NÃO TEM CHAPA | J6: =VLOOKUP(J4,' CADASTRO'!$I$2:$Q$993,9,0) -> NÃO TEM CHAPA | L6: =VLOOKUP(L4,' CADASTRO'!$I$2:$Q$993,9,0) -> NÃO TEM CHAPA | N6: =VLOOKUP(N4,' CADASTRO'!$I$2:$Q$993,9,0) -> NÃO TEM CHAPA | P6: =VLOOKUP(P4,' CADASTRO'!$I$2:$Q$993,9,0) -> NÃO TEM CHAPA | R6: =VLOOKUP(R4,' CADASTRO'!$I$2:$Q$993,9,0) -> NÃO TEM CHAPA | T6: =VLOOKUP(T4,' CADASTRO'!$I$2:$Q$993,9,0) -> NÃO TEM CHAPA | W6: BT2 | AF6: 5 | AG6: X
C7: PISTA -001 | AF7: 6
E8: FORMAS | F8: F1 | H8: F2 | J8: F3 | L8: F4 | N8: F5 | P8: F6 | R8: F7 | T8: F8 | W8: NF=> | Y8: =IF(Y9="","",Y9-378) -> 943 | AA8: FLOW=> | AD8: vol(m³)
B9: item | C9: descrição das inspeções | F9: ok | G9: corrigir | H9: ok | I9: corrigir | J9: ok | K9: corrigir | L9: ok | M9: corrigir | N9: ok | O9: corrigir | P9: ok | Q9: corrigir | R9: ok | S9: corrigir | T9: ok | U9: corrigir | W9: SERIE=> | Y9: =IF(AG3="X",Y3+1,"") -> 1321 | AA9: HORA LANÇ =>
W10: HORA ROMP. | Y10: CP1 (20H) | AA10: CP2 (20H) | AC10: CP3 (28D) | AD10: CP4 (28D)
B11: 1 | C11: QTDE DE CABOS E ALONGAMENTOS 16 C 321A356 | W11: RESIST.
B12: 2 | C12: PÉ 2X M24 | W12: BT3
B13: 3 | C13: INJETOR 1X | W13: NF=> | Y13: =IF(Y14="","",Y14-378) -> 944 | AD13: vol(m³)
B14: 4 | C14: TELA VIVEIRO E REFORÇO 16 MM EM CIMA DOS PINOS IÇAMENTOS 2X 7,5 TON/300 3 "u" 10 MM E 1 BARRA 1 MTS | W14: SERIE=> | Y14: =IF(AG4="X",$Y$3+2,"") -> 1322 | AA14: HORA LANÇ =>
B15: 5 | C15: JUNÇÃO 3/8 X 25 MM FLUTUADOR 2X | W15: HORA ROMP. | Y15: CP1 (20H) | AA15: CP2 (20H) | AC15: CP3 (28D) | AD15: CP4 (28D)
B16: 6 | C16: ESCORA 5,50 DO PÉ 5/8 | W16: RESIST.
B17: 7 | C17: RECOBRIMENTO SUPERIOR/ INFERIOR E LATERIAS
B18: 8 | C18: VIGAS LATERAIAS (ESTRIBOS E BARRAS) | W18: BT4
B19: 9 | C19: ÂNGULO DE A CADA 5 CONCRETAGEM | W19: NF=> | Y19: =IF(Y20="","",Y20-378) -> 945 | AA19: FLOW=> | AD19: vol(m³)
B20: 10 | C20: REFORÇO DE CABEÇA E PE | W20: SERIE => | Y20: =IF(AG5="X",$Y$3+3,"") -> 1323 | AA20: HORA LANÇ =>
B21: 11 | C21: ESPAÇADOR DE TELA A TELA E VIGA (36X) | W21: HORA ROMP. | Y21: CP1 (20H) | AA21: CP2 (20H) | AC21: CP3 (28D) | AD21: CP4 (28D)
B22: 12 | C22: FECHAMENTO FORMA LATERAL (PINAGEM) (dois lados) | W22: RESIST.
B23: 13 | C23: DIMENSÕES DA PLACA (DIVISORIA ESCOSTADAS NA TRAVA)
B24: 14 | C24: TELAS SUPERIOR E INFERIOR ESTAO ATADAS | W24: BT5
B25: 15 | C25: QTDE DE BAINHAS (12 NO NEREDA E 6 NO PRIMARIO) E SE ESTAO ATADAS NA ZONA | W25: NF=> | Y25: =IF(Y26="","",Y26-378) -> 946 | AA25: FLOW=> | AD25: vol(m³)
B26: 16 | C26: MEDIDAS DE TOPO DE FORMA (2380 NO PRIMARIO); (2375 NO NEREDA) | W26: SERIE=> | Y26: =IF(AG6="X",$Y$3+4,"") -> 1324 | AA26: HORA LANÇ =>
B27: 17 | C27: CHAPAS DE INSERTOS | W27: HORA ROMP. | Y27: CP1 (20H) | AA27: CP2 (20H) | AC27: CP3 (28D) | AD27: CP4 (28D)
B28: 18 | C28: SIKASWELL CHAPA DE TUBULAÇÃO | W28: RESIST.
B29: 19 | C29: LIMPEZA : SOPRAGEM E COLETA DE ARRAMES
B30: 20 | C30: MOV: 4 X 5TON X 125CB - NEREDA | W30: BT6
B31: 21 | C31: MOV: 4 X 5TON X 125CB + 4 X 5TON X 125ESF. PRIMARIO | W31: NF => | Y31: =IF(Y32="","",Y32-378) | AA31: FLOW=> | AD31: vol(m³)
B32: 22 | C32: EMENDAS | W32: SERIE=> | Y32: =IF(AG7="X",$Y$3+5,"") | AA32: HORA LANÇ =>
F33: CABO 1 | H33: CABO 2 | J33: CABO 3 | L33: CABO 4 | N33: CABO 5 | P33: CABO 6 | R33: CABO 7 | T33: CABO 8 | W33: HORA ROMP. | Y33: CP1 (20H) | AA33: CP2 (20H) | AC33: CP3 (28D) | AD33: CP4 (28D)
W34: RESIST.
F36: CABO 09 | H36: CABO 10 | J36: CABO 11 | L36: CABO 12 | N36: CABO 13 | P36: CABO 14 | R36: CABO 15 | T36: CABO 16
F38: BOBINA N° | J38: 1063497359
F39: DATA: | J39: 45932
J40: 3
B41: NUMERO CONCRETAGEM | D41: =D3 -> 169 | E41: QUAL É A OBRA | F41: NEREDA | H41: NEREDA | J41: NEREDA | L41: NEREDA | N41: NEREDA | P41: NEREDA | R41: NEREDA | T41: PRIMARIO
A42: data: | E42: Placa n° => | F42: =F4 -> PN-501 | H42: =H4 -> PN-502 | J42: =J4 -> PN-503 | L42: =L4 -> PN-504 | N42: =N4 -> PN-505 | P42: =P4 -> PN-506 | R42: =R4 -> PN-507 | T42: =T4 -> PR_PN-135
E43: TIPO | F43: =F5 -> P | H43: =H5 -> P | J43: =J5 -> P | L43: =L5 -> P | N43: =N5 -> P | P43: =P5 -> P | R43: =R5 -> P | T43: =T5 -> P
B44: RELATORIO POS ROMPIMENTO
B45: 1 | D45: VISTORIA SUPERFICIAL SE HÁ FISSURAS
B46: 2 | D46: VERIFICAR SE HÁ QUEBRAS DURANTE A DESFORMA
B47: 3 | D47: VERIFICAR SE FORAM ARMAZENDAS CORRETAMENTE
B48: 4 | D48: VERIFICAR SE ALGUMA IMPERFEIÇÃO NOTAVEM NO ATO DA DESFORMA
B49: 5 | D49: VERIFICAR SE BOLHAS DE AR LADO DIREITO
B50: 6 | D50: VERIFICAR SE MICROFISSURAS SUPERFICIAIS NA PLACA
B51: 7
B52: 8
B53: 9
B54: 10
B55: 11
B56: 12
B57: 13
B58: 14

Sheet SC-10 PN2
E1: BETONEIRA | W1: BT1 | AI1: data | AJ1: se concretada marque "x" | AK1: se concretado | AL1: IDENT. TANQUE | AM1: PLACA | AQ1: TIPO
W2: NF=> | Y2: =Y3-378 -> 1255 | AA2: FLOW=> | AD2: vol(m³) | AF2: 1 | AG2: X | AH2: 51 | AI2: {=_xlfn._xlws.FILTER(' CADASTRO'!B:J,' CADASTRO'!C:C='SC-10 PN2'!AH2,)} -> 45856 | AJ2: 51 | AK2: 1 | AL2: REATOR 5 | AM2: PN | AN2: - | AO2: 285 | AP2: PN-285 | AQ2: P
B3: NUMERO CONCRETAGEM | D3: =MAX(' CADASTRO'!C2:C999) -> 169 | E3: QUAL É A OBRA | F3: PRIMARIO | H3: NEREDA | J3: NEREDA | W3: SERIE=> | Y3: 1633 | AA3: HORA LANÇ => | AF3: 2 | AG3: X | AI3: 45856 | AJ3: 51 | AK3: 1 | AL3: REATOR 5 | AM3: PN | AN3: - | AO3: 286 | AP3: PN-286 | AQ3: P
A4: data: | C4: =TODAY() -> 46007 | E4: Placa n° => | F4: PR_PE-98 | H4: PN-292-A | J4: PLACA TESTE | W4: HORA ROMP. | AA4: CP2 (20H) | AC4: CP3 (28D) | AD4: CP4 (28D) | AF4: 3 | AG4: X | AI4: 45856 | AJ4: 51 | AK4: 1 | AL4: REATOR 5 | AM4: PN | AN4: - | AO4: 287 | AP4: PN-287 | AQ4: P
E5: TIPO | F5: =VLOOKUP(F4,' CADASTRO'!$I$2:$J$999,2,0) -> PEV | H5: =VLOOKUP(H4,' CADASTRO'!$I$2:$J$999,2,0) -> #N/A | J5: =VLOOKUP(J4,' CADASTRO'!$I$2:$J$999,2,0) -> #N/A | L5: =VLOOKUP(L4,' CADASTRO'!$I$2:$J$999,2,0) -> #N/A | N5: =VLOOKUP(N4,' CADASTRO'!$I$2:$J$999,2,0) -> #N/A | P5: =VLOOKUP(P4,' CADASTRO'!$I$2:$J$999,2,0) -> #N/A | R5: =VLOOKUP(R4,' CADASTRO'!$I$2:$J$999,2,0) -> #N/A | T5: =VLOOKUP(T4,' CADASTRO'!$I$2:$J$999,2,0) -> #N/A | W5: RESIST. | AF5: 4 | AG5: X | AI5: 45856 | AJ5: 51 | AK5: 1 | AL5: REATOR 5 | AM5: PN | AN5: - | AO5: 289 | AP5: PN-289 | AQ5: P
A6: HORA INICIO | E6: INSERTS | F6: =VLOOKUP(F4,' CADASTRO'!$I$2:$Q$993,9,0) -> ARM. CANAL SAIDA | H6: =VLOOKUP(H4,' CADASTRO'!$I$2:$Q$993,9,0) -> #N/A | J6: =VLOOKUP(J4,' CADASTRO'!$I$2:$Q$993,9,0) -> #N/A | L6: =VLOOKUP(L4,' CADASTRO'!$I$2:$Q$993,9,0) -> #N/A | N6: =VLOOKUP(N4,' CADASTRO'!$I$2:$Q$993,9,0) -> #N/A | P6: =VLOOKUP(P4,' CADASTRO'!$I$2:$Q$993,9,0) -> #N/A | R6: =VLOOKUP(R4,' CADASTRO'!$I$2:$Q$993,9,0) -> #N/A | T6: =VLOOKUP(T4,' CADASTRO'!$I$2:$Q$993,9,0) -> #N/A | W6: BT2 | AF6: 5 | AG6: X | AI6: 45856 | AJ6: 51 | AK6: 1 | AL6: REATOR 5 | AM6: PN | AN6: - | AO6: 290 | AP6: PN-290 | AQ6: P
C7: PISTA -002 | AF7: 6 | AG7: X | AI7: 45856 | AJ7: 51 | AK7: 1 | AL7: REATOR 5 | AM7: PN | AN7: - | AO7: 291 | AP7: PN-291 | AQ7: P
E8: FORMAS | F8: F1 | H8: F2 | J8: F3 | L8: F4 | N8: F5 | P8: F6 | R8: F7 | T8: F8 | W8: NF=> | Y8: =IF(Y9="","",Y9-378) -> 1256 | AA8: FLOW=> | AD8: vol(m³) | AI8: 45856 | AJ8: 51 | AK8: 1 | AL8: REATOR 5 | AM8: PN | AN8: - | AO8: 292 | AP8: PN-292 | AQ8: P
B9: item | C9: descrição das inspeções | F9: ok | G9: corrigir | H9: ok | I9: corrigir | J9: ok | K9: corrigir | L9: ok | M9: corrigir | N9: ok | O9: corrigir | P9: ok | Q9: corrigir | R9: ok | S9: corrigir | T9: ok | U9: corrigir | W9: SERIE=> | Y9: =IF(AG3="X",Y3+1,"") -> 1634 | AA9: HORA LANÇ => | AI9: 45856 | AJ9: 51 | AK9: 1 | AL9: PRIMARIO 2 | AM9: PNI | AN9: - | AO9: 87 | AP9: PR_PNI-87 | AQ9: PNI
W10: HORA ROMP. | Y10: CP1 (20H) | AA10: CP2 (20H) | AC10: CP3 (28D) | AD10: CP4 (28D)
B11: 1 | C11: QTDE DE CABOS E ALONGAMENTOS 16 C 321A356 | W11: RESIST.
B12: 2 | C12: PÉ 2X M24 | W12: BT3 | Y12: PN-002
B13: 3 | C13: INJETOR 1X | W13: NF=> | Y13: =IF(Y14="","",Y14-378) -> 1257 | AA13: FLOW=> | AD13: vol(m³)
B14: 4 | C14: TELA VIVEIRO E REFORÇO 16 MM EM CIMA DOS PINOS IÇAMENTOS 2X 7,5 TON/300 3 "u" 10 MM E 1 BARRA 1 MTS | W14: SERIE=> | Y14: =IF(AG4="X",$Y$3+2,"") -> 1635 | AA14: HORA LANÇ =>
B15: 5 | C15: JUNÇÃO 3/8 X 25 MM FLUTUADOR 2X | W15: HORA ROMP. | Y15: CP1 (20H) | AA15: CP2 (20H) | AC15: CP3 (28D) | AD15: CP4 (28D)
B16: 6 | C16: ESCORA 5,50 DO PÉ 5/8 | W16: RESIST.
B17: 7 | C17: RECOBRIMENTO SUPERIOR/ INFERIOR E LATERIAS
B18: 8 | C18: VIGAS LATERAIAS (ESTRIBOS E BARRAS) | W18: BT4
B19: 9 | C19: ÂNGULO DE A CADA 5 CONCRETAGEM | W19: NF=> | Y19: =IF(Y20="","",Y20-378) -> 1258 | AA19: FLOW=> | AD19: vol(m³)
B20: 10 | C20: REFORÇO DE CABEÇA E PE | W20: SERIE => | Y20: =IF(AG5="X",$Y$3+3,"") -> 1636 | AA20: HORA LANÇ =>
B21: 11 | C21: ESPAÇADOR DE TELA A TELA E VIGA (36X) | W21: HORA ROMP. | Y21: CP1 (20H) | AA21: CP2 (20H) | AC21: CP3 (28D) | AD21: CP4 (28D)
B22: 12 | C22: FECHAMENTO FORMA LATERAL (PINAGEM) (dois lados) | W22: RESIST.
B23: 13 | C23: DIMENSÕES DA PLACA (DIVISORIA ESCOSTADAS NA TRAVA)
B24: 14 | C24: TELAS SUPERIOR E INFERIOR ESTAO ATADAS | W24: BT5
B25: 15 | C25: QTDE DE BAINHAS (12 NO NEREDA E 6 NO PRIMARIO) E SE ESTAO ATADAS NA ZONA | W25: NF=> | Y25: =IF(Y26="","",Y26-378) -> 1259 | AA25: FLOW=> | AD25: vol(m³)
B26: 16 | C26: MEDIDAS DE TOPO DE FORMA (2380 NO PRIMARIO); (2375 NO NEREDA) | W26: SERIE=> | Y26: =IF(AG6="X",$Y$3+4,"") -> 1637 | AA26: HORA LANÇ =>
B27: 17 | C27: CHAPAS DE INSERTOS / SIKASWELL CHAPA DE TUBULAÇÃO | W27: HORA ROMP. | Y27: CP1 (20H) | AA27: CP2 (20H) | AC27: CP3 (28D) | AD27: CP4 (28D)
B28: 18 | C28: VERIFICAR SE ESTA VIBRANDO EM BAIXO DA TELINHA, EVITAR BROCA NO PINO | W28: RESIST.
B29: 19 | C29: LIMPEZA : SOPRAGEM E COLETA DE ARRAMES
B30: 20 | C30: MOV: 4 X 5TON X 125CB - NEREDA | W30: BT6
B31: 21 | C31: MOV: 4 X 5TON X 125CB + 4 X 5TON X 125ESF. PRIMARIO | H31: = | W31: NF => | Y31: =IF(Y32="","",Y32-378) -> 1260 | AA31: FLOW=> | AD31: vol(m³)
B32: 22 | C32: EMENDAS | W32: SERIE=> | Y32: =IF(AG7="X",$Y$3+5,"") -> 1638 | AA32: HORA LANÇ =>
F33: CABO 1 | H33: CABO 2 | J33: CABO 3 | L33: CABO 4 | N33: CABO 5 | P33: CABO 6 | R33: CABO 7 | T33: CABO 8 | W33: HORA ROMP. | Y33: CP1 (20H) | AA33: CP2 (20H) | AC33: CP3 (28D) | AD33: CP4 (28D)
C34: COLETAR CABOS | W34: RESIST.
F36: CABO 09 | H36: CABO 10 | J36: CABO 11 | L36: CABO 12 | N36: CABO 13 | P36: CABO 14 | R36: CABO 15 | T36: CABO 16
C37: COLETAR CABOS
F39: BOBINA N° | J39: 1063123216
F40: DATA: | J40: 45860
J41: 3
B42: NUMERO CONCRETAGEM | D42: =D3 -> 169 | E42: QUAL É A OBRA | F42: NEREDA | H42: NEREDA | J42: NEREDA | L42: NEREDA | N42: NEREDA | P42: NEREDA | R42: NEREDA | T42: PRIMARIO
A43: data: | E43: Placa n° => | F43: =F4 -> PR_PE-98 | H43: =H4 -> PN-292-A | J43: =J4 -> PLACA TESTE | L43: =L4 -> 0 | N43: =N4 -> 0 | P43: =P4 -> 0 | R43: =R4 -> 0 | T43: =T4 -> 0
E44: TIPO | F44: =F5 -> PEV | H44: =H5 -> #N/A | J44: =J5 -> #N/A | L44: =L5 -> #N/A | N44: =N5 -> #N/A | P44: =P5 -> #N/A | R44: =R5 -> #N/A | T44: =T5 -> #N/A
B45: RELATORIO POS ROMPIMENTO
B46: 1 | D46: VISTORIA SUPERFICIAL SE HÁ FISSURAS
B47: 2 | D47: VERIFICAR SE HÁ QUEBRAS DURANTE A DESFORMA
B48: 3 | D48: VERIFICAR SE FORAM ARMAZENDAS CORRETAMENTE
B49: 4 | D49: VERIFICAR SE ALGUMA IMPERFEIÇÃO NOTAVEM NO ATO DA DESFORMA
B50: 5 | D50: VERIFICAR SE BOLHAS DE AR LADO DIREITO
B51: 6 | D51: VERIFICAR SE MICROFISSURAS SUPERFICIAIS NA PLACA
B52: 7
B53: 8
B54: 9
B55: 10
B56: 11
B57: 12
B58: 13
B59: 14

Sheet SC-10 PN2 PRIMARIO
E1: BETONEIRA | AE1: BT1 | AQ1: data | AR1: se concretada marque "x" | AS1: se concretado | AT1: IDENT. TANQUE | AU1: PLACA | AY1: TIPO
AE2: NF=> | AG2: =AG3-378 -> 791 | AI2: FLOW=> | AL2: vol(m³) | AN2: 1 | AO2: X
B3: NUMERO CONCRETAGEM | D3: =MAX(' CADASTRO'!C2:C999) -> 169 | E3: QUAL É A OBRA | F3: PRIMARIO | H3: PRIMARIO | J3: PRIMARIO | L3: PRIMARIO | N3: PRIMARIO | P3: PRIMARIO | R3: PRIMARIO | T3: PRIMARIO | V3: PRIMARIO | X3: PRIMARIO | Z3: PRIMARIO | AB3: PRIMARIO | AE3: SERIE=> | AG3: 1169 | AI3: HORA LANÇ => | AN3: 2 | AO3: X
A4: data: | C4: =TODAY()+1 -> 46008 | E4: Placa n° => | F4: PR_PN-89 | H4: PR_PN-90 | J4: PR_PN-91 | L4: PR_PN-92 | N4: PR_PN-94 | P4: PR_PN-96 | R4: PR_PN-100 | T4: PR_PN-101 | V4: PR_PNI-63 | X4: PR_PN-102 | Z4: PR_PNI-69 | AB4: PR_PNI-75 | AE4: HORA ROMP. | AG4: CP1 (20H) | AI4: CP2 (20H) | AK4: CP3 (28D) | AL4: CP4 (28D) | AN4: 3 | AO4: X
E5: TIPO | F5: =VLOOKUP(F4,' CADASTRO'!$I$2:$J$999,2,0) -> P | H5: =VLOOKUP(H4,' CADASTRO'!$I$2:$J$999,2,0) -> P | J5: =VLOOKUP(J4,' CADASTRO'!$I$2:$J$999,2,0) -> P | L5: =VLOOKUP(L4,' CADASTRO'!$I$2:$J$999,2,0) -> P | N5: =VLOOKUP(N4,' CADASTRO'!$I$2:$J$999,2,0) -> P | P5: =VLOOKUP(P4,' CADASTRO'!$I$2:$J$999,2,0) -> P | R5: =VLOOKUP(R4,' CADASTRO'!$I$2:$J$999,2,0) -> P | T5: =VLOOKUP(T4,' CADASTRO'!$I$2:$J$999,2,0) -> P | V5: =VLOOKUP(V4,' CADASTRO'!$I$2:$J$999,2,0) -> PNI | X5: =VLOOKUP(X4,' CADASTRO'!$I$2:$J$999,2,0) -> P | Z5: =VLOOKUP(Z4,' CADASTRO'!$I$2:$J$999,2,0) -> PNI | AB5: =VLOOKUP(AB4,' CADASTRO'!$I$2:$J$999,2,0) -> PNI | AE5: RESIST. | AN5: 4 | AO5: X
A6: HORA INICIO | E6: INSERTS | F6: =VLOOKUP(F4,' CADASTRO'!$I$2:$Q$993,9,0) -> NÃO TEM CHAPA | H6: =VLOOKUP(H4,' CADASTRO'!$I$2:$Q$993,9,0) -> NÃO TEM CHAPA | J6: =VLOOKUP(J4,' CADASTRO'!$I$2:$Q$993,9,0) -> NÃO TEM CHAPA | L6: =VLOOKUP(L4,' CADASTRO'!$I$2:$Q$993,9,0) -> NÃO TEM CHAPA | N6: =VLOOKUP(N4,' CADASTRO'!$I$2:$Q$993,9,0) -> NÃO TEM CHAPA | P6: =VLOOKUP(P4,' CADASTRO'!$I$2:$Q$993,9,0) -> NÃO TEM CHAPA | R6: =VLOOKUP(R4,' CADASTRO'!$I$2:$Q$993,9,0) -> NÃO TEM CHAPA | T6: =VLOOKUP(T4,' CADASTRO'!$I$2:$Q$993,9,0) -> NÃO TEM CHAPA | V6: =VLOOKUP(V4,' CADASTRO'!$I$2:$Q$993,9,0) -> 02- 150X150 #3/8 | X6: =VLOOKUP(X4,' CADASTRO'!$I$2:$Q$993,9,0) -> NÃO TEM CHAPA | Z6: =VLOOKUP(Z4,' CADASTRO'!$I$2:$Q$993,9,0) -> 02- 150X150 #3/8 | AB6: =VLOOKUP(AB4,' CADASTRO'!$I$2:$Q$993,9,0) -> 02- 150X150 #3/8 | AE6: BT2 | AN6: 5 | AO6: X
C7: PISTA -002 | AN7: 6 | AO7: X
E8: FORMAS | F8: F1 | H8: F2 | J8: F3 | L8: F4 | N8: F5 | P8: F6 | R8: F7 | T8: F8 | V8: F9 | X8: F10 | Z8: F11 | AB8: F12 | AE8: NF=> | AG8: =IF(AG9="","",AG9-378) -> 792 | AI8: FLOW=> | AL8: vol(m³)
B9: item | C9: descrição das inspeções | F9: ok | G9: corrigir | H9: ok | I9: corrigir | J9: ok | K9: corrigir | L9: ok | M9: corrigir | N9: ok | O9: corrigir | P9: ok | Q9: corrigir | R9: ok | S9: corrigir | T9: ok | U9: corrigir | V9: ok | W9: corrigir | X9: ok | Y9: corrigir | Z9: ok | AA9: corrigir | AB9: ok | AC9: corrigir | AE9: SERIE=> | AG9: =IF(AO3="X",AG3+1,"") -> 1170 | AI9: HORA LANÇ =>
AE10: HORA ROMP. | AG10: CP1 (20H) | AI10: CP2 (20H) | AK10: CP3 (28D) | AL10: CP4 (28D)
B11: 1 | C11: QTDE DE CABOS E ALONGAMENTOS 16 C 321A356 | AE11: RESIST.
B12: 2 | C12: PÉ 2X M24 | AE12: BT3
B13: 3 | C13: INJETOR 1X | AE13: NF=> | AG13: =IF(AG14="","",AG14-378) -> 793 | AI13: FLOW=> | AL13: vol(m³)
B14: 4 | C14: VERIFICAR MEDIDA TPO PLACA ATE CANALETA 1,225 | AE14: SERIE=> | AG14: =IF(AO4="X",$AG$3+2,"") -> 1171 | AI14: HORA LANÇ =>
B15: 5 | C15: JUNÇÃO 3/8 X 25 MM FLUTUADOR 2X | AE15: HORA ROMP. | AG15: CP1 (20H) | AI15: CP2 (20H) | AK15: CP3 (28D) | AL15: CP4 (28D)
B16: 6 | C16: ESCORA 5,50 DO PÉ 5/8 | AE16: RESIST.
B17: 7 | C17: RECOBRIMENTO SUPERIOR/ INFERIOR E LATERIAS
B18: 8 | C18: VIGAS LATERAIAS (ESTRIBOS E BARRAS) | AE18: BT4
B19: 9 | C19: ÂNGULO DE A CADA 5 CONCRETAGEM | AE19: NF=> | AG19: =IF(AG20="","",AG20-378) -> 794 | AI19: FLOW=> | AL19: vol(m³)
B20: 10 | C20: REFORÇO DE CABEÇA E PE | AE20: SERIE => | AG20: =IF(AO5="X",$AG$3+3,"") -> 1172 | AI20: HORA LANÇ =>
B21: 11 | C21: ESPAÇADOR DE TELA A TELA E VIGA | AE21: HORA ROMP. | AG21: CP1 (20H) | AI21: CP2 (20H) | AK21: CP3 (28D) | AL21: CP4 (28D)
B22: 12 | C22: FECHAMENTO FORMA LATERAL (PINAGEM) (dois lados) | AE22: RESIST.
B23: 13 | C23: DIMENSÕES DA PLACA (DIVISORIA ESCOSTADAS NA TRAVA)
B24: 14 | C24: TELAS SUPERIOR E INFERIOR ESTAO ATADAS | AE24: BT5
B25: 15 | C25: QTDE DE BAINHAS (12 NO NEREDA E 6 NO PRIMARIO) E SE ESTAO ATADAS NA ZONA | AE25: NF=> | AI25: FLOW=> | AL25: vol(m³)
B26: 16 | C26: MEDIDAS DE TOPO DE FORMA (2380 NO PRIMARIO); (2375 NO NEREDA) | AE26: SERIE=> | AI26: HORA LANÇ =>
B27: 17 | C27: CHAPAS DE INSERTOS | AE27: HORA ROMP. | AG27: CP1 (20H) | AI27: CP2 (20H) | AK27: CP3 (28D) | AL27: CP4 (28D)
B28: 18 | C28: SIKASWELL CHAPA DE TUBULAÇÃO | AE28: RESIST.
B29: 19 | C29: LIMPEZA : SOPRAGEM E COLETA DE ARRAMES
B30: 20 | AE30: BT6
B31: 21 | C31: MOV: 4 X 5TON X 125CB + 4 X 5TON X 125ESF. PRIMARIO | AE31: NF => | AI31: FLOW=> | AL31: vol(m³)
B32: 22 | C32: EMENDAS | AE32: SERIE=> | AI32: HORA LANÇ =>
F33: CABO 1 | H33: CABO 2 | J33: CABO 3 | L33: CABO 4 | N33: CABO 5 | P33: CABO 6 | R33: CABO 7 | T33: CABO 8 | AE33: HORA ROMP. | AG33: CP1 (20H) | AI33: CP2 (20H) | AK33: CP3 (28D) | AL33: CP4 (28D)
AE34: RESIST.
F36: CABO 09 | H36: CABO 10 | J36: CABO 11 | L36: CABO 12 | N36: CABO 13 | P36: CABO 14 | R36: CABO 15 | T36: CABO 16
F39: BOBINA N° | J39: 1062631306 | R39: BOBINA N° | V39: 1062631306
F40: DATA: | J40: 45760 | R40: DATA: | V40: 45760
B42: NUMERO CONCRETAGEM | D42: =D3 -> 169 | E42: QUAL É A OBRA | F42: NEREDA | H42: NEREDA | J42: NEREDA | L42: NEREDA | N42: NEREDA | P42: NEREDA | R42: NEREDA | T42: NEREDA | V42: NEREDA | X42: NEREDA | Z42: NEREDA | AB42: PRIMARIO
A43: data: | E43: Placa n° => | F43: =F4 -> PR_PN-89 | H43: =H4 -> PR_PN-90 | J43: =J4 -> PR_PN-91 | L43: =L4 -> PR_PN-92 | N43: =N4 -> PR_PN-94 | P43: =P4 -> PR_PN-96 | R43: =R4 -> PR_PN-100 | T43: =T4 -> PR_PN-101 | V43: =V4 -> PR_PNI-63 | X43: =X4 -> PR_PN-102 | Z43: =Z4 -> PR_PNI-69 | AB43: =AB4 -> PR_PNI-75
E44: TIPO | F44: =F5 -> P | H44: =H5 -> P | J44: =J5 -> P | L44: =L5 -> P | N44: =N5 -> P | P44: =P5 -> P | R44: =R5 -> P | T44: =T5 -> P | V44: =V5 -> PNI | X44: =X5 -> P | Z44: =Z5 -> PNI | AB44: =AB5 -> PNI
B45: RELATORIO POS ROMPIMENTO
B46: 1 | D46: VISTORIA SUPERFICIAL SE HÁ FISSURAS
B47: 2 | D47: VERIFICAR SE HÁ QUEBRAS DURANTE A DESFORMA
B48: 3 | D48: VERIFICAR SE FORAM ARMAZENDAS CORRETAMENTE
B49: 4 | D49: VERIFICAR SE ALGUMA IMPERFEIÇÃO NOTAVEM NO ATO DA DESFORMA
B50: 5 | D50: VERIFICAR SE BOLHAS DE AR LADO DIREITO
B51: 6 | D51: VERIFICAR SE MICROFISSURAS SUPERFICIAIS NA PLACA
B52: 7
B53: 8
B54: 9
B55: 10
B56: 11
B57: 12
B58: 13
B59: 14
B60: 15

Sheet SC10(pf)
B1: NUMERO CONCRETAGEM | D1: =MAX(' CADASTRO'!C:C) -> 169 | E1: QUAL É A OBRA | H1: NEREDA | M1: CERTIFICADO | R1: vol(m3) | S1: flow | T1: NF | U1: SERIE
A2: data: | C2: =TODAY() -> 46007 | E2: Placa n° => | H2: AER 2_PF-155 | M2: 1063497359 | Q2: bt1 | U2: 1631 | V2: 378
E3: TIPO | F3: P | H3: P | M3: DATA DE FAB | Q3: bt2
A4: HORA INICIO | E4: INSERTS | H4: =VLOOKUP(H2,' CADASTRO'!$I$2:$Q$993,9,0) -> #N/A | M4: 45932
C5: PISTA -PF
E6: FORMAS | F6: F1 | H6: F2
B7: item | C7: descrição das inspeções | F7: ok | G7: corrigir | H7: ok | I7: corrigir | J7: ok | K7: corrigir | V7: BT1 | W7: SERIE: | X7: =U2 -> 1631
B9: 1 | C9: QTDE DE CABOS E ALONGAMENTOS 18 Cabos 105A120 | M9: CABO | N9: ALONG. | P9: ok | Q9: observação | V9: CP1
B10: 2 | C10: PÉ 2X M36 | M10: CABO 1 | Q10: ** inserir luva #5/8 para escora aparatir de 1,50mts de altura, desixando recuado 5 mm para dentro da placa
B11: 3 | C11: INJETOR 1X | M11: CABO 2 | Q11: ** chapa de ancoragem 100x220x19 mm 1 em cada bainha | V11: CP1
B12: 4 | C12: TELA VIVEIRO E REFORÇO 16 MM EM CIMA DOS PINOS IÇAMENTOS 4X 10 TON/340 3 "u" 10 MM E 1 BARRA 1 MTS - nereda | M12: CABO 3 | Q12: ** verificar se molas não estao tocando o fundo do painels
B13: 5 | C13: JUNÇÃO 3/8 X 25 MM FLUTUADOR 2X | M13: CABO 4 | Q13: ** verificar se total bainhas estao bem vedadas, para não entra concreto nelas,
B14: 6 | C14: ESCORA 6,00 DO PÉ 5/8 | M14: CABO 5 | Q14: ** verificar e total toquinho de madeiras foram devidademente envelopados com lona - ajuda na desforma | V14: BT2 | W14: SERIE: | X14: =X7+1 -> 1632
B15: 7 | C15: RECOBRIMENTO SUPERIOR/ INFERIOR E LATERIAS | M15: CABO 6 | V15: CP1
B16: 8 | C16: VIGAS LATERAIAS (ESTRIBOS E BARRAS) | M16: CABO 7
B17: 9 | C17: ÂNGULO DE A CADA CONCRETAGEM | M17: CABO 8 | V17: CP1
B18: 10 | C18: REFORÇO DE CABEÇA E PE | M18: CABO 9
B19: 11 | C19: ESPAÇADOR DE TELA A TELA E VIGA (36X) | M19: CABO 10
B20: 12 | C20: FECHAMENTO FORMA LATERAL (PINAGEM) (dois lados) | M20: CABO 11 | V20: BT3 | W20: SERIE:
B21: 13 | C21: DIMENSÕES DA PLACA (DIVISORIA ESCOSTADAS NA TRAVA) | M21: CABO 12 | V21: CP1
B22: 14 | C22: TELAS SUPERIOR E INFERIOR ESTAO ATADAS | M22: CABO 13
B23: 15 | C23: QTDE DE BAINHAS (27 bainhas | M23: CABO 14 | V23: CP1
B24: 16 | C24: MEDIDAS DE TOPO DE FORMA (2378 NO aerador1 ) | M24: CABO 15
B25: 17 | C25: CHAPAS DE INSERTOS | M25: CABO 16
B26: 18 | C26: SIKASWELL CHAPA DE TUBULAÇÃO | M26: CABO 17
B27: 19 | C27: LIMPEZA : SOPRAGEM E COLETA DE ARRAMES | M27: CABO 18
B28: 20 | C28: MOV: 8 X 7,5TON X 175 esf
B29: 21
B30: 22 | C30: EMENDAS
B40: NUMERO CONCRETAGEM | D40: =D1 -> 169 | E40: QUAL É A OBRA | F40: NEREDA | H40: NEREDA | J40: NEREDA | L40: NEREDA | N40: NEREDA | P40: NEREDA | R40: NEREDA | T40: PRIMARIO
A41: data: | E41: Placa n° => | F41: =F2 -> 0 | H41: =H2 -> AER 2_PF-155 | J41: =J2 -> 0 | L41: =L2 -> 0 | N41: =N2 -> 0 | P41: =P2 -> 0 | R41: =R2 -> 0 | T41: =#REF! -> #REF!
E42: TIPO | F42: =F3 -> P | H42: =H3 -> P | J42: =J3 -> 0 | L42: =L3 -> 0 | N42: =N3 -> 0 | P42: =P3 -> 0 | R42: =R3 -> 0 | T42: =T3 -> 0
B43: RELATORIO POS ROMPIMENTO
B44: 1 | D44: VISTORIA SUPERFICIAL SE HÁ FISSURAS
B45: 2 | D45: VERIFICAR SE HÁ QUEBRAS DURANTE A DESFORMA
B46: 3 | D46: VERIFICAR SE FORAM ARMAZENDAS CORRETAMENTE
B47: 4 | D47: VERIFICAR SE ALGUMA IMPERFEIÇÃO NOTAVEM NO ATO DA DESFORMA
B48: 5 | D48: VERIFICAR SE BOLHAS DE AR LADO DIREITO
B49: 6 | D49: VERIFICAR SE MICROFISSURAS SUPERFICIAIS NA PLACA
B50: 7
B51: 8
B52: 9
B53: 10
B54: 11
B55: 12
B56: 13
B57: 14
B58: 15
B59: 16
B60: 17
B61: 18
... B65: 22
L66: BT1
L67: NF=> | N67: =N68-378 -> 1253 | P67: FLOW=> | S67: vol(m³)
L68: SERIE=> | N68: =U2 -> 1631 | P68: HORA LANÇ =>
L69: HORA ROMP. | N69: CP1 (20H) | P69: CP2 (20H) | R69: CP3 (28D) | S69: CP4 (28D)
L70: RESIST.
L72: BT2
L73: NF=> | N73: =N74-378 -> 1254 | P73: FLOW=> | S73: vol(m³)
L74: SERIE=> | N74: =N68+1 -> 1632 | P74: HORA LANÇ =>
L75: HORA ROMP. | N75: CP1 (20H) | P75: CP2 (20H) | R75: CP3 (28D) | S75: CP4 (28D)
L76: RESIST.

Sheet equipe
T1: SEMANA
B2: =COUNTIF(C3:C20,1) -> 10 | E2: =COUNTIF(F3:F11,1) -> 6 | H2: =COUNTIF(I3:I11,1) -> 6 | K2: =COUNTIF(L4:L11,1) -> 3 | N2: SOBRANDO | T2: EQUIPES: | U2: PISTA | W2: EQUIPES: | X2: CONCRETAGEM | Z2: EQUIPES: | AA2: ACABAMENTO | AC2: EQUIPES: | AD2: TELA / CORTE DE FERRAGENS | AF2: EQUIPES: | AG2: FORMAS ESPECIAIS E CORTE/QUEIMA DE CABOS
A3: EQUIPES: | B3: PISTA | D3: EQUIPES: | E3: CONCRETAGEM | G3: EQUIPES: | H3: ACABAMENTO | J3: EQUIPES: | K3: TELA | N3: UALISON | O3: 1 | Q3: =SUM(O3:O8)+Q12 -> 30 | T3: ANTONIO GONCALVES | W3: FABIO | Z3: PABLO | AC3: VINICIUS | AF3: FABRICIO | AI3: TOTAL NA SEMANA COM CONSELMAR
A4: ANTONIO GONCALVES | C4: =IF(A4="","",1) -> 1 | D4: FABIO | F4: =IF(D4="","",1) -> 1 | G4: PABLO | I4: =IF(G4="","",1) -> 1 | J4: VINICIUS | L4: =IF(J4="","",1) -> 1 | N4: ANTONIO GONÇALVES | O4: 1 | T4: UALISON | W4: JAILSON | Z4: JOBSON | AC4: PEDRO HENRIQUE | AF4: LUACIANO
A5: UALISON | C5: =IF(A5="","",1) -> 1 | D5: JAILSON | F5: =IF(D5="","",1) -> 1 | G5: JOBSON | I5: =IF(G5="","",1) -> 1 | J5: PEDRO HENRIQUE | L5: =IF(J5="","",1) -> 1 | N5: EDUARDO | O5: 1 | T5: CONSELMAR | W5: JOAO BISPO | Z5: DANIEL | AC5: GABRIEL FIGUEIREDO
A6: CONSELMAR | C6: =IF(A6="","",1) -> 1 | D6: JOAO BISPO | F6: =IF(D6="","",1) -> 1 | G6: DANIEL | I6: =IF(G6="","",1) -> 1 | J6: GABRIEL FIGUEIREDO | L6: =IF(J6="","",1) -> 1 | N6: WISLEY | O6: 1 | T6: CONSELMAR | W6: RODRIGO | Z6: JESUS | AC6: EDUARDO | AI6: 35
A7: CONSELMAR | C7: =IF(A7="","",1) -> 1 | D7: RODRIGO | F7: =IF(D7="","",1) -> 1 | G7: JESUS | I7: =IF(G7="","",1) -> 1 | L7: =IF(J7="","",1) | N7: FABRICIO | O7: 1 | T7: CONSELMAR | W7: GABRIEL SERRANO | Z7: DEIVD
A8: CONSELMAR | C8: =IF(A8="","",1) -> 1 | D8: GABRIEL SERRANO | F8: =IF(D8="","",1) -> 1 | G8: DEIVD | I8: =IF(G8="","",1) -> 1 | L8: =IF(J8="","",1) | O8: 1 | T8: CONSELMAR | W8: RCHARD | Z8: ESDSON
A9: CONSELMAR | C9: =IF(A9="","",1) -> 1 | D9: RCHARD | F9: =IF(D9="","",1) -> 1 | G9: ESDSON | I9: =IF(G9="","",1) -> 1 | T9: CONSELMAR | W9: WISLEY
A10: CONSELMAR | C10: =IF(A10="","",1) -> 1 | F10: =IF(D10="","",1) | T10: CONSELMAR
A11: CONSELMAR | C11: =IF(A11="","",1) -> 1 | F11: =IF(D11="","",1) | I11: =IF(G11="","",1) | L11: =IF(J11="","",1)
A12: EDUARDO | C12: =IF(A12="","",1) -> 1 | D12: =COUNTIF(F13:F20,"1") -> 4 | G12: =COUNT(I13:I20,"1") -> 3 | K12: =COUNTIF(L14:L20,"1") -> 2 | L12: =IF(J12="","",1) | Q12: =K12+K2+G12+H2+E2+D12 -> 24 | W12: EQUIPES: | X12: USINA | Z12: EQUIPES: | AA12: MOVIMENTAÇÃO | AC12: EQUIPES: | AD12: PRE MONTAGENS
A13: WISLEY | C13: =IF(A13="","",1) -> 1 | D13: EQUIPES: | E13: USINA | G13: EQUIPES: | H13: MOVIMENTAÇÃO | J13: EQUIPES: | K13: PRE MONTAGENS | W13: RENATO | Z13: WALBERT | AC13: GABRIEL ROCHA
C14: =IF(A14="","",1) | D14: RENATO | F14: =IF(D14="","",1) -> 1 | G14: WALBERT | I14: =IF(G14="","",1) -> 1 | J14: GABRIEL ROCHA | L14: =IF(J14="","",1) -> 1 | W14: JOÃO RIBEIRO | Z14: ADRIANO TAVARES | AC14: GILMAR ARMADOR
C15: =IF(A15="","",1) | D15: JOÃO RIBEIRO | F15: =IF(D15="","",1) -> 1 | G15: ADRIANO TAVARES | I15: =IF(G15="","",1) -> 1 | J15: GILMAR ARMADOR | L15: =IF(J15="","",1) -> 1 | W15: EDER
C16: =IF(A16="","",1) | D16: EDER | F16: =IF(D16="","",1) -> 1 | I16: =IF(G16="","",1) | L16: =IF(J16="","",1) | W16: CARLOS SAMUEL
C17: =IF(A17="","",1) | D17: CARLOS SAMUEL | F17: =IF(D17="","",1) -> 1 | I17: =IF(G17="","",1) | L17: =IF(J17="","",1)
C18: =IF(A18="","",1) | F18: =IF(D18="","",1) | I18: =IF(G18="","",1) | L18: =IF(J18="","",1)
C19: =IF(A19="","",1) | F19: =IF(D19="","",1) | I19: =IF(G19="","",1) | L19: =IF(J19="","",1)
C20: =IF(A20="","",1) | F20: =IF(D20="","",1) | T20: SABADO
T21: EQUIPES: | U21: PISTA | W21: EQUIPES: | X21: CONCRETAGEM | Z21: EQUIPES: | AA21: ACABAMENTO | AC21: EQUIPES: | AD21: TELA / CORTE DE FERRAGENS | AF21: EQUIPES: | AG21: FORMAS ESPECIAIS E CORTE/QUEIMA DE CABOS
T22: ANTONIO GONCALVES | W22: FABIO | AC22: VINICIUS
T23: UALISON
T24: CONSELMAR | AC24: GABRIEL FIGUEIREDO
T25: CONSELMAR | W25: RODRIGO | Z25: JESUS
T26: CONSELMAR | W26: GABRIEL SERRANO
T27: CONSELMAR | AI27: TOTAL NA SABADO COM CONSELMAR
T28: CONSELMAR | W28: WISLEY
T29: CONSELMAR
AI30: 21
W31: EQUIPES: | X31: USINA | Z31: EQUIPES: | AA31: MOVIMENTAÇÃO | AC31: EQUIPES: | AD31: PRE MONTAGENS
W32: RENATO | Z32: WALBERT | AC32: GABRIEL ROCHA
W33: JOÃO RIBEIRO
W34: EDER
W35: CARLOS SAMUEL

Sheet ACABAMENTO
A1: TOTAKL GERAL | B1: =SUM(J1,J2) -> 795 | I1: NEREDA | J1: =SUMIF(' CADASTRO'!T2:$T$745,"1") -> 721 | L1: GALPÃO 1 | O1: =SUMIFS(' CADASTRO'!T:T,' CADASTRO'!S:S,"PN-001",' CADASTRO'!T:T,"1") -> 455 | P1: jobson | Q1: JESUS
I2: PRIMARIO | J2: =SUMIF(' CADASTRO'!T746:$T$892,"1") -> 74 | L2: GALPÃO 2 | O2: =SUMIFS(' CADASTRO'!T:T,' CADASTRO'!S:S,"PN-002",' CADASTRO'!T:T,"1") -> 477 | P2: pablo | Q2: DEIVED | R2: DANIEL
S3: 4 placas/dia
B4: INICIO | D4: seg | I4: TÉRMINIO | J4: =SUM(J5:J28) -> 402 | L4: =TEXT(B5,"DDD") -> seg | M4: =TEXT(D5,"DDD") -> ter | N4: =TEXT(E5,"DDD") -> qua | O4: =TEXT(F5,"DDD") -> qui | P4: =TEXT(G5,"DDD") -> sex | Q4: =TEXT(H5,"DDD") -> sáb | R4: =TEXT(I5,"DDD") -> dom | S4: media | T4: %
A5: SEMANA 1 | B5: 45733 | C5: 6 | D5: =B5+1 -> 45734 | E5: =D5+1 -> 45735 | F5: =E5+1 -> 45736 | G5: =F5+1 -> 45737 | H5: =G5+1 -> 45738 | I5: =B5+C5 -> 45739 | J5: =COUNTIFS(' CADASTRO'!$R$2:$R$993,ACABAMENTO!B5)+COUNTIFS(' CADASTRO'!$R$2:$R$993,D5)+COUNTIFS(' CADASTRO'!$R$2:R$993,E5)+COUNTIFS(' CADASTRO'!$R$2:$R$993,F5)+COUNTIFS(' CADASTRO'!$R$2:$R$993,G5)+COUNTIFS(' CADASTRO'!$R$2:$R$993,H5)+COUNTIFS(' CADASTRO'!$R$2:$R$993,I5) -> 2 | L5: =IF(B5="","",COUNTIFS(' CADASTRO'!$R$2:$R$993,ACABAMENTO!B5)) -> 0 | M5: =IF(D5=0,"",COUNTIFS(' CADASTRO'!$R$2:R$993,ACABAMENTO!D5)) -> 0 | N5: =COUNTIFS(' CADASTRO'!$R$2:R$993,ACABAMENTO!E5) -> 0 | O5: =COUNTIFS(' CADASTRO'!$R$2:R$993,ACABAMENTO!F5) -> 0 | P5: =COUNTIFS(' CADASTRO'!$R$2:R$993,ACABAMENTO!G5) -> 0 | Q5: =COUNTIFS(' CADASTRO'!$R$2:R$993,ACABAMENTO!H5) -> 2 | R5: =COUNTIFS(' CADASTRO'!$R$2:R$993,ACABAMENTO!I5) -> 0 | S5: =SUM(L5:Q5)/6 -> 0.33333333 | T5: =SUM(L5:R5)/24 -> 0.083333333
A6: SEMANA 2 | B6: =I5+1 -> 45740 | C6: 6 | D6: =B6+1 -> 45741 | E6: =D6+1 -> 45742 | F6: =E6+1 -> 45743 | G6: =F6+1 -> 45744 | H6: =G6+1 -> 45745 | I6: =B6+C6 -> 45746 | J6: =COUNTIFS(' CADASTRO'!$R$2:$R$993,ACABAMENTO!B6)+COUNTIFS(' CADASTRO'!$R$2:$R$993,D6)+COUNTIFS(' CADASTRO'!$R$2:R$993,E6)+COUNTIFS(' CADASTRO'!$R$2:$R$993,F6)+COUNTIFS(' CADASTRO'!$R$2:$R$993,G6)+COUNTIFS(' CADASTRO'!$R$2:$R$993,H6)+COUNTIFS(' CADASTRO'!$R$2:$R$993,I6) -> 11 | L6: =IF(B6="","",COUNTIFS(' CADASTRO'!$R$2:$R$993,ACABAMENTO!B6)) -> 2 | M6: =IF(D6=0,"",COUNTIFS(' CADASTRO'!$R$2:R$993,ACABAMENTO!D6)) -> 3 | N6: =COUNTIFS(' CADASTRO'!$R$2:R$993,ACABAMENTO!E6) -> 0 | O6: =COUNTIFS(' CADASTRO'!$R$2:R$993,ACABAMENTO!F6) -> 2 | P6: =COUNTIFS(' CADASTRO'!$R$2:R$993,ACABAMENTO!G6) -> 1 | Q6: =COUNTIFS(' CADASTRO'!$R$2:R$993,ACABAMENTO!H6) -> 3 | R6: =COUNTIFS(' CADASTRO'!$R$2:R$993,ACABAMENTO!I6) -> 0 | S6: =SUM(L6:Q6)/6 -> 1.8333333 | T6: =SUM(L6:R6)/24 -> 0.45833333
A7: SEMANA 3 | B7: =I6+1 -> 45747 | C7: 6 | D7: =B7+1 -> 45748 | E7: =D7+1 -> 45749 | F7: =E7+1 -> 45750 | G7: =F7+1 -> 45751 | H7: =G7+1 -> 45752 | I7: =B7+C7 -> 45753 | J7: =COUNTIFS(' CADASTRO'!$R$2:$R$993,ACABAMENTO!B7)+COUNTIFS(' CADASTRO'!$R$2:$R$993,D7)+COUNTIFS(' CADASTRO'!$R$2:R$993,E7)+COUNTIFS(' CADASTRO'!$R$2:$R$993,F7)+COUNTIFS(' CADASTRO'!$R$2:$R$993,G7)+COUNTIFS(' CADASTRO'!$R$2:$R$993,H7)+COUNTIFS(' CADASTRO'!$R$2:$R$993,I7) -> 19 | L7: =IF(B7="","",COUNTIFS(' CADASTRO'!$R$2:$R$993,ACABAMENTO!B7)) -> 2 | M7: =IF(D7=0,"",COUNTIFS(' CADASTRO'!$R$2:R$993,ACABAMENTO!D7)) -> 4 | N7: =COUNTIFS(' CADASTRO'!$R$2:R$993,ACABAMENTO!E7) -> 3 | O7: =COUNTIFS(' CADASTRO'!$R$2:R$993,ACABAMENTO!F7) -> 2 | P7: =COUNTIFS(' CADASTRO'!$R$2:R$993,ACABAMENTO!G7) -> 2 | Q7: =COUNTIFS(' CADASTRO'!$R$2:R$993,ACABAMENTO!H7) -> 6 | R7: =COUNTIFS(' CADASTRO'!$R$2:R$993,ACABAMENTO!I7) -> 0 | S7: =SUM(L7:Q7)/6 -> 3.1666667 | T7: =SUM(L7:R7)/24 -> 0.79166667
A8: SEMANA 4 | B8: =I7+1 -> 45754 | C8: 6 | D8: =B8+1 -> 45755 | E8: =D8+1 -> 45756 | F8: =E8+1 -> 45757 | G8: =F8+1 -> 45758 | H8: =G8+1 -> 45759 | I8: =B8+C8 -> 45760 | J8: =COUNTIFS(' CADASTRO'!$R$2:$R$993,ACABAMENTO!B8)+COUNTIFS(' CADASTRO'!$R$2:$R$993,D8)+COUNTIFS(' CADASTRO'!$R$2:R$993,E8)+COUNTIFS(' CADASTRO'!$R$2:$R$993,F8)+COUNTIFS(' CADASTRO'!$R$2:$R$993,G8)+COUNTIFS(' CADASTRO'!$R$2:$R$993,H8)+COUNTIFS(' CADASTRO'!$R$2:$R$993,I8) -> 12 | L8: =IF(B8="","",COUNTIFS(' CADASTRO'!$R$2:$R$993,ACABAMENTO!B8)) -> 2 | M8: =IF(D8=0,"",COUNTIFS(' CADASTRO'!$R$2:R$993,ACABAMENTO!D8)) -> 0 | N8: =COUNTIFS(' CADASTRO'!$R$2:R$993,ACABAMENTO!E8) -> 4 | O8: =COUNTIFS(' CADASTRO'!$R$2:R$993,ACABAMENTO!F8) -> 0 | P8: =COUNTIFS(' CADASTRO'!$R$2:R$993,ACABAMENTO!G8) -> 6 | Q8: =COUNTIFS(' CADASTRO'!$R$2:R$993,ACABAMENTO!H8) -> 0 | R8: =COUNTIFS(' CADASTRO'!$R$2:R$993,ACABAMENTO!I8) -> 0 | S8: =SUM(L8:Q8)/6 -> 2 | T8: =SUM(L8:R8)/24 -> 0.5
A9: SEMANA 5 | B9: =I8+1 -> 45761 | C9: 6 | D9: =B9+1 -> 45762 | E9: =D9+1 -> 45763 | F9: =E9+1 -> 45764 | G9: =F9+1 -> 45765 | H9: =G9+1 -> 45766 | I9: =B9+C9 -> 45767 | J9: =COUNTIFS(' CADASTRO'!$R$2:$R$993,ACABAMENTO!B9)+COUNTIFS(' CADASTRO'!$R$2:$R$993,D9)+COUNTIFS(' CADASTRO'!$R$2:R$993,E9)+COUNTIFS(' CADASTRO'!$R$2:$R$993,F9)+COUNTIFS(' CADASTRO'!$R$2:$R$993,G9)+COUNTIFS(' CADASTRO'!$R$2:$R$993,H9)+COUNTIFS(' CADASTRO'!$R$2:$R$993,I9) -> 9 | L9: =IF(B9="","",COUNTIFS(' CADASTRO'!$R$2:$R$993,ACABAMENTO!B9)) -> 0 | M9: =IF(D9=0,"",COUNTIFS(' CADASTRO'!$R$2:R$993,ACABAMENTO!D9)) -> 4 | N9: =COUNTIFS(' CADASTRO'!$R$2:R$993,ACABAMENTO!E9) -> 0 | O9: =COUNTIFS(' CADASTRO'!$R$2:R$993,ACABAMENTO!F9) -> 5 | P9: =COUNTIFS(' CADASTRO'!$R$2:R$993,ACABAMENTO!G9) -> 0 | Q9: =COUNTIFS(' CADASTRO'!$R$2:R$993,ACABAMENTO!H9) -> 0 | R9: =COUNTIFS(' CADASTRO'!$R$2:R$993,ACABAMENTO!I9) -> 0 | S9: =SUM(L9:Q9)/6 -> 1.5 | T9: =SUM(L9:R9)/24 -> 0.375
A10: SEMANA 6 | B10: =I9+1 -> 45768 | C10: 6 | D10: =B10+1 -> 45769 | E10: =D10+1 -> 45770 | F10: =E10+1 -> 45771 | G10: =F10+1 -> 45772 | H10: =G10+1 -> 45773 | I10: =B10+C10 -> 45774 | J10: =COUNTIFS(' CADASTRO'!$R$2:$R$993,ACABAMENTO!B10)+COUNTIFS(' CADASTRO'!$R$2:$R$993,D10)+COUNTIFS(' CADASTRO'!$R$2:R$993,E10)+COUNTIFS(' CADASTRO'!$R$2:$R$993,F10)+COUNTIFS(' CADASTRO'!$R$2:$R$993,G10)+COUNTIFS(' CADASTRO'!$R$2:$R$993,H10)+COUNTIFS(' CADASTRO'!$R$2:$R$993,I10) -> 13 | L10: =IF(B10="","",COUNTIFS(' CADASTRO'!$R$2:$R$993,ACABAMENTO!B10)) -> 0 | M10: =IF(D10=0,"",COUNTIFS(' CADASTRO'!$R$2:R$993,ACABAMENTO!D10)) -> 4 | N10: =COUNTIFS(' CADASTRO'!$R$2:R$993,ACABAMENTO!E10) -> 0 | O10: =COUNTIFS(' CADASTRO'!$R$2:R$993,ACABAMENTO!F10) -> 3 | P10: =COUNTIFS(' CADASTRO'!$R$2:R$993,ACABAMENTO!G10) -> 0 | Q10: =COUNTIFS(' CADASTRO'!$R$2:R$993,ACABAMENTO!H10) -> 6 | R10: =COUNTIFS(' CADASTRO'!$R$2:R$993,ACABAMENTO!I10) -> 0 | S10: =SUM(L10:Q10)/6 -> 2.1666667 | T10: =SUM(L10:R10)/24 -> 0.54166667
A11: SEMANA 7 | B11: =I10+1 -> 45775 | C11: 6 | D11: =B11+1 -> 45776 | E11: =D11+1 -> 45777 | F11: =E11+1 -> 45778 | G11: =F11+1 -> 45779 | H11: =G11+1 -> 45780 | I11: =B11+C11 -> 45781 | J11: =COUNTIFS(' CADASTRO'!$R$2:$R$993,ACABAMENTO!B11)+COUNTIFS(' CADASTRO'!$R$2:$R$993,D11)+COUNTIFS(' CADASTRO'!$R$2:R$993,E11)+COUNTIFS(' CADASTRO'!$R$2:$R$993,F11)+COUNTIFS(' CADASTRO'!$R$2:$R$993,G11)+COUNTIFS(' CADASTRO'!$R$2:$R$993,H11)+COUNTIFS(' CADASTRO'!$R$2:$R$993,I11) -> 11 | L11: =IF(B11="","",COUNTIFS(' CADASTRO'!$R$2:$R$993,ACABAMENTO!B11)) -> 1 | M11: =IF(D11=0,"",COUNTIFS(' CADASTRO'!$R$2:R$993,ACABAMENTO!D11)) -> 2 | N11: =COUNTIFS(' CADASTRO'!$R$2:R$993,ACABAMENTO!E11) -> 4 | O11: =COUNTIFS(' CADASTRO'!$R$2:R$993,ACABAMENTO!F11) -> 0 | P11: =COUNTIFS(' CADASTRO'!$R$2:R$993,ACABAMENTO!G11) -> 4 | Q11: =COUNTIFS(' CADASTRO'!$R$2:R$993,ACABAMENTO!H11) -> 0 | R11: =COUNTIFS(' CADASTRO'!$R$2:R$993,ACABAMENTO!I11) -> 0 | S11: =SUM(L11:Q11)/6 -> 1.8333333 | T11: =SUM(L11:R11)/24 -> 0.45833333
A12: SEMANA 8 | B12: =I11+1 -> 45782 | C12: 6 | D12: =B12+1 -> 45783 | E12: =D12+1 -> 45784 | F12: =E12+1 -> 45785 | G12: =F12+1 -> 45786 | H12: =G12+1 -> 45787 | I12: =B12+C12 -> 45788 | J12: =COUNTIFS(' CADASTRO'!$R$2:$R$993,ACABAMENTO!B12)+COUNTIFS(' CADASTRO'!$R$2:$R$993,D12)+COUNTIFS(' CADASTRO'!$R$2:R$993,E12)+COUNTIFS(' CADASTRO'!$R$2:$R$993,F12)+COUNTIFS(' CADASTRO'!$R$2:$R$993,G12)+COUNTIFS(' CADASTRO'!$R$2:$R$993,H12)+COUNTIFS(' CADASTRO'!$R$2:$R$993,I12) -> 12 | L12: =IF(B12="","",COUNTIFS(' CADASTRO'!$R$2:$R$993,ACABAMENTO!B12)) -> 3 | M12: =IF(D12=0,"",COUNTIFS(' CADASTRO'!$R$2:R$993,ACABAMENTO!D12)) -> 2 | N12: =COUNTIFS(' CADASTRO'!$R$2:R$993,ACABAMENTO!E12) -> 4 | O12: =COUNTIFS(' CADASTRO'!$R$2:R$993,ACABAMENTO!F12) -> 0 | P12: =COUNTIFS(' CADASTRO'!$R$2:R$993,ACABAMENTO!G12) -> 3 | Q12: =COUNTIFS(' CADASTRO'!$R$2:R$993,ACABAMENTO!H12) -> 0 | R12: =COUNTIFS(' CADASTRO'!$R$2:R$993,ACABAMENTO!I12) -> 0 | S12: =SUM(L12:Q12)/6 -> 2 | T12: =SUM(L12:R12)/24 -> 0.5
A13: SEMANA 9 | B13: =I12+1 -> 45789 | C13: 6 | D13: =B13+1 -> 45790 | E13: =D13+1 -> 45791 | F13: =E13+1 -> 45792 | G13: =F13+1 -> 45793 | H13: =G13+1 -> 45794 | I13: =B13+C13 -> 45795 | J13: =COUNTIFS(' CADASTRO'!$R$2:$R$993,ACABAMENTO!B13)+COUNTIFS(' CADASTRO'!$R$2:$R$993,D13)+COUNTIFS(' CADASTRO'!$R$2:R$993,E13)+COUNTIFS(' CADASTRO'!$R$2:$R$993,F13)+COUNTIFS(' CADASTRO'!$R$2:$R$993,G13)+COUNTIFS(' CADASTRO'!$R$2:$R$993,H13)+COUNTIFS(' CADASTRO'!$R$2:$R$993,I13) -> 10 | L13: =IF(B13="","",COUNTIFS(' CADASTRO'!$R$2:$R$993,ACABAMENTO!B13)) -> 2 | M13: =IF(D13=0,"",COUNTIFS(' CADASTRO'!$R$2:R$993,ACABAMENTO!D13)) -> 0 | N13: =COUNTIFS(' CADASTRO'!$R$2:R$993,ACABAMENTO!E13) -> 5 | O13: =COUNTIFS(' CADASTRO'!$R$2:R$993,ACABAMENTO!F13) -> 0 | P13: =COUNTIFS(' CADASTRO'!$R$2:R$993,ACABAMENTO!G13) -> 3 | Q13: =COUNTIFS(' CADASTRO'!$R$2:R$993,ACABAMENTO!H13) -> 0 | R13: =COUNTIFS(' CADASTRO'!$R$2:R$993,ACABAMENTO!I13) -> 0 | S13: =SUM(L13:Q13)/6 -> 1.6666667 | T13: =SUM(L13:R13)/24 -> 0.41666667
A14: SEMANA 10 | B14: =I13+1 -> 45796 | C14: 6 | D14: =B14+1 -> 45797 | E14: =D14+1 -> 45798 | F14: =E14+1 -> 45799 | G14: =F14+1 -> 45800 | H14: =G14+1 -> 45801 | I14: =B14+C14 -> 45802 | J14: =COUNTIFS(' CADASTRO'!$R$2:$R$993,ACABAMENTO!B14)+COUNTIFS(' CADASTRO'!$R$2:$R$993,D14)+COUNTIFS(' CADASTRO'!$R$2:R$993,E14)+COUNTIFS(' CADASTRO'!$R$2:$R$993,F14)+COUNTIFS(' CADASTRO'!$R$2:$R$993,G14)+COUNTIFS(' CADASTRO'!$R$2:$R$993,H14)+COUNTIFS(' CADASTRO'!$R$2:$R$993,I14) -> 20 | L14: =IF(B14="","",COUNTIFS(' CADASTRO'!$R$2:$R$993,ACABAMENTO!B14)) -> 2 | M14: =IF(D14=0,"",COUNTIFS(' CADASTRO'!$R$2:R$993,ACABAMENTO!D14)) -> 7 | N14: =COUNTIFS(' CADASTRO'!$R$2:R$993,ACABAMENTO!E14) -> 5 | O14: =COUNTIFS(' CADASTRO'!$R$2:R$993,ACABAMENTO!F14) -> 2 | P14: =COUNTIFS(' CADASTRO'!$R$2:R$993,ACABAMENTO!G14) -> 2 | Q14: =COUNTIFS(' CADASTRO'!$R$2:R$993,ACABAMENTO!H14) -> 2 | R14: =COUNTIFS(' CADASTRO'!$R$2:R$993,ACABAMENTO!I14) -> 0 | S14: =SUM(L14:Q14)/6 -> 3.3333333 | T14: =SUM(L14:R14)/24 -> 0.83333333
A15: SEMANA 11 | B15: =I14+1 -> 45803 | C15: 6 | D15: =B15+1 -> 45804 | E15: =D15+1 -> 45805 | F15: =E15+1 -> 45806 | G15: =F15+1 -> 45807 | H15: =G15+1 -> 45808 | I15: =B15+C15 -> 45809 | J15: =COUNTIFS(' CADASTRO'!$R$2:$R$993,ACABAMENTO!B15)+COUNTIFS(' CADASTRO'!$R$2:$R$993,D15)+COUNTIFS(' CADASTRO'!$R$2:R$993,E15)+COUNTIFS(' CADASTRO'!$R$2:$R$993,F15)+COUNTIFS(' CADASTRO'!$R$2:$R$993,G15)+COUNTIFS(' CADASTRO'!$R$2:$R$993,H15)+COUNTIFS(' CADASTRO'!$R$2:$R$993,I15) -> 16 | L15: =IF(B15="","",COUNTIFS(' CADASTRO'!$R$2:$R$993,ACABAMENTO!B15)) -> 4 | M15: =IF(D15=0,"",COUNTIFS(' CADASTRO'!$R$2:R$993,ACABAMENTO!D15)) -> 5 | N15: =COUNTIFS(' CADASTRO'!$R$2:R$993,ACABAMENTO!E15) -> 2 | O15: =COUNTIFS(' CADASTRO'!$R$2:R$993,ACABAMENTO!F15) -> 1 | P15: =COUNTIFS(' CADASTRO'!$R$2:R$993,ACABAMENTO!G15) -> 4 | Q15: =COUNTIFS(' CADASTRO'!$R$2:R$993,ACABAMENTO!H15) -> 0 | R15: =COUNTIFS(' CADASTRO'!$R$2:R$993,ACABAMENTO!I15) -> 0 | S15: =SUM(L15:Q15)/6 -> 2.6666667 | T15: =SUM(L15:R15)/24 -> 0.66666667
A16: SEMANA 12 | B16: =I15+1 -> 45810 | C16: 6 | D16: =B16+1 -> 45811 | E16: =D16+1 -> 45812 | F16: =E16+1 -> 45813 | G16: =F16+1 -> 45814 | H16: =G16+1 -> 45815 | I16: =B16+C16 -> 45816 | J16: =COUNTIFS(' CADASTRO'!$R$2:$R$993,ACABAMENTO!B16)+COUNTIFS(' CADASTRO'!$R$2:$R$993,D16)+COUNTIFS(' CADASTRO'!$R$2:R$993,E16)+COUNTIFS(' CADASTRO'!$R$2:$R$993,F16)+COUNTIFS(' CADASTRO'!$R$2:$R$993,G16)+COUNTIFS(' CADASTRO'!$R$2:$R$993,H16)+COUNTIFS(' CADASTRO'!$R$2:$R$993,I16) -> 15 | L16: =IF(B16="","",COUNTIFS(' CADASTRO'!$R$2:$R$993,ACABAMENTO!B16)) -> 2 | M16: =IF(D16=0,"",COUNTIFS(' CADASTRO'!$R$2:R$993,ACABAMENTO!D16)) -> 3 | N16: =COUNTIFS(' CADASTRO'!$R$2:R$993,ACABAMENTO!E16) -> 5 | O16: =COUNTIFS(' CADASTRO'!$R$2:R$993,ACABAMENTO!F16) -> 1 | P16: =COUNTIFS(' CADASTRO'!$R$2:R$993,ACABAMENTO!G16) -> 0 | Q16: =COUNTIFS(' CADASTRO'!$R$2:R$993,ACABAMENTO!H16) -> 4 | R16: =COUNTIFS(' CADASTRO'!$R$2:R$993,ACABAMENTO!I16) -> 0 | S16: =SUM(L16:Q16)/6 -> 2.5 | T16: =SUM(L16:R16)/24 -> 0.625
A17: SEMANA 13 | B17: =I16+1 -> 45817 | C17: 6 | D17: =B17+1 -> 45818 | E17: =D17+1 -> 45819 | F17: =E17+1 -> 45820 | G17: =F17+1 -> 45821 | H17: =G17+1 -> 45822 | I17: =B17+C17 -> 45823 | J17: =COUNTIFS(' CADASTRO'!$R$2:$R$993,ACABAMENTO!B17)+COUNTIFS(' CADASTRO'!$R$2:$R$993,D17)+COUNTIFS(' CADASTRO'!$R$2:R$993,E17)+COUNTIFS(' CADASTRO'!$R$2:$R$993,F17)+COUNTIFS(' CADASTRO'!$R$2:$R$993,G17)+COUNTIFS(' CADASTRO'!$R$2:$R$993,H17)+COUNTIFS(' CADASTRO'!$R$2:$R$993,I17) -> 15 | L17: =IF(B17="","",COUNTIFS(' CADASTRO'!$R$2:$R$993,ACABAMENTO!B17)) -> 2 | M17: =IF(D17=0,"",COUNTIFS(' CADASTRO'!$R$2:R$993,ACABAMENTO!D17)) -> 2 | N17: =COUNTIFS(' CADASTRO'!$R$2:R$993,ACABAMENTO!E17) -> 2 | O17: =COUNTIFS(' CADASTRO'!$R$2:R$993,ACABAMENTO!F17) -> 4 | P17: =COUNTIFS(' CADASTRO'!$R$2:R$993,ACABAMENTO!G17) -> 1 | Q17: =COUNTIFS(' CADASTRO'!$R$2:R$993,ACABAMENTO!H17) -> 4 | R17: =COUNTIFS(' CADASTRO'!$R$2:R$993,ACABAMENTO!I17) -> 0 | S17: =SUM(L17:Q17)/6 -> 2.5 | T17: =SUM(L17:R17)/24 -> 0.625
... A25: SEMANA 21 | B25: =I24+1 -> 45873 | C25: 6 | D25: =B25+1 -> 45874 | E25: =D25+1 -> 45875 | F25: =E25+1 -> 45876 | G25: =F25+1 -> 45877 | H25: =G25+1 -> 45878 | I25: =B25+C25 -> 45879 | J25: =COUNTIFS(' CADASTRO'!$R$2:$R$993,ACABAMENTO!B25)+COUNTIFS(' CADASTRO'!$R$2:$R$993,D25)+COUNTIFS(' CADASTRO'!$R$2:R$993,E25)+COUNTIFS(' CADASTRO'!$R$2:$R$993,F25)+COUNTIFS(' CADASTRO'!$R$2:$R$993,G25)+COUNTIFS(' CADASTRO'!$R$2:$R$993,H25)+COUNTIFS(' CADASTRO'!$R$2:$R$993,I25) -> 24 | L25: =IF(B25="","",COUNTIFS(' CADASTRO'!$R$2:$R$993,ACABAMENTO!B25)) -> 2 | M25: =IF(D25=0,"",COUNTIFS(' CADASTRO'!$R$2:R$993,ACABAMENTO!D25)) -> 5 | N25: =COUNTIFS(' CADASTRO'!$R$2:R$993,ACABAMENTO!E25) -> 6 | O25: =COUNTIFS(' CADASTRO'!$R$2:R$993,ACABAMENTO!F25) -> 1 | P25: =COUNTIFS(' CADASTRO'!$R$2:R$993,ACABAMENTO!G25) -> 2 | Q25: =COUNTIFS(' CADASTRO'!$R$2:R$993,ACABAMENTO!H25) -> 8 | R25: =COUNTIFS(' CADASTRO'!$R$2:R$993,ACABAMENTO!I25) -> 0 | S25: =SUM(L25:Q25)/6 -> 4 | T25: =SUM(L25:R25)/24 -> 1
A26: SEMANA 22 | B26: =I25+1 -> 45880 | C26: 6 | D26: =B26+1 -> 45881 | E26: =D26+1 -> 45882 | F26: =E26+1 -> 45883 | G26: =F26+1 -> 45884 | H26: =G26+1 -> 45885 | I26: =B26+C26 -> 45886 | J26: =COUNTIFS(' CADASTRO'!$R$2:$R$993,ACABAMENTO!B26)+COUNTIFS(' CADASTRO'!$R$2:$R$993,D26)+COUNTIFS(' CADASTRO'!$R$2:R$993,E26)+COUNTIFS(' CADASTRO'!$R$2:$R$993,F26)+COUNTIFS(' CADASTRO'!$R$2:$R$993,G26)+COUNTIFS(' CADASTRO'!$R$2:$R$993,H26)+COUNTIFS(' CADASTRO'!$R$2:$R$993,I26) -> 31 | L26: =IF(B26="","",COUNTIFS(' CADASTRO'!$R$2:$R$993,ACABAMENTO!B26)) -> 4 | M26: =IF(D26=0,"",COUNTIFS(' CADASTRO'!$R$2:R$993,ACABAMENTO!D26)) -> 4 | N26: =COUNTIFS(' CADASTRO'!$R$2:R$993,ACABAMENTO!E26) -> 5 | O26: =COUNTIFS(' CADASTRO'!$R$2:R$993,ACABAMENTO!F26) -> 7 | P26: =COUNTIFS(' CADASTRO'!$R$2:R$993,ACABAMENTO!G26) -> 7 | Q26: =COUNTIFS(' CADASTRO'!$R$2:R$993,ACABAMENTO!H26) -> 4 | S26: =SUM(L26:Q26)/5.83 -> 5.3173242 | T26: =SUM(L26:R26)/35 -> 0.88571429
A27: SEMANA 23 | B27: =I26+1 -> 45887 | C27: 6 | D27: =B27+1 -> 45888 | E27: =D27+1 -> 45889 | F27: =E27+1 -> 45890 | G27: =F27+1 -> 45891 | H27: =G27+1 -> 45892 | I27: =B27+C27 -> 45893 | J27: =COUNTIFS(' CADASTRO'!$R$2:$R$993,ACABAMENTO!B27)+COUNTIFS(' CADASTRO'!$R$2:$R$993,D27)+COUNTIFS(' CADASTRO'!$R$2:R$993,E27)+COUNTIFS(' CADASTRO'!$R$2:$R$993,F27)+COUNTIFS(' CADASTRO'!$R$2:$R$993,G27)+COUNTIFS(' CADASTRO'!$R$2:$R$993,H27)+COUNTIFS(' CADASTRO'!$R$2:$R$993,I27) -> 30 | L27: =IF(B27="","",COUNTIFS(' CADASTRO'!$R$2:$R$993,ACABAMENTO!B27)) -> 5 | M27: =IF(D27=0,"",COUNTIFS(' CADASTRO'!$R$2:R$993,ACABAMENTO!D27)) -> 7 | N27: =COUNTIFS(' CADASTRO'!$R$2:R$993,ACABAMENTO!E27) -> 5 | O27: =COUNTIFS(' CADASTRO'!$R$2:R$993,ACABAMENTO!F27) -> 5 | P27: =COUNTIFS(' CADASTRO'!$R$2:R$993,ACABAMENTO!G27) -> 4 | Q27: =COUNTIFS(' CADASTRO'!$R$2:R$993,ACABAMENTO!H27) -> 4 | R27: =COUNTIFS(' CADASTRO'!$R$2:R$993,ACABAMENTO!I27) -> 0 | S27: =SUM(L27:Q27)/6 -> 5 | T27: =SUM(L27:R27)/24 -> 1.25
A28: SEMANA 24 | B28: =I27+1 -> 45894 | C28: 6 | D28: =B28+1 -> 45895 | E28: =D28+1 -> 45896 | F28: =E28+1 -> 45897 | G28: =F28+1 -> 45898 | H28: =G28+1 -> 45899 | I28: =B28+C28 -> 45900 | J28: =COUNTIFS(' CADASTRO'!$R$2:$R$993,ACABAMENTO!B28)+COUNTIFS(' CADASTRO'!$R$2:$R$993,D28)+COUNTIFS(' CADASTRO'!$R$2:R$993,E28)+COUNTIFS(' CADASTRO'!$R$2:$R$993,F28)+COUNTIFS(' CADASTRO'!$R$2:$R$993,G28)+COUNTIFS(' CADASTRO'!$R$2:$R$993,H28)+COUNTIFS(' CADASTRO'!$R$2:$R$993,I28) -> 30 | L28: =IF(B28="","",COUNTIFS(' CADASTRO'!$R$2:$R$993,ACABAMENTO!B28)) -> 2 | M28: =IF(D28=0,"",COUNTIFS(' CADASTRO'!$R$2:R$993,ACABAMENTO!D28)) -> 6 | N28: =COUNTIFS(' CADASTRO'!$R$2:R$993,ACABAMENTO!E28) -> 4 | O28: =COUNTIFS(' CADASTRO'!$R$2:R$993,ACABAMENTO!F28) -> 6 | P28: =COUNTIFS(' CADASTRO'!$R$2:R$993,ACABAMENTO!G28) -> 5 | Q28: =COUNTIFS(' CADASTRO'!$R$2:R$993,ACABAMENTO!H28) -> 7 | R28: =COUNTIFS(' CADASTRO'!$R$2:R$993,ACABAMENTO!I28) -> 0 | S28: =SUM(L28:Q28)/6 -> 5 | T28: =SUM(L28:R28)/24 -> 1.25
A29: SEMANA 25 | B29: =I28+1 -> 45901 | C29: 7 | D29: =B29+1 -> 45902 | E29: =D29+1 -> 45903 | F29: =E29+1 -> 45904 | G29: =F29+1 -> 45905 | H29: =G29+1 -> 45906 | I29: =B29+C29 -> 45908 | J29: =COUNTIFS(' CADASTRO'!$R$2:$R$993,ACABAMENTO!B29)+COUNTIFS(' CADASTRO'!$R$2:$R$993,D29)+COUNTIFS(' CADASTRO'!$R$2:R$993,E29)+COUNTIFS(' CADASTRO'!$R$2:$R$993,F29)+COUNTIFS(' CADASTRO'!$R$2:$R$993,G29)+COUNTIFS(' CADASTRO'!$R$2:$R$993,H29)+COUNTIFS(' CADASTRO'!$R$2:$R$993,I29) -> 38 | L29: =IF(B29="","",COUNTIFS(' CADASTRO'!$R$2:$R$993,ACABAMENTO!B29)) -> 8 | M29: =IF(D29=0,"",COUNTIFS(' CADASTRO'!$R$2:R$993,ACABAMENTO!D29)) -> 2 | N29: =COUNTIFS(' CADASTRO'!$R$2:R$993,ACABAMENTO!E29) -> 6 | O29: =COUNTIFS(' CADASTRO'!$R$2:R$993,ACABAMENTO!F29) -> 5 | P29: =COUNTIFS(' CADASTRO'!$R$2:R$993,ACABAMENTO!G29) -> 6 | Q29: =COUNTIFS(' CADASTRO'!$R$2:R$993,ACABAMENTO!H29) -> 1 | R29: =COUNTIFS(' CADASTRO'!$R$2:R$993,ACABAMENTO!I29) -> 10 | S29: =SUM(L29:Q29)/6 -> 4.6666667 | T29: =SUM(L29:R29)/24 -> 1.5833333
A30: SEMANA 26 | B30: =I29+1 -> 45909 | C30: 8 | D30: =B30+1 -> 45910 | E30: =D30+1 -> 45911 | F30: =E30+1 -> 45912 | G30: =F30+1 -> 45913 | H30: =G30+1 -> 45914 | I30: =B30+C30 -> 45917 | J30: =COUNTIFS(' CADASTRO'!$R$2:$R$993,ACABAMENTO!B30)+COUNTIFS(' CADASTRO'!$R$2:$R$993,D30)+COUNTIFS(' CADASTRO'!$R$2:R$993,E30)+COUNTIFS(' CADASTRO'!$R$2:$R$993,F30)+COUNTIFS(' CADASTRO'!$R$2:$R$993,G30)+COUNTIFS(' CADASTRO'!$R$2:$R$993,H30)+COUNTIFS(' CADASTRO'!$R$2:$R$993,I30) -> 37 | L30: =IF(B30="","",COUNTIFS(' CADASTRO'!$R$2:$R$993,ACABAMENTO!B30)) -> 3 | M30: =IF(D30=0,"",COUNTIFS(' CADASTRO'!$R$2:R$993,ACABAMENTO!D30)) -> 9 | N30: =COUNTIFS(' CADASTRO'!$R$2:R$993,ACABAMENTO!E30) -> 9 | O30: =COUNTIFS(' CADASTRO'!$R$2:R$993,ACABAMENTO!F30) -> 8 | P30: =COUNTIFS(' CADASTRO'!$R$2:R$993,ACABAMENTO!G30) -> 2 | Q30: =COUNTIFS(' CADASTRO'!$R$2:R$993,ACABAMENTO!H30) -> 0 | R30: =COUNTIFS(' CADASTRO'!$R$2:R$993,ACABAMENTO!I30) -> 6 | S30: =SUM(L30:Q30)/6 -> 5.1666667 | T30: =SUM(L30:R30)/24 -> 1.5416667
A31: SEMANA 27 | B31: =I30+1 -> 45918 | C31: 9 | D31: =B31+1 -> 45919 | E31: =D31+1 -> 45920 | F31: =E31+1 -> 45921 | G31: =F31+1 -> 45922 | H31: =G31+1 -> 45923 | I31: =B31+C31 -> 45927 | J31: =COUNTIFS(' CADASTRO'!$R$2:$R$993,ACABAMENTO!B31)+COUNTIFS(' CADASTRO'!$R$2:$R$993,D31)+COUNTIFS(' CADASTRO'!$R$2:R$993,E31)+COUNTIFS(' CADASTRO'!$R$2:$R$993,F31)+COUNTIFS(' CADASTRO'!$R$2:$R$993,G31)+COUNTIFS(' CADASTRO'!$R$2:$R$993,H31)+COUNTIFS(' CADASTRO'!$R$2:$R$993,I31) -> 39 | L31: =IF(B31="","",COUNTIFS(' CADASTRO'!$R$2:$R$993,ACABAMENTO!B31)) -> 8 | M31: =IF(D31=0,"",COUNTIFS(' CADASTRO'!$R$2:R$993,ACABAMENTO!D31)) -> 3 | N31: =COUNTIFS(' CADASTRO'!$R$2:R$993,ACABAMENTO!E31) -> 7 | O31: =COUNTIFS(' CADASTRO'!$R$2:R$993,ACABAMENTO!F31) -> 0 | P31: =COUNTIFS(' CADASTRO'!$R$2:R$993,ACABAMENTO!G31) -> 10 | Q31: =COUNTIFS(' CADASTRO'!$R$2:R$993,ACABAMENTO!H31) -> 8 | R31: =COUNTIFS(' CADASTRO'!$R$2:R$993,ACABAMENTO!I31) -> 3 | S31: =SUM(L31:Q31)/6 -> 6 | T31: =SUM(L31:R31)/24 -> 1.625
A32: SEMANA 28 | B32: =I31+1 -> 45928 | C32: 10 | D32: =B32+1 -> 45929 | E32: =D32+1 -> 45930 | F32: =E32+1 -> 45931 | G32: =F32+1 -> 45932 | H32: =G32+1 -> 45933 | I32: =B32+C32 -> 45938 | J32: =COUNTIFS(' CADASTRO'!$R$2:$R$993,ACABAMENTO!B32)+COUNTIFS(' CADASTRO'!$R$2:$R$993,D32)+COUNTIFS(' CADASTRO'!$R$2:R$993,E32)+COUNTIFS(' CADASTRO'!$R$2:$R$993,F32)+COUNTIFS(' CADASTRO'!$R$2:$R$993,G32)+COUNTIFS(' CADASTRO'!$R$2:$R$993,H32)+COUNTIFS(' CADASTRO'!$R$2:$R$993,I32) -> 41 | L32: =IF(B32="","",COUNTIFS(' CADASTRO'!$R$2:$R$993,ACABAMENTO!B32)) -> 0 | M32: =IF(D32=0,"",COUNTIFS(' CADASTRO'!$R$2:R$993,ACABAMENTO!D32)) -> 7 | N32: =COUNTIFS(' CADASTRO'!$R$2:R$993,ACABAMENTO!E32) -> 7 | O32: =COUNTIFS(' CADASTRO'!$R$2:R$993,ACABAMENTO!F32) -> 9 | P32: =COUNTIFS(' CADASTRO'!$R$2:R$993,ACABAMENTO!G32) -> 4 | Q32: =COUNTIFS(' CADASTRO'!$R$2:R$993,ACABAMENTO!H32) -> 8 | R32: =COUNTIFS(' CADASTRO'!$R$2:R$993,ACABAMENTO!I32) -> 6 | S32: =SUM(L32:Q32)/6 -> 5.8333333 | T32: =SUM(L32:R32)/24 -> 1.7083333
A33: SEMANA 29 | B33: =I32+1 -> 45939 | C33: 11 | D33: =B33+1 -> 45940 | E33: =D33+1 -> 45941 | F33: =E33+1 -> 45942 | G33: =F33+1 -> 45943 | H33: =G33+1 -> 45944 | I33: =B33+C33 -> 45950 | J33: =COUNTIFS(' CADASTRO'!$R$2:$R$993,ACABAMENTO!B33)+COUNTIFS(' CADASTRO'!$R$2:$R$993,D33)+COUNTIFS(' CADASTRO'!$R$2:R$993,E33)+COUNTIFS(' CADASTRO'!$R$2:$R$993,F33)+COUNTIFS(' CADASTRO'!$R$2:$R$993,G33)+COUNTIFS(' CADASTRO'!$R$2:$R$993,H33)+COUNTIFS(' CADASTRO'!$R$2:$R$993,I33) -> 45 | L33: =IF(B33="","",COUNTIFS(' CADASTRO'!$R$2:$R$993,ACABAMENTO!B33)) -> 8 | M33: =IF(D33=0,"",COUNTIFS(' CADASTRO'!$R$2:R$993,ACABAMENTO!D33)) -> 7 | N33: =COUNTIFS(' CADASTRO'!$R$2:R$993,ACABAMENTO!E33) -> 8 | O33: =COUNTIFS(' CADASTRO'!$R$2:R$993,ACABAMENTO!F33) -> 0 | P33: =COUNTIFS(' CADASTRO'!$R$2:R$993,ACABAMENTO!G33) -> 6 | Q33: =COUNTIFS(' CADASTRO'!$R$2:R$993,ACABAMENTO!H33) -> 7 | R33: =COUNTIFS(' CADASTRO'!$R$2:R$993,ACABAMENTO!I33) -> 9 | S33: =SUM(L33:Q33)/6 -> 6 | T33: =SUM(L33:R33)/24 -> 1.875
A34: SEMANA 30 | B34: =I33+1 -> 45951 | C34: 12 | D34: =B34+1 -> 45952 | E34: =D34+1 -> 45953 | F34: =E34+1 -> 45954 | G34: =F34+1 -> 45955 | H34: =G34+1 -> 45956 | I34: =B34+C34 -> 45963 | J34: =COUNTIFS(' CADASTRO'!$R$2:$R$993,ACABAMENTO!B34)+COUNTIFS(' CADASTRO'!$R$2:$R$993,D34)+COUNTIFS(' CADASTRO'!$R$2:R$993,E34)+COUNTIFS(' CADASTRO'!$R$2:$R$993,F34)+COUNTIFS(' CADASTRO'!$R$2:$R$993,G34)+COUNTIFS(' CADASTRO'!$R$2:$R$993,H34)+COUNTIFS(' CADASTRO'!$R$2:$R$993,I34) -> 33 | L34: =IF(B34="","",COUNTIFS(' CADASTRO'!$R$2:$R$993,ACABAMENTO!B34)) -> 6 | M34: =IF(D34=0,"",COUNTIFS(' CADASTRO'!$R$2:R$993,ACABAMENTO!D34)) -> 11 | N34: =COUNTIFS(' CADASTRO'!$R$2:R$993,ACABAMENTO!E34) -> 6 | O34: =COUNTIFS(' CADASTRO'!$R$2:R$993,ACABAMENTO!F34) -> 9 | P34: =COUNTIFS(' CADASTRO'!$R$2:R$993,ACABAMENTO!G34) -> 1 | Q34: =COUNTIFS(' CADASTRO'!$R$2:R$993,ACABAMENTO!H34) -> 0 | R34: =COUNTIFS(' CADASTRO'!$R$2:R$993,ACABAMENTO!I34) -> 0 | S34: =SUM(L34:Q34)/6 -> 5.5 | T34: =SUM(L34:R34)/24 -> 1.375

Sheet PRODUÇÃO SEMANA
I1: NEREDA | J1: =J4-J2 -> 438 | S1: estimado semana
I2: PRIMARIO | J2: =MAX(' CADASTRO'!C745:C893) -> 169 | S2: primario | T2: nereda
B3: SEG | I3: DOMIN | S3: 5 | T3: 35
B4: INICIO | I4: T´REMINIO | J4: =SUM(J5:J28) -> 607 | L4: =TEXT(B5,"DDD") -> seg | M4: =TEXT(D5,"DDD") -> ter | N4: =TEXT(E5,"DDD") -> qua | O4: =TEXT(F5,"DDD") -> qui | P4: =TEXT(G5,"DDD") -> sex | Q4: =TEXT(H5,"DDD") -> sáb | R4: =TEXT(I5,"DDD") -> dom
A5: SEMANA 1 | B5: 45733 | C5: 6 | D5: =B5+1 -> 45734 | E5: =D5+1 -> 45735 | F5: =E5+1 -> 45736 | G5: =F5+1 -> 45737 | H5: =G5+1 -> 45738 | I5: =B5+C5 -> 45739 | J5: =COUNTIFS(' CADASTRO'!$B$2:$B$993,'PRODUÇÃO SEMANA'!B5)+COUNTIFS(' CADASTRO'!$B$2:$B$993,D5)+COUNTIFS(' CADASTRO'!$B$2:$B$993,E5)+COUNTIFS(' CADASTRO'!$B$2:$B$993,F5)+COUNTIFS(' CADASTRO'!$B$2:$B$993,G5)+COUNTIFS(' CADASTRO'!$B$2:$B$993,H5)+COUNTIFS(' CADASTRO'!$B$2:$B$993,I5) -> 8 | L5: =IF(B5="","",COUNTIFS(' CADASTRO'!$B$2:$B$3000,'PRODUÇÃO SEMANA'!B5)) -> 8 | M5: =IF(D5=0,"",COUNTIFS(' CADASTRO'!$B$2:B$3000,'PRODUÇÃO SEMANA'!D5)) -> 0 | N5: =COUNTIFS(' CADASTRO'!$B$2:B$3000,'PRODUÇÃO SEMANA'!E5) -> 0 | O5: =COUNTIFS(' CADASTRO'!$B$2:B$3000,'PRODUÇÃO SEMANA'!F5) -> 0 | P5: =COUNTIFS(' CADASTRO'!$B$2:B$3000,'PRODUÇÃO SEMANA'!G5) -> 0 | Q5: =COUNTIFS(' CADASTRO'!$B$2:B$3000,'PRODUÇÃO SEMANA'!H5) -> 0 | R5: =COUNTIFS(' CADASTRO'!$B$2:B$3000,'PRODUÇÃO SEMANA'!I5) -> 0 | S5: =SUM(L5:Q5)/($S$3+$T$3) -> 0.2
A6: SEMANA 2 | B6: =I5+1 -> 45740 | C6: 6 | D6: =B6+1 -> 45741 | E6: =D6+1 -> 45742 | F6: =E6+1 -> 45743 | G6: =F6+1 -> 45744 | H6: =G6+1 -> 45745 | I6: =B6+C6 -> 45746 | J6: =COUNTIFS(' CADASTRO'!$B$2:$B$993,'PRODUÇÃO SEMANA'!B6)+COUNTIFS(' CADASTRO'!$B$2:$B$993,D6)+COUNTIFS(' CADASTRO'!$B$2:$B$993,E6)+COUNTIFS(' CADASTRO'!$B$2:$B$993,F6)+COUNTIFS(' CADASTRO'!$B$2:$B$993,G6)+COUNTIFS(' CADASTRO'!$B$2:$B$993,H6)+COUNTIFS(' CADASTRO'!$B$2:$B$993,I6) -> 32 | L6: =IF(B6="","",COUNTIFS(' CADASTRO'!$B$2:$B$3000,'PRODUÇÃO SEMANA'!B6)) -> 0 | M6: =IF(D6=0,"",COUNTIFS(' CADASTRO'!$B$2:B$3000,'PRODUÇÃO SEMANA'!D6)) -> 8 | N6: =COUNTIFS(' CADASTRO'!$B$2:B$3000,'PRODUÇÃO SEMANA'!E6) -> 8 | O6: =COUNTIFS(' CADASTRO'!$B$2:B$3000,'PRODUÇÃO SEMANA'!F6) -> 8 | P6: =COUNTIFS(' CADASTRO'!$B$2:B$3000,'PRODUÇÃO SEMANA'!G6) -> 8 | Q6: =COUNTIFS(' CADASTRO'!$B$2:B$3000,'PRODUÇÃO SEMANA'!H6) -> 0 | R6: =COUNTIFS(' CADASTRO'!$B$2:B$3000,'PRODUÇÃO SEMANA'!I6) -> 0 | S6: =SUM(L6:Q6)/($S$3+$T$3) -> 0.8
A7: SEMANA 3 | B7: =I6+1 -> 45747 | C7: 6 | D7: =B7+1 -> 45748 | E7: =D7+1 -> 45749 | F7: =E7+1 -> 45750 | G7: =F7+1 -> 45751 | H7: =G7+1 -> 45752 | I7: =B7+C7 -> 45753 | J7: =COUNTIFS(' CADASTRO'!$B$2:$B$993,'PRODUÇÃO SEMANA'!B7)+COUNTIFS(' CADASTRO'!$B$2:$B$993,D7)+COUNTIFS(' CADASTRO'!$B$2:$B$993,E7)+COUNTIFS(' CADASTRO'!$B$2:$B$993,F7)+COUNTIFS(' CADASTRO'!$B$2:$B$993,G7)+COUNTIFS(' CADASTRO'!$B$2:$B$993,H7)+COUNTIFS(' CADASTRO'!$B$2:$B$993,I7) -> 32 | L7: =IF(B7="","",COUNTIFS(' CADASTRO'!$B$2:$B$3000,'PRODUÇÃO SEMANA'!B7)) -> 8 | M7: =IF(D7=0,"",COUNTIFS(' CADASTRO'!$B$2:B$3000,'PRODUÇÃO SEMANA'!D7)) -> 0 | N7: =COUNTIFS(' CADASTRO'!$B$2:B$3000,'PRODUÇÃO SEMANA'!E7) -> 8 | O7: =COUNTIFS(' CADASTRO'!$B$2:B$3000,'PRODUÇÃO SEMANA'!F7) -> 8 | P7: =COUNTIFS(' CADASTRO'!$B$2:B$3000,'PRODUÇÃO SEMANA'!G7) -> 0 | Q7: =COUNTIFS(' CADASTRO'!$B$2:B$3000,'PRODUÇÃO SEMANA'!H7) -> 8 | R7: =COUNTIFS(' CADASTRO'!$B$2:B$3000,'PRODUÇÃO SEMANA'!I7) -> 0 | S7: =SUM(L7:Q7)/($S$3+$T$3) -> 0.8
A8: SEMANA 4 | B8: =I7+1 -> 45754 | C8: 6 | D8: =B8+1 -> 45755 | E8: =D8+1 -> 45756 | F8: =E8+1 -> 45757 | G8: =F8+1 -> 45758 | H8: =G8+1 -> 45759 | I8: =B8+C8 -> 45760 | J8: =COUNTIFS(' CADASTRO'!$B$2:$B$993,'PRODUÇÃO SEMANA'!B8)+COUNTIFS(' CADASTRO'!$B$2:$B$993,D8)+COUNTIFS(' CADASTRO'!$B$2:$B$993,E8)+COUNTIFS(' CADASTRO'!$B$2:$B$993,F8)+COUNTIFS(' CADASTRO'!$B$2:$B$993,G8)+COUNTIFS(' CADASTRO'!$B$2:$B$993,H8)+COUNTIFS(' CADASTRO'!$B$2:$B$993,I8) -> 32 | L8: =IF(B8="","",COUNTIFS(' CADASTRO'!$B$2:$B$3000,'PRODUÇÃO SEMANA'!B8)) -> 8 | M8: =IF(D8=0,"",COUNTIFS(' CADASTRO'!$B$2:B$3000,'PRODUÇÃO SEMANA'!D8)) -> 8 | N8: =COUNTIFS(' CADASTRO'!$B$2:B$3000,'PRODUÇÃO SEMANA'!E8) -> 0 | O8: =COUNTIFS(' CADASTRO'!$B$2:B$3000,'PRODUÇÃO SEMANA'!F8) -> 8 | P8: =COUNTIFS(' CADASTRO'!$B$2:B$3000,'PRODUÇÃO SEMANA'!G8) -> 8 | Q8: =COUNTIFS(' CADASTRO'!$B$2:B$3000,'PRODUÇÃO SEMANA'!H8) -> 0 | R8: =COUNTIFS(' CADASTRO'!$B$2:B$3000,'PRODUÇÃO SEMANA'!I8) -> 0 | S8: =SUM(L8:Q8)/($S$3+$T$3) -> 0.8
A9: SEMANA 5 | B9: =I8+1 -> 45761 | C9: 6 | D9: =B9+1 -> 45762 | E9: =D9+1 -> 45763 | F9: =E9+1 -> 45764 | G9: =F9+1 -> 45765 | H9: =G9+1 -> 45766 | I9: =B9+C9 -> 45767 | J9: =COUNTIFS(' CADASTRO'!$B$2:$B$993,'PRODUÇÃO SEMANA'!B9)+COUNTIFS(' CADASTRO'!$B$2:$B$993,D9)+COUNTIFS(' CADASTRO'!$B$2:$B$993,E9)+COUNTIFS(' CADASTRO'!$B$2:$B$993,F9)+COUNTIFS(' CADASTRO'!$B$2:$B$993,G9)+COUNTIFS(' CADASTRO'!$B$2:$B$993,H9)+COUNTIFS(' CADASTRO'!$B$2:$B$993,I9) -> 31 | L9: =IF(B9="","",COUNTIFS(' CADASTRO'!$B$2:$B$3000,'PRODUÇÃO SEMANA'!B9)) -> 7 | M9: =IF(D9=0,"",COUNTIFS(' CADASTRO'!$B$2:B$3000,'PRODUÇÃO SEMANA'!D9)) -> 8 | N9: =COUNTIFS(' CADASTRO'!$B$2:B$3000,'PRODUÇÃO SEMANA'!E9) -> 0 | O9: =COUNTIFS(' CADASTRO'!$B$2:B$3000,'PRODUÇÃO SEMANA'!F9) -> 16 | P9: =COUNTIFS(' CADASTRO'!$B$2:B$3000,'PRODUÇÃO SEMANA'!G9) -> 0 | Q9: =COUNTIFS(' CADASTRO'!$B$2:B$3000,'PRODUÇÃO SEMANA'!H9) -> 0 | R9: =COUNTIFS(' CADASTRO'!$B$2:B$3000,'PRODUÇÃO SEMANA'!I9) -> 0 | S9: =SUM(L9:Q9)/($S$3+$T$3) -> 0.775
A10: SEMANA 6 | B10: =I9+1 -> 45768 | C10: 6 | D10: =B10+1 -> 45769 | E10: =D10+1 -> 45770 | F10: =E10+1 -> 45771 | G10: =F10+1 -> 45772 | H10: =G10+1 -> 45773 | I10: =B10+C10 -> 45774 | J10: =COUNTIFS(' CADASTRO'!$B$2:$B$993,'PRODUÇÃO SEMANA'!B10)+COUNTIFS(' CADASTRO'!$B$2:$B$993,D10)+COUNTIFS(' CADASTRO'!$B$2:$B$993,E10)+COUNTIFS(' CADASTRO'!$B$2:$B$993,F10)+COUNTIFS(' CADASTRO'!$B$2:$B$993,G10)+COUNTIFS(' CADASTRO'!$B$2:$B$993,H10)+COUNTIFS(' CADASTRO'!$B$2:$B$993,I10) -> 24 | L10: =IF(B10="","",COUNTIFS(' CADASTRO'!$B$2:$B$3000,'PRODUÇÃO SEMANA'!B10)) -> 0 | M10: =IF(D10=0,"",COUNTIFS(' CADASTRO'!$B$2:B$3000,'PRODUÇÃO SEMANA'!D10)) -> 0 | N10: =COUNTIFS(' CADASTRO'!$B$2:B$3000,'PRODUÇÃO SEMANA'!E10) -> 8 | O10: =COUNTIFS(' CADASTRO'!$B$2:B$3000,'PRODUÇÃO SEMANA'!F10) -> 8 | P10: =COUNTIFS(' CADASTRO'!$B$2:B$3000,'PRODUÇÃO SEMANA'!G10) -> 0 | Q10: =COUNTIFS(' CADASTRO'!$B$2:B$3000,'PRODUÇÃO SEMANA'!H10) -> 8 | R10: =COUNTIFS(' CADASTRO'!$B$2:B$3000,'PRODUÇÃO SEMANA'!I10) -> 0 | S10: =SUM(L10:Q10)/($S$3+$T$3) -> 0.6
A11: SEMANA 7 | B11: =I10+1 -> 45775 | C11: 6 | D11: =B11+1 -> 45776 | E11: =D11+1 -> 45777 | F11: =E11+1 -> 45778 | G11: =F11+1 -> 45779 | H11: =G11+1 -> 45780 | I11: =B11+C11 -> 45781 | J11: =COUNTIFS(' CADASTRO'!$B$2:$B$993,'PRODUÇÃO SEMANA'!B11)+COUNTIFS(' CADASTRO'!$B$2:$B$993,D11)+COUNTIFS(' CADASTRO'!$B$2:$B$993,E11)+COUNTIFS(' CADASTRO'!$B$2:$B$993,F11)+COUNTIFS(' CADASTRO'!$B$2:$B$993,G11)+COUNTIFS(' CADASTRO'!$B$2:$B$993,H11)+COUNTIFS(' CADASTRO'!$B$2:$B$993,I11) -> 24 | L11: =IF(B11="","",COUNTIFS(' CADASTRO'!$B$2:$B$3000,'PRODUÇÃO SEMANA'!B11)) -> 0 | M11: =IF(D11=0,"",COUNTIFS(' CADASTRO'!$B$2:B$3000,'PRODUÇÃO SEMANA'!D11)) -> 8 | N11: =COUNTIFS(' CADASTRO'!$B$2:B$3000,'PRODUÇÃO SEMANA'!E11) -> 8 | O11: =COUNTIFS(' CADASTRO'!$B$2:B$3000,'PRODUÇÃO SEMANA'!F11) -> 0 | P11: =COUNTIFS(' CADASTRO'!$B$2:B$3000,'PRODUÇÃO SEMANA'!G11) -> 0 | Q11: =COUNTIFS(' CADASTRO'!$B$2:B$3000,'PRODUÇÃO SEMANA'!H11) -> 8 | R11: =COUNTIFS(' CADASTRO'!$B$2:B$3000,'PRODUÇÃO SEMANA'!I11) -> 0 | S11: =SUM(L11:Q11)/($S$3+$T$3) -> 0.6
A12: SEMANA 8 | B12: =I11+1 -> 45782 | C12: 6 | D12: =B12+1 -> 45783 | E12: =D12+1 -> 45784 | F12: =E12+1 -> 45785 | G12: =F12+1 -> 45786 | H12: =G12+1 -> 45787 | I12: =B12+C12 -> 45788 | J12: =COUNTIFS(' CADASTRO'!$B$2:$B$993,'PRODUÇÃO SEMANA'!B12)+COUNTIFS(' CADASTRO'!$B$2:$B$993,D12)+COUNTIFS(' CADASTRO'!$B$2:$B$993,E12)+COUNTIFS(' CADASTRO'!$B$2:$B$993,F12)+COUNTIFS(' CADASTRO'!$B$2:$B$993,G12)+COUNTIFS(' CADASTRO'!$B$2:$B$993,H12)+COUNTIFS(' CADASTRO'!$B$2:$B$993,I12) -> 32 | L12: =IF(B12="","",COUNTIFS(' CADASTRO'!$B$2:$B$3000,'PRODUÇÃO SEMANA'!B12)) -> 8 | M12: =IF(D12=0,"",COUNTIFS(' CADASTRO'!$B$2:B$3000,'PRODUÇÃO SEMANA'!D12)) -> 8 | N12: =COUNTIFS(' CADASTRO'!$B$2:B$3000,'PRODUÇÃO SEMANA'!E12) -> 0 | O12: =COUNTIFS(' CADASTRO'!$B$2:B$3000,'PRODUÇÃO SEMANA'!F12) -> 8 | P12: =COUNTIFS(' CADASTRO'!$B$2:B$3000,'PRODUÇÃO SEMANA'!G12) -> 8 | Q12: =COUNTIFS(' CADASTRO'!$B$2:B$3000,'PRODUÇÃO SEMANA'!H12) -> 0 | R12: =COUNTIFS(' CADASTRO'!$B$2:B$3000,'PRODUÇÃO SEMANA'!I12) -> 0 | S12: =SUM(L12:Q12)/($S$3+$T$3) -> 0.8
A13: SEMANA 9 | B13: =I12+1 -> 45789 | C13: 6 | D13: =B13+1 -> 45790 | E13: =D13+1 -> 45791 | F13: =E13+1 -> 45792 | G13: =F13+1 -> 45793 | H13: =G13+1 -> 45794 | I13: =B13+C13 -> 45795 | J13: =COUNTIFS(' CADASTRO'!$B$2:$B$993,'PRODUÇÃO SEMANA'!B13)+COUNTIFS(' CADASTRO'!$B$2:$B$993,D13)+COUNTIFS(' CADASTRO'!$B$2:$B$993,E13)+COUNTIFS(' CADASTRO'!$B$2:$B$993,F13)+COUNTIFS(' CADASTRO'!$B$2:$B$993,G13)+COUNTIFS(' CADASTRO'!$B$2:$B$993,H13)+COUNTIFS(' CADASTRO'!$B$2:$B$993,I13) -> 8 | L13: =IF(B13="","",COUNTIFS(' CADASTRO'!$B$2:$B$3000,'PRODUÇÃO SEMANA'!B13)) -> 8 | M13: =IF(D13=0,"",COUNTIFS(' CADASTRO'!$B$2:B$3000,'PRODUÇÃO SEMANA'!D13)) -> 0 | N13: =COUNTIFS(' CADASTRO'!$B$2:B$3000,'PRODUÇÃO SEMANA'!E13) -> 0 | O13: =COUNTIFS(' CADASTRO'!$B$2:B$3000,'PRODUÇÃO SEMANA'!F13) -> 0 | P13: =COUNTIFS(' CADASTRO'!$B$2:B$3000,'PRODUÇÃO SEMANA'!G13) -> 0 | Q13: =COUNTIFS(' CADASTRO'!$B$2:B$3000,'PRODUÇÃO SEMANA'!H13) -> 0 | R13: =COUNTIFS(' CADASTRO'!$B$2:B$3000,'PRODUÇÃO SEMANA'!I13) -> 0 | S13: =SUM(L13:Q13)/($S$3+$T$3) -> 0.2
A14: SEMANA 10 | B14: =I13+1 -> 45796 | C14: 6 | D14: =B14+1 -> 45797 | E14: =D14+1 -> 45798 | F14: =E14+1 -> 45799 | G14: =F14+1 -> 45800 | H14: =G14+1 -> 45801 | I14: =B14+C14 -> 45802 | J14: =COUNTIFS(' CADASTRO'!$B$2:$B$993,'PRODUÇÃO SEMANA'!B14)+COUNTIFS(' CADASTRO'!$B$2:$B$993,D14)+COUNTIFS(' CADASTRO'!$B$2:$B$993,E14)+COUNTIFS(' CADASTRO'!$B$2:$B$993,F14)+COUNTIFS(' CADASTRO'!$B$2:$B$993,G14)+COUNTIFS(' CADASTRO'!$B$2:$B$993,H14)+COUNTIFS(' CADASTRO'!$B$2:$B$993,I14) -> 4 | L14: =IF(B14="","",COUNTIFS(' CADASTRO'!$B$2:$B$3000,'PRODUÇÃO SEMANA'!B14)) -> 0 | M14: =IF(D14=0,"",COUNTIFS(' CADASTRO'!$B$2:B$3000,'PRODUÇÃO SEMANA'!D14)) -> 2 | N14: =COUNTIFS(' CADASTRO'!$B$2:B$3000,'PRODUÇÃO SEMANA'!E14) -> 0 | O14: =COUNTIFS(' CADASTRO'!$B$2:B$3000,'PRODUÇÃO SEMANA'!F14) -> 0 | P14: =COUNTIFS(' CADASTRO'!$B$2:B$3000,'PRODUÇÃO SEMANA'!G14) -> 2 | Q14: =COUNTIFS(' CADASTRO'!$B$2:B$3000,'PRODUÇÃO SEMANA'!H14) -> 0 | R14: =COUNTIFS(' CADASTRO'!$B$2:B$3000,'PRODUÇÃO SEMANA'!I14) -> 0 | S14: =SUM(L14:Q14)/($S$3+$T$3) -> 0.1
A15: SEMANA 11 | B15: =I14+1 -> 45803 | C15: 6 | D15: =B15+1 -> 45804 | E15: =D15+1 -> 45805 | F15: =E15+1 -> 45806 | G15: =F15+1 -> 45807 | H15: =G15+1 -> 45808 | I15: =B15+C15 -> 45809 | J15: =COUNTIFS(' CADASTRO'!$B$2:$B$993,'PRODUÇÃO SEMANA'!B15)+COUNTIFS(' CADASTRO'!$B$2:$B$993,D15)+COUNTIFS(' CADASTRO'!$B$2:$B$993,E15)+COUNTIFS(' CADASTRO'!$B$2:$B$993,F15)+COUNTIFS(' CADASTRO'!$B$2:$B$993,G15)+COUNTIFS(' CADASTRO'!$B$2:$B$993,H15)+COUNTIFS(' CADASTRO'!$B$2:$B$993,I15) -> 8 | L15: =IF(B15="","",COUNTIFS(' CADASTRO'!$B$2:$B$3000,'PRODUÇÃO SEMANA'!B15)) -> 0 | M15: =IF(D15=0,"",COUNTIFS(' CADASTRO'!$B$2:B$3000,'PRODUÇÃO SEMANA'!D15)) -> 0 | N15: =COUNTIFS(' CADASTRO'!$B$2:B$3000,'PRODUÇÃO SEMANA'!E15) -> 0 | O15: =COUNTIFS(' CADASTRO'!$B$2:B$3000,'PRODUÇÃO SEMANA'!F15) -> 8 | P15: =COUNTIFS(' CADASTRO'!$B$2:B$3000,'PRODUÇÃO SEMANA'!G15) -> 0 | Q15: =COUNTIFS(' CADASTRO'!$B$2:B$3000,'PRODUÇÃO SEMANA'!H15) -> 0 | R15: =COUNTIFS(' CADASTRO'!$B$2:B$3000,'PRODUÇÃO SEMANA'!I15) -> 0 | S15: =SUM(L15:Q15)/($S$3+$T$3) -> 0.2
A16: SEMANA 12 | B16: =I15+1 -> 45810 | C16: 6 | D16: =B16+1 -> 45811 | E16: =D16+1 -> 45812 | F16: =E16+1 -> 45813 | G16: =F16+1 -> 45814 | H16: =G16+1 -> 45815 | I16: =B16+C16 -> 45816 | J16: =COUNTIFS(' CADASTRO'!$B$2:$B$993,'PRODUÇÃO SEMANA'!B16)+COUNTIFS(' CADASTRO'!$B$2:$B$993,D16)+COUNTIFS(' CADASTRO'!$B$2:$B$993,E16)+COUNTIFS(' CADASTRO'!$B$2:$B$993,F16)+COUNTIFS(' CADASTRO'!$B$2:$B$993,G16)+COUNTIFS(' CADASTRO'!$B$2:$B$993,H16)+COUNTIFS(' CADASTRO'!$B$2:$B$993,I16) -> 10 | L16: =IF(B16="","",COUNTIFS(' CADASTRO'!$B$2:$B$3000,'PRODUÇÃO SEMANA'!B16)) -> 0 | M16: =IF(D16=0,"",COUNTIFS(' CADASTRO'!$B$2:B$3000,'PRODUÇÃO SEMANA'!D16)) -> 0 | N16: =COUNTIFS(' CADASTRO'!$B$2:B$3000,'PRODUÇÃO SEMANA'!E16) -> 8 | O16: =COUNTIFS(' CADASTRO'!$B$2:B$3000,'PRODUÇÃO SEMANA'!F16) -> 0 | P16: =COUNTIFS(' CADASTRO'!$B$2:B$3000,'PRODUÇÃO SEMANA'!G16) -> 2 | Q16: =COUNTIFS(' CADASTRO'!$B$2:B$3000,'PRODUÇÃO SEMANA'!H16) -> 0 | R16: =COUNTIFS(' CADASTRO'!$B$2:B$3000,'PRODUÇÃO SEMANA'!I16) -> 0 | S16: =SUM(L16:Q16)/($S$3+$T$3) -> 0.25
A17: SEMANA 13 | B17: =I16+1 -> 45817 | C17: 6 | D17: =B17+1 -> 45818 | E17: =D17+1 -> 45819 | F17: =E17+1 -> 45820 | G17: =F17+1 -> 45821 | H17: =G17+1 -> 45822 | I17: =B17+C17 -> 45823 | J17: =COUNTIFS(' CADASTRO'!$B$2:$B$993,'PRODUÇÃO SEMANA'!B17)+COUNTIFS(' CADASTRO'!$B$2:$B$993,D17)+COUNTIFS(' CADASTRO'!$B$2:$B$993,E17)+COUNTIFS(' CADASTRO'!$B$2:$B$993,F17)+COUNTIFS(' CADASTRO'!$B$2:$B$993,G17)+COUNTIFS(' CADASTRO'!$B$2:$B$993,H17)+COUNTIFS(' CADASTRO'!$B$2:$B$993,I17) -> 16 | L17: =IF(B17="","",COUNTIFS(' CADASTRO'!$B$2:$B$3000,'PRODUÇÃO SEMANA'!B17)) -> 0 | M17: =IF(D17=0,"",COUNTIFS(' CADASTRO'!$B$2:B$3000,'PRODUÇÃO SEMANA'!D17)) -> 8 | N17: =COUNTIFS(' CADASTRO'!$B$2:B$3000,'PRODUÇÃO SEMANA'!E17) -> 0 | O17: =COUNTIFS(' CADASTRO'!$B$2:B$3000,'PRODUÇÃO SEMANA'!F17) -> 0 | P17: =COUNTIFS(' CADASTRO'!$B$2:B$3000,'PRODUÇÃO SEMANA'!G17) -> 8 | Q17: =COUNTIFS(' CADASTRO'!$B$2:B$3000,'PRODUÇÃO SEMANA'!H17) -> 0 | R17: =COUNTIFS(' CADASTRO'!$B$2:B$3000,'PRODUÇÃO SEMANA'!I17) -> 0 | S17: =SUM(L17:Q17)/($S$3+$T$3) -> 0.4
... A57: SEMANA 53 | B57: =I56+1 -> 46097 | C57: 6 | D57: =B57+1 -> 46098 | E57: =D57+1 -> 46099 | F57: =E57+1 -> 46100 | G57: =F57+1 -> 46101 | H57: =G57+1 -> 46102 | I57: =B57+C57 -> 46103 | J57: =COUNTIFS(' CADASTRO'!$B$2:$B$993,'PRODUÇÃO SEMANA'!B57)+COUNTIFS(' CADASTRO'!$B$2:$B$993,D57)+COUNTIFS(' CADASTRO'!$B$2:$B$993,E57)+COUNTIFS(' CADASTRO'!$B$2:$B$993,F57)+COUNTIFS(' CADASTRO'!$B$2:$B$993,G57)+COUNTIFS(' CADASTRO'!$B$2:$B$993,H57)+COUNTIFS(' CADASTRO'!$B$2:$B$993,I57) -> 0 | L57: =IF(B57="","",COUNTIFS(' CADASTRO'!$B$2:$B$3000,'PRODUÇÃO SEMANA'!B57)) -> 0 | M57: =IF(D57=0,"",COUNTIFS(' CADASTRO'!$B$2:B$3000,'PRODUÇÃO SEMANA'!D57)) -> 0 | N57: =COUNTIFS(' CADASTRO'!$B$2:B$3000,'PRODUÇÃO SEMANA'!E57) -> 0 | O57: =COUNTIFS(' CADASTRO'!$B$2:B$3000,'PRODUÇÃO SEMANA'!F57) -> 0 | P57: =COUNTIFS(' CADASTRO'!$B$2:B$3000,'PRODUÇÃO SEMANA'!G57) -> 0 | Q57: =COUNTIFS(' CADASTRO'!$B$2:B$3000,'PRODUÇÃO SEMANA'!H57) -> 0 | R57: =COUNTIFS(' CADASTRO'!$B$2:B$3000,'PRODUÇÃO SEMANA'!I57) -> 0 | S57: =SUM(L57:Q57)/($S$3+$T$3) -> 0

Sheet acab equip
AB1: =SUM(AB4:AB600) -> 455 | AC1: =SUM(AC4:AC600) -> 403 | AD1: =SUM(AD4:AD600) -> 74 | AE1: =AB1+AC1+AD1 -> 932
B2: SEG | E2: PRIMARIO | F2: TER | J2: QUA | N2: QUI | R2: SEXT | V2: SAB | Z2: DOM | AB2: TOTAIS | AG2: PLACAS ACABADAS POR MÊS fechamento por semana completa
A3: SEMAMA | C3: PN-001 | D3: PN-002 | E3: PRIMARIO | G3: PN-001 | H3: PN-002 | K3: PN-001 | L3: PN-002 | M3: PRIMARIO | O3: PN-001 | P3: PN-002 | Q3: PRIMARIO | S3: PN-001 | T3: PN-002 | U3: PRIMARIO | W3: PN-001 | X3: PN-002 | Y3: PRIMARIO | AB3: PN-001 | AC3: PN-002 | AD3: PRIMARIO PN-01 PN-02 | AF3: SEG | AG3: 45717 | AH3: 45748 | AI3: 45778 | AJ3: 45809 | AK3: 45839 | AL3: 45870 | AM3: 45901 | AN3: 45931 | AO3: 45962 | AP3: 45992 | AQ3: 46023 | AR3: 46054 | AS3: 46082 | AT3: 46113
A4: SEMANA 1 | B4: 45733 | C4: =COUNTIFS(' CADASTRO'!$S:$S,'acab equip'!$C$3,' CADASTRO'!$R:$R,'acab equip'!B4) -> 0 | D4: =COUNTIFS(' CADASTRO'!$S:$S,'acab equip'!$D$3,' CADASTRO'!$R:$R,'acab equip'!B4) -> 0 | E4: =COUNTIFS(' CADASTRO'!$R$746:$R$893,'acab equip'!B4,' CADASTRO'!$S$746:$S$893,'acab equip'!$D$3)+COUNTIFS(' CADASTRO'!$R$746:$R$893,'acab equip'!B4,' CADASTRO'!$S$746:$S$893,'acab equip'!$C$3) -> 0 | F4: =B4+1 -> 45734 | G4: =COUNTIFS(' CADASTRO'!$S:$S,'acab equip'!$C$3,' CADASTRO'!$R:$R,'acab equip'!F4) -> 0 | H4: =COUNTIFS(' CADASTRO'!$S:$S,'acab equip'!$D$3,' CADASTRO'!$R:$R,'acab equip'!F4) -> 0 | I4: =COUNTIFS(' CADASTRO'!$R$746:$R$893,'acab equip'!F4,' CADASTRO'!$S$746:$S$893,'acab equip'!$H$3)+COUNTIFS(' CADASTRO'!$R$746:$R$893,'acab equip'!F4,' CADASTRO'!$S$746:$S$893,'acab equip'!$G$3) -> 0 | J4: =F4+1 -> 45735 | K4: =COUNTIFS(' CADASTRO'!$S:$S,'acab equip'!$C$3,' CADASTRO'!$R:$R,'acab equip'!J4) -> 0 | L4: =COUNTIFS(' CADASTRO'!$S:$S,'acab equip'!$D$3,' CADASTRO'!$R:$R,'acab equip'!J4) -> 0 | M4: =COUNTIFS(' CADASTRO'!$R$746:$R$893,'acab equip'!J4,' CADASTRO'!$S$746:$S$893,'acab equip'!$L$3)+COUNTIFS(' CADASTRO'!$R$746:$R$893,'acab equip'!J4,' CADASTRO'!$S$746:$S$893,'acab equip'!$K$3) -> 0 | N4: =J4+1 -> 45736 | O4: =COUNTIFS(' CADASTRO'!$S:$S,'acab equip'!$C$3,' CADASTRO'!$R:$R,'acab equip'!N4) -> 0 | P4: =COUNTIFS(' CADASTRO'!$S:$S,'acab equip'!$D$3,' CADASTRO'!$R:$R,'acab equip'!N4) -> 0 | Q4: =COUNTIFS(' CADASTRO'!$R$746:$R$893,'acab equip'!N4,' CADASTRO'!$S$746:$S$893,'acab equip'!$P$3)+COUNTIFS(' CADASTRO'!$R$746:$R$893,'acab equip'!N4,' CADASTRO'!$S$746:$S$893,'acab equip'!$O$3) -> 0 | R4: =N4+1 -> 45737 | S4: =COUNTIFS(' CADASTRO'!$S:$S,'acab equip'!$C$3,' CADASTRO'!$R:$R,'acab equip'!R4) -> 0 | T4: =COUNTIFS(' CADASTRO'!$S:$S,'acab equip'!$D$3,' CADASTRO'!$R:$R,'acab equip'!R4) -> 0 | U4: =COUNTIFS(' CADASTRO'!$R$746:$R$893,'acab equip'!R4,' CADASTRO'!$S$746:$S$893,'acab equip'!$T$3)+COUNTIFS(' CADASTRO'!$R$746:$R$893,'acab equip'!R4,' CADASTRO'!$S$746:$S$893,'acab equip'!$S$3) -> 0 | V4: =R4+1 -> 45738 | W4: =COUNTIFS(' CADASTRO'!$S:$S,'acab equip'!$C$3,' CADASTRO'!$R:$R,'acab equip'!V4) -> 2 | X4: =COUNTIFS(' CADASTRO'!$S:$S,'acab equip'!$D$3,' CADASTRO'!$R:$R,'acab equip'!V4) -> 0 | Y4: =COUNTIFS(' CADASTRO'!$R$746:$R$893,'acab equip'!V4,' CADASTRO'!$S$746:$S$893,'acab equip'!$X$3)+COUNTIFS(' CADASTRO'!$R$746:$R$893,'acab equip'!V4,' CADASTRO'!$S$746:$S$893,'acab equip'!$W$3) -> 0 | Z4: =V4+1 -> 45739 | AB4: =C4+G4+K4+O4+S4+W4 -> 2 | AC4: =D4+H4+L4+P4+T4+X4-AD4 -> 0 | AD4: =M4+Q4+U4+Y4+I4+E4 -> 0 | AE4: =AB4+AC4+AD4 -> 2 | AF4: =TEXT(Z4,"mmm/aaaa") -> mar/2025 | AG4: =SUMIF($AF$4:$AF$425,AG3,AE4:AE425) -> 13 | AH4: =SUMIF($AF$4:$AF$425,AH3,$AE$4:$AE$425) -> 53 | AI4: =SUMIF($AF$4:$AF$425,AI3,$AE$4:$AE$425) -> 53 | AJ4: =SUMIF($AF$4:$AF$425,AJ3,$AE$4:$AE$425) -> 77 | AK4: =SUMIF($AF$4:$AF$425,AK3,$AE$4:$AE$425) -> 67 | AL4: =SUMIF($AF$4:$AF$425,AL3,$AE$4:$AE$425) -> 139 | AM4: =SUMIF($AF$4:$AF$425,AM3,$AE$4:$AE$425) -> 152 | AN4: =SUMIF($AF$4:$AF$425,AN3,$AE$4:$AE$425) -> 161 | AO4: =SUMIF($AF$4:$AF$425,AO3,$AE$4:$AE$425) -> 160 | ... AT4: =SUMIF($AF$4:$AF$425,AT3,$AE$4:$AE$425) -> 0
A5: SEMANA 2 | B5: =Z4+1 -> 45740 | C5: =COUNTIFS(' CADASTRO'!$S:$S,'acab equip'!$C$3,' CADASTRO'!$R:$R,'acab equip'!B5) -> 2 | D5: =COUNTIFS(' CADASTRO'!$S:$S,'acab equip'!$D$3,' CADASTRO'!$R:$R,'acab equip'!B5) -> 0 | E5: =COUNTIFS(' CADASTRO'!$R$746:$R$893,'acab equip'!B5,' CADASTRO'!$S$746:$S$893,'acab equip'!$D$3)+COUNTIFS(' CADASTRO'!$R$746:$R$893,'acab equip'!B5,' CADASTRO'!$S$746:$S$893,'acab equip'!$C$3) -> 0 | F5: =B5+1 -> 45741 | G5: =COUNTIFS(' CADASTRO'!$S:$S,'acab equip'!$C$3,' CADASTRO'!$R:$R,'acab equip'!F5) -> 3 | H5: =COUNTIFS(' CADASTRO'!$S:$S,'acab equip'!$D$3,' CADASTRO'!$R:$R,'acab equip'!F5) -> 0 | I5: =COUNTIFS(' CADASTRO'!$R$746:$R$893,'acab equip'!F5,' CADASTRO'!$S$746:$S$893,'acab equip'!$H$3)+COUNTIFS(' CADASTRO'!$R$746:$R$893,'acab equip'!F5,' CADASTRO'!$S$746:$S$893,'acab equip'!$G$3) -> 1 | J5: =F5+1 -> 45742 | K5: =COUNTIFS(' CADASTRO'!$S:$S,'acab equip'!$C$3,' CADASTRO'!$R:$R,'acab equip'!J5) -> 0 | L5: =COUNTIFS(' CADASTRO'!$S:$S,'acab equip'!$D$3,' CADASTRO'!$R:$R,'acab equip'!J5) -> 0 | M5: =COUNTIFS(' CADASTRO'!$R$746:$R$893,'acab equip'!J5,' CADASTRO'!$S$746:$S$893,'acab equip'!$L$3)+COUNTIFS(' CADASTRO'!$R$746:$R$893,'acab equip'!J5,' CADASTRO'!$S$746:$S$893,'acab equip'!$K$3) -> 0 | N5: =J5+1 -> 45743 | O5: =COUNTIFS(' CADASTRO'!$S:$S,'acab equip'!$C$3,' CADASTRO'!$R:$R,'acab equip'!N5) -> 2 | P5: =COUNTIFS(' CADASTRO'!$S:$S,'acab equip'!$D$3,' CADASTRO'!$R:$R,'acab equip'!N5) -> 0 | Q5: =COUNTIFS(' CADASTRO'!$R$746:$R$893,'acab equip'!N5,' CADASTRO'!$S$746:$S$893,'acab equip'!$P$3)+COUNTIFS(' CADASTRO'!$R$746:$R$893,'acab equip'!N5,' CADASTRO'!$S$746:$S$893,'acab equip'!$O$3) -> 0 | R5: =N5+1 -> 45744 | S5: =COUNTIFS(' CADASTRO'!$S:$S,'acab equip'!$C$3,' CADASTRO'!$R:$R,'acab equip'!R5) -> 1 | T5: =COUNTIFS(' CADASTRO'!$S:$S,'acab equip'!$D$3,' CADASTRO'!$R:$R,'acab equip'!R5) -> 0 | U5: =COUNTIFS(' CADASTRO'!$R$746:$R$893,'acab equip'!R5,' CADASTRO'!$S$746:$S$893,'acab equip'!$T$3)+COUNTIFS(' CADASTRO'!$R$746:$R$893,'acab equip'!R5,' CADASTRO'!$S$746:$S$893,'acab equip'!$S$3) -> 0 | V5: =R5+1 -> 45745 | W5: =COUNTIFS(' CADASTRO'!$S:$S,'acab equip'!$C$3,' CADASTRO'!$R:$R,'acab equip'!V5) -> 2 | X5: =COUNTIFS(' CADASTRO'!$S:$S,'acab equip'!$D$3,' CADASTRO'!$R:$R,'acab equip'!V5) -> 1 | Y5: =COUNTIFS(' CADASTRO'!$R$746:$R$893,'acab equip'!V5,' CADASTRO'!$S$746:$S$893,'acab equip'!$X$3)+COUNTIFS(' CADASTRO'!$R$746:$R$893,'acab equip'!V5,' CADASTRO'!$S$746:$S$893,'acab equip'!$W$3) -> 0 | Z5: =V5+1 -> 45746 | AB5: =C5+G5+K5+O5+S5+W5 -> 10 | AC5: =D5+H5+L5+P5+T5+X5-AD5 -> 0 | AD5: =M5+Q5+U5+Y5+I5+E5 -> 1 | AE5: =AB5+AC5+AD5 -> 11 | AF5: =TEXT(Z5,"mmm/aaaa") -> mar/2025
A6: SEMANA 3 | B6: =Z5+1 -> 45747 | C6: =COUNTIFS(' CADASTRO'!$S:$S,'acab equip'!$C$3,' CADASTRO'!$R:$R,'acab equip'!B6) -> 2 | D6: =COUNTIFS(' CADASTRO'!$S:$S,'acab equip'!$D$3,' CADASTRO'!$R:$R,'acab equip'!B6) -> 0 | E6: =COUNTIFS(' CADASTRO'!$R$746:$R$893,'acab equip'!B6,' CADASTRO'!$S$746:$S$893,'acab equip'!$D$3)+COUNTIFS(' CADASTRO'!$R$746:$R$893,'acab equip'!B6,' CADASTRO'!$S$746:$S$893,'acab equip'!$C$3) -> 0 | F6: =B6+1 -> 45748 | G6: =COUNTIFS(' CADASTRO'!$S:$S,'acab equip'!$C$3,' CADASTRO'!$R:$R,'acab equip'!F6) -> 2 | H6: =COUNTIFS(' CADASTRO'!$S:$S,'acab equip'!$D$3,' CADASTRO'!$R:$R,'acab equip'!F6) -> 2 | I6: =COUNTIFS(' CADASTRO'!$R$746:$R$893,'acab equip'!F6,' CADASTRO'!$S$746:$S$893,'acab equip'!$H$3)+COUNTIFS(' CADASTRO'!$R$746:$R$893,'acab equip'!F6,' CADASTRO'!$S$746:$S$893,'acab equip'!$G$3) -> 0 | J6: =F6+1 -> 45749 | K6: =COUNTIFS(' CADASTRO'!$S:$S,'acab equip'!$C$3,' CADASTRO'!$R:$R,'acab equip'!J6) -> 0 | L6: =COUNTIFS(' CADASTRO'!$S:$S,'acab equip'!$D$3,' CADASTRO'!$R:$R,'acab equip'!J6) -> 3 | M6: =COUNTIFS(' CADASTRO'!$R$746:$R$893,'acab equip'!J6,' CADASTRO'!$S$746:$S$893,'acab equip'!$L$3)+COUNTIFS(' CADASTRO'!$R$746:$R$893,'acab equip'!J6,' CADASTRO'!$S$746:$S$893,'acab equip'!$K$3) -> 1 | N6: =J6+1 -> 45750 | O6: =COUNTIFS(' CADASTRO'!$S:$S,'acab equip'!$C$3,' CADASTRO'!$R:$R,'acab equip'!N6) -> 2 | P6: =COUNTIFS(' CADASTRO'!$S:$S,'acab equip'!$D$3,' CADASTRO'!$R:$R,'acab equip'!N6) -> 0 | Q6: =COUNTIFS(' CADASTRO'!$R$746:$R$893,'acab equip'!N6,' CADASTRO'!$S$746:$S$893,'acab equip'!$P$3)+COUNTIFS(' CADASTRO'!$R$746:$R$893,'acab equip'!N6,' CADASTRO'!$S$746:$S$893,'acab equip'!$O$3) -> 0 | R6: =N6+1 -> 45751 | S6: =COUNTIFS(' CADASTRO'!$S:$S,'acab equip'!$C$3,' CADASTRO'!$R:$R,'acab equip'!R6) -> 0 | T6: =COUNTIFS(' CADASTRO'!$S:$S,'acab equip'!$D$3,' CADASTRO'!$R:$R,'acab equip'!R6) -> 2 | U6: =COUNTIFS(' CADASTRO'!$R$746:$R$893,'acab equip'!R6,' CADASTRO'!$S$746:$S$893,'acab equip'!$T$3)+COUNTIFS(' CADASTRO'!$R$746:$R$893,'acab equip'!R6,' CADASTRO'!$S$746:$S$893,'acab equip'!$S$3) -> 0 | V6: =R6+1 -> 45752 | W6: =COUNTIFS(' CADASTRO'!$S:$S,'acab equip'!$C$3,' CADASTRO'!$R:$R,'acab equip'!V6) -> 3 | X6: =COUNTIFS(' CADASTRO'!$S:$S,'acab equip'!$D$3,' CADASTRO'!$R:$R,'acab equip'!V6) -> 3 | Y6: =COUNTIFS(' CADASTRO'!$R$746:$R$893,'acab equip'!V6,' CADASTRO'!$S$746:$S$893,'acab equip'!$X$3)+COUNTIFS(' CADASTRO'!$R$746:$R$893,'acab equip'!V6,' CADASTRO'!$S$746:$S$893,'acab equip'!$W$3) -> 2 | Z6: =V6+1 -> 45753 | AB6: =C6+G6+K6+O6+S6+W6 -> 9 | AC6: =D6+H6+L6+P6+T6+X6-AD6 -> 7 | AD6: =M6+Q6+U6+Y6+I6+E6 -> 3 | AE6: =AB6+AC6+AD6 -> 19 | AF6: =TEXT(Z6,"mmm/aaaa") -> abr/2025 | AG6: 45717 | AH6: 45748 | AI6: 45778 | AJ6: 45809 | AK6: 45839 | AL6: 45870 | AM6: 45901 | AN6: 45931 | AO6: 45962 | AP6: 45992 | AQ6: 46023 | AR6: 46054 | AS6: 46082 | AT6: 46113
A7: SEMANA 4 | B7: =Z6+1 -> 45754 | C7: =COUNTIFS(' CADASTRO'!$S:$S,'acab equip'!$C$3,' CADASTRO'!$R:$R,'acab equip'!B7) -> 0 | D7: =COUNTIFS(' CADASTRO'!$S:$S,'acab equip'!$D$3,' CADASTRO'!$R:$R,'acab equip'!B7) -> 2 | E7: =COUNTIFS(' CADASTRO'!$R$746:$R$893,'acab equip'!B7,' CADASTRO'!$S$746:$S$893,'acab equip'!$D$3)+COUNTIFS(' CADASTRO'!$R$746:$R$893,'acab equip'!B7,' CADASTRO'!$S$746:$S$893,'acab equip'!$C$3) -> 0 | F7: =B7+1 -> 45755 | G7: =COUNTIFS(' CADASTRO'!$S:$S,'acab equip'!$C$3,' CADASTRO'!$R:$R,'acab equip'!F7) -> 0 | H7: =COUNTIFS(' CADASTRO'!$S:$S,'acab equip'!$D$3,' CADASTRO'!$R:$R,'acab equip'!F7) -> 0 | I7: =COUNTIFS(' CADASTRO'!$R$746:$R$893,'acab equip'!F7,' CADASTRO'!$S$746:$S$893,'acab equip'!$H$3)+COUNTIFS(' CADASTRO'!$R$746:$R$893,'acab equip'!F7,' CADASTRO'!$S$746:$S$893,'acab equip'!$G$3) -> 0 | J7: =F7+1 -> 45756 | K7: =COUNTIFS(' CADASTRO'!$S:$S,'acab equip'!$C$3,' CADASTRO'!$R:$R,'acab equip'!J7) -> 3 | L7: =COUNTIFS(' CADASTRO'!$S:$S,'acab equip'!$D$3,' CADASTRO'!$R:$R,'acab equip'!J7) -> 1 | M7: =COUNTIFS(' CADASTRO'!$R$746:$R$893,'acab equip'!J7,' CADASTRO'!$S$746:$S$893,'acab equip'!$L$3)+COUNTIFS(' CADASTRO'!$R$746:$R$893,'acab equip'!J7,' CADASTRO'!$S$746:$S$893,'acab equip'!$K$3) -> 1 | N7: =J7+1 -> 45757 | O7: =COUNTIFS(' CADASTRO'!$S:$S,'acab equip'!$C$3,' CADASTRO'!$R:$R,'acab equip'!N7) -> 0 | P7: =COUNTIFS(' CADASTRO'!$S:$S,'acab equip'!$D$3,' CADASTRO'!$R:$R,'acab equip'!N7) -> 0 | Q7: =COUNTIFS(' CADASTRO'!$R$746:$R$893,'acab equip'!N7,' CADASTRO'!$S$746:$S$893,'acab equip'!$P$3)+COUNTIFS(' CADASTRO'!$R$746:$R$893,'acab equip'!N7,' CADASTRO'!$S$746:$S$893,'acab equip'!$O$3) -> 0 | R7: =N7+1 -> 45758 | S7: =COUNTIFS(' CADASTRO'!$S:$S,'acab equip'!$C$3,' CADASTRO'!$R:$R,'acab equip'!R7) -> 3 | T7: =COUNTIFS(' CADASTRO'!$S:$S,'acab equip'!$D$3,' CADASTRO'!$R:$R,'acab equip'!R7) -> 3 | U7: =COUNTIFS(' CADASTRO'!$R$746:$R$893,'acab equip'!R7,' CADASTRO'!$S$746:$S$893,'acab equip'!$T$3)+COUNTIFS(' CADASTRO'!$R$746:$R$893,'acab equip'!R7,' CADASTRO'!$S$746:$S$893,'acab equip'!$S$3) -> 3 | V7: =R7+1 -> 45759 | W7: =COUNTIFS(' CADASTRO'!$S:$S,'acab equip'!$C$3,' CADASTRO'!$R:$R,'acab equip'!V7) -> 0 | X7: =COUNTIFS(' CADASTRO'!$S:$S,'acab equip'!$D$3,' CADASTRO'!$R:$R,'acab equip'!V7) -> 0 | Y7: =COUNTIFS(' CADASTRO'!$R$746:$R$893,'acab equip'!V7,' CADASTRO'!$S$746:$S$893,'acab equip'!$X$3)+COUNTIFS(' CADASTRO'!$R$746:$R$893,'acab equip'!V7,' CADASTRO'!$S$746:$S$893,'acab equip'!$W$3) -> 0 | Z7: =V7+1 -> 45760 | AB7: =C7+G7+K7+O7+S7+W7 -> 6 | AC7: =D7+H7+L7+P7+T7+X7-AD7 -> 2 | AD7: =M7+Q7+U7+Y7+I7+E7 -> 4 | AE7: =AB7+AC7+AD7 -> 12 | AF7: =TEXT(Z7,"mmm/aaaa") -> abr/2025 | AG7: =COUNTIF(' CADASTRO'!$AA$2:$AA$3000,'acab equip'!AG6) -> 15 | AH7: =COUNTIF(' CADASTRO'!$AA$2:$AA$3000,'acab equip'!AH6) -> 58 | AI7: =COUNTIF(' CADASTRO'!$AA$2:$AA$3000,'acab equip'!AI6) -> 62 | AJ7: =COUNTIF(' CADASTRO'!$AA$2:$AA$3000,'acab equip'!AJ6) -> 63 | AK7: =COUNTIF(' CADASTRO'!$AA$2:$AA$3000,'acab equip'!AK6) -> 79 | AL7: =COUNTIF(' CADASTRO'!$AA$2:$AA$3000,'acab equip'!AL6) -> 125 | AM7: =COUNTIF(' CADASTRO'!$AA$2:$AA$3000,'acab equip'!AM6) -> 166 | AN7: =COUNTIF(' CADASTRO'!$AA$2:$AA$3000,'acab equip'!AN6) -> 179 | ... AT7: =COUNTIF(' CADASTRO'!$AA$2:$AA$3000,'acab equip'!AT6) -> 0
A8: SEMANA 5 | B8: =Z7+1 -> 45761 | C8: =COUNTIFS(' CADASTRO'!$S:$S,'acab equip'!$C$3,' CADASTRO'!$R:$R,'acab equip'!B8) -> 0 | D8: =COUNTIFS(' CADASTRO'!$S:$S,'acab equip'!$D$3,' CADASTRO'!$R:$R,'acab equip'!B8) -> 0 | E8: =COUNTIFS(' CADASTRO'!$R$746:$R$893,'acab equip'!B8,' CADASTRO'!$S$746:$S$893,'acab equip'!$D$3)+COUNTIFS(' CADASTRO'!$R$746:$R$893,'acab equip'!B8,' CADASTRO'!$S$746:$S$893,'acab equip'!$C$3) -> 0 | F8: =B8+1 -> 45762 | G8: =COUNTIFS(' CADASTRO'!$S:$S,'acab equip'!$C$3,' CADASTRO'!$R:$R,'acab equip'!F8) -> 0 | H8: =COUNTIFS(' CADASTRO'!$S:$S,'acab equip'!$D$3,' CADASTRO'!$R:$R,'acab equip'!F8) -> 4 | I8: =COUNTIFS(' CADASTRO'!$R$746:$R$893,'acab equip'!F8,' CADASTRO'!$S$746:$S$893,'acab equip'!$H$3)+COUNTIFS(' CADASTRO'!$R$746:$R$893,'acab equip'!F8,' CADASTRO'!$S$746:$S$893,'acab equip'!$G$3) -> 2 | J8: =F8+1 -> 45763 | K8: =COUNTIFS(' CADASTRO'!$S:$S,'acab equip'!$C$3,' CADASTRO'!$R:$R,'acab equip'!J8) -> 0 | L8: =COUNTIFS(' CADASTRO'!$S:$S,'acab equip'!$D$3,' CADASTRO'!$R:$R,'acab equip'!J8) -> 0 | M8: =COUNTIFS(' CADASTRO'!$R$746:$R$893,'acab equip'!J8,' CADASTRO'!$S$746:$S$893,'acab equip'!$L$3)+COUNTIFS(' CADASTRO'!$R$746:$R$893,'acab equip'!J8,' CADASTRO'!$S$746:$S$893,'acab equip'!$K$3) -> 0 | N8: =J8+1 -> 45764 | O8: =COUNTIFS(' CADASTRO'!$S:$S,'acab equip'!$C$3,' CADASTRO'!$R:$R,'acab equip'!N8) -> 4 | P8: =COUNTIFS(' CADASTRO'!$S:$S,'acab equip'!$D$3,' CADASTRO'!$R:$R,'acab equip'!N8) -> 1 | Q8: =COUNTIFS(' CADASTRO'!$R$746:$R$893,'acab equip'!N8,' CADASTRO'!$S$746:$S$893,'acab equip'!$P$3)+COUNTIFS(' CADASTRO'!$R$746:$R$893,'acab equip'!N8,' CADASTRO'!$S$746:$S$893,'acab equip'!$O$3) -> 1 | R8: =N8+1 -> 45765 | S8: =COUNTIFS(' CADASTRO'!$S:$S,'acab equip'!$C$3,' CADASTRO'!$R:$R,'acab equip'!R8) -> 0 | T8: =COUNTIFS(' CADASTRO'!$S:$S,'acab equip'!$D$3,' CADASTRO'!$R:$R,'acab equip'!R8) -> 0 | U8: =COUNTIFS(' CADASTRO'!$R$746:$R$893,'acab equip'!R8,' CADASTRO'!$S$746:$S$893,'acab equip'!$T$3)+COUNTIFS(' CADASTRO'!$R$746:$R$893,'acab equip'!R8,' CADASTRO'!$S$746:$S$893,'acab equip'!$S$3) -> 0 | V8: =R8+1 -> 45766 | W8: =COUNTIFS(' CADASTRO'!$S:$S,'acab equip'!$C$3,' CADASTRO'!$R:$R,'acab equip'!V8) -> 0 | X8: =COUNTIFS(' CADASTRO'!$S:$S,'acab equip'!$D$3,' CADASTRO'!$R:$R,'acab equip'!V8) -> 0 | Y8: =COUNTIFS(' CADASTRO'!$R$746:$R$893,'acab equip'!V8,' CADASTRO'!$S$746:$S$893,'acab equip'!$X$3)+COUNTIFS(' CADASTRO'!$R$746:$R$893,'acab equip'!V8,' CADASTRO'!$S$746:$S$893,'acab equip'!$W$3) -> 0 | Z8: =V8+1 -> 45767 | AB8: =C8+G8+K8+O8+S8+W8 -> 4 | AC8: =D8+H8+L8+P8+T8+X8-AD8 -> 2 | AD8: =M8+Q8+U8+Y8+I8+E8 -> 3 | AE8: =AB8+AC8+AD8 -> 9 | AF8: =TEXT(Z8,"mmm/aaaa") -> abr/2025 | AG8: fechamento contado dia a dia + preciso
A9: SEMANA 6 | B9: =Z8+1 -> 45768 | C9: =COUNTIFS(' CADASTRO'!$S:$S,'acab equip'!$C$3,' CADASTRO'!$R:$R,'acab equip'!B9) -> 0 | D9: =COUNTIFS(' CADASTRO'!$S:$S,'acab equip'!$D$3,' CADASTRO'!$R:$R,'acab equip'!B9) -> 0 | E9: =COUNTIFS(' CADASTRO'!$R$746:$R$893,'acab equip'!B9,' CADASTRO'!$S$746:$S$893,'acab equip'!$D$3)+COUNTIFS(' CADASTRO'!$R$746:$R$893,'acab equip'!B9,' CADASTRO'!$S$746:$S$893,'acab equip'!$C$3) -> 0 | F9: =B9+1 -> 45769 | G9: =COUNTIFS(' CADASTRO'!$S:$S,'acab equip'!$C$3,' CADASTRO'!$R:$R,'acab equip'!F9) -> 3 | H9: =COUNTIFS(' CADASTRO'!$S:$S,'acab equip'!$D$3,' CADASTRO'!$R:$R,'acab equip'!F9) -> 1 | I9: =COUNTIFS(' CADASTRO'!$R$746:$R$893,'acab equip'!F9,' CADASTRO'!$S$746:$S$893,'acab equip'!$H$3)+COUNTIFS(' CADASTRO'!$R$746:$R$893,'acab equip'!F9,' CADASTRO'!$S$746:$S$893,'acab equip'!$G$3) -> 0 | J9: =F9+1 -> 45770 | K9: =COUNTIFS(' CADASTRO'!$S:$S,'acab equip'!$C$3,' CADASTRO'!$R:$R,'acab equip'!J9) -> 0 | L9: =COUNTIFS(' CADASTRO'!$S:$S,'acab equip'!$D$3,' CADASTRO'!$R:$R,'acab equip'!J9) -> 0 | M9: =COUNTIFS(' CADASTRO'!$R$746:$R$893,'acab equip'!J9,' CADASTRO'!$S$746:$S$893,'acab equip'!$L$3)+COUNTIFS(' CADASTRO'!$R$746:$R$893,'acab equip'!J9,' CADASTRO'!$S$746:$S$893,'acab equip'!$K$3) -> 0 | N9: =J9+1 -> 45771 | O9: =COUNTIFS(' CADASTRO'!$S:$S,'acab equip'!$C$3,' CADASTRO'!$R:$R,'acab equip'!N9) -> 0 | P9: =COUNTIFS(' CADASTRO'!$S:$S,'acab equip'!$D$3,' CADASTRO'!$R:$R,'acab equip'!N9) -> 3 | Q9: =COUNTIFS(' CADASTRO'!$R$746:$R$893,'acab equip'!N9,' CADASTRO'!$S$746:$S$893,'acab equip'!$P$3)+COUNTIFS(' CADASTRO'!$R$746:$R$893,'acab equip'!N9,' CADASTRO'!$S$746:$S$893,'acab equip'!$O$3) -> 1 | R9: =N9+1 -> 45772 | S9: =COUNTIFS(' CADASTRO'!$S:$S,'acab equip'!$C$3,' CADASTRO'!$R:$R,'acab equip'!R9) -> 0 | T9: =COUNTIFS(' CADASTRO'!$S:$S,'acab equip'!$D$3,' CADASTRO'!$R:$R,'acab equip'!R9) -> 0 | U9: =COUNTIFS(' CADASTRO'!$R$746:$R$893,'acab equip'!R9,' CADASTRO'!$S$746:$S$893,'acab equip'!$T$3)+COUNTIFS(' CADASTRO'!$R$746:$R$893,'acab equip'!R9,' CADASTRO'!$S$746:$S$893,'acab equip'!$S$3) -> 0 | V9: =R9+1 -> 45773 | W9: =COUNTIFS(' CADASTRO'!$S:$S,'acab equip'!$C$3,' CADASTRO'!$R:$R,'acab equip'!V9) -> 3 | X9: =COUNTIFS(' CADASTRO'!$S:$S,'acab equip'!$D$3,' CADASTRO'!$R:$R,'acab equip'!V9) -> 3 | Y9: =COUNTIFS(' CADASTRO'!$R$746:$R$893,'acab equip'!V9,' CADASTRO'!$S$746:$S$893,'acab equip'!$X$3)+COUNTIFS(' CADASTRO'!$R$746:$R$893,'acab equip'!V9,' CADASTRO'!$S$746:$S$893,'acab equip'!$W$3) -> 2 | Z9: =V9+1 -> 45774 | AB9: =C9+G9+K9+O9+S9+W9 -> 6 | AC9: =D9+H9+L9+P9+T9+X9-AD9 -> 4 | AD9: =M9+Q9+U9+Y9+I9+E9 -> 3 | AE9: =AB9+AC9+AD9 -> 13 | AF9: =TEXT(Z9,"mmm/aaaa") -> abr/2025
A10: SEMANA 7 | B10: =Z9+1 -> 45775 | C10: =COUNTIFS(' CADASTRO'!$S:$S,'acab equip'!$C$3,' CADASTRO'!$R:$R,'acab equip'!B10) -> 1 | D10: =COUNTIFS(' CADASTRO'!$S:$S,'acab equip'!$D$3,' CADASTRO'!$R:$R,'acab equip'!B10) -> 0 | E10: =COUNTIFS(' CADASTRO'!$R$746:$R$893,'acab equip'!B10,' CADASTRO'!$S$746:$S$893,'acab equip'!$D$3)+COUNTIFS(' CADASTRO'!$R$746:$R$893,'acab equip'!B10,' CADASTRO'!$S$746:$S$893,'acab equip'!$C$3) -> 0 | F10: =B10+1 -> 45776 | G10: =COUNTIFS(' CADASTRO'!$S:$S,'acab equip'!$C$3,' CADASTRO'!$R:$R,'acab equip'!F10) -> 2 | H10: =COUNTIFS(' CADASTRO'!$S:$S,'acab equip'!$D$3,' CADASTRO'!$R:$R,'acab equip'!F10) -> 0 | I10: =COUNTIFS(' CADASTRO'!$R$746:$R$893,'acab equip'!F10,' CADASTRO'!$S$746:$S$893,'acab equip'!$H$3)+COUNTIFS(' CADASTRO'!$R$746:$R$893,'acab equip'!F10,' CADASTRO'!$S$746:$S$893,'acab equip'!$G$3) -> 0 | J10: =F10+1 -> 45777 | K10: =COUNTIFS(' CADASTRO'!$S:$S,'acab equip'!$C$3,' CADASTRO'!$R:$R,'acab equip'!J10) -> 2 | L10: =COUNTIFS(' CADASTRO'!$S:$S,'acab equip'!$D$3,' CADASTRO'!$R:$R,'acab equip'!J10) -> 2 | M10: =COUNTIFS(' CADASTRO'!$R$746:$R$893,'acab equip'!J10,' CADASTRO'!$S$746:$S$893,'acab equip'!$L$3)+COUNTIFS(' CADASTRO'!$R$746:$R$893,'acab equip'!J10,' CADASTRO'!$S$746:$S$893,'acab equip'!$K$3) -> 1 | N10: =J10+1 -> 45778 | O10: =COUNTIFS(' CADASTRO'!$S:$S,'acab equip'!$C$3,' CADASTRO'!$R:$R,'acab equip'!N10) -> 0 | P10: =COUNTIFS(' CADASTRO'!$S:$S,'acab equip'!$D$3,' CADASTRO'!$R:$R,'acab equip'!N10) -> 0 | Q10: =COUNTIFS(' CADASTRO'!$R$746:$R$893,'acab equip'!N10,' CADASTRO'!$S$746:$S$893,'acab equip'!$P$3)+COUNTIFS(' CADASTRO'!$R$746:$R$893,'acab equip'!N10,' CADASTRO'!$S$746:$S$893,'acab equip'!$O$3) -> 0 | R10: =N10+1 -> 45779 | S10: =COUNTIFS(' CADASTRO'!$S:$S,'acab equip'!$C$3,' CADASTRO'!$R:$R,'acab equip'!R10) -> 2 | T10: =COUNTIFS(' CADASTRO'!$S:$S,'acab equip'!$D$3,' CADASTRO'!$R:$R,'acab equip'!R10) -> 2 | U10: =COUNTIFS(' CADASTRO'!$R$746:$R$893,'acab equip'!R10,' CADASTRO'!$S$746:$S$893,'acab equip'!$T$3)+COUNTIFS(' CADASTRO'!$R$746:$R$893,'acab equip'!R10,' CADASTRO'!$S$746:$S$893,'acab equip'!$S$3) -> 0 | V10: =R10+1 -> 45780 | W10: =COUNTIFS(' CADASTRO'!$S:$S,'acab equip'!$C$3,' CADASTRO'!$R:$R,'acab equip'!V10) -> 0 | X10: =COUNTIFS(' CADASTRO'!$S:$S,'acab equip'!$D$3,' CADASTRO'!$R:$R,'acab equip'!V10) -> 0 | Y10: =COUNTIFS(' CADASTRO'!$R$746:$R$893,'acab equip'!V10,' CADASTRO'!$S$746:$S$893,'acab equip'!$X$3)+COUNTIFS(' CADASTRO'!$R$746:$R$893,'acab equip'!V10,' CADASTRO'!$S$746:$S$893,'acab equip'!$W$3) -> 0 | Z10: =V10+1 -> 45781 | AB10: =C10+G10+K10+O10+S10+W10 -> 7 | AC10: =D10+H10+L10+P10+T10+X10-AD10 -> 3 | AD10: =M10+Q10+U10+Y10+I10+E10 -> 1 | AE10: =AB10+AC10+AD10 -> 11 | AF10: =TEXT(Z10,"mmm/aaaa") -> mai/2025
A11: SEMANA 8 | B11: =Z10+1 -> 45782 | C11: =COUNTIFS(' CADASTRO'!$S:$S,'acab equip'!$C$3,' CADASTRO'!$R:$R,'acab equip'!B11) -> 0 | D11: =COUNTIFS(' CADASTRO'!$S:$S,'acab equip'!$D$3,' CADASTRO'!$R:$R,'acab equip'!B11) -> 3 | E11: =COUNTIFS(' CADASTRO'!$R$746:$R$893,'acab equip'!B11,' CADASTRO'!$S$746:$S$893,'acab equip'!$D$3)+COUNTIFS(' CADASTRO'!$R$746:$R$893,'acab equip'!B11,' CADASTRO'!$S$746:$S$893,'acab equip'!$C$3) -> 1 | F11: =B11+1 -> 45783 | G11: =COUNTIFS(' CADASTRO'!$S:$S,'acab equip'!$C$3,' CADASTRO'!$R:$R,'acab equip'!F11) -> 2 | H11: =COUNTIFS(' CADASTRO'!$S:$S,'acab equip'!$D$3,' CADASTRO'!$R:$R,'acab equip'!F11) -> 0 | I11: =COUNTIFS(' CADASTRO'!$R$746:$R$893,'acab equip'!F11,' CADASTRO'!$S$746:$S$893,'acab equip'!$H$3)+COUNTIFS(' CADASTRO'!$R$746:$R$893,'acab equip'!F11,' CADASTRO'!$S$746:$S$893,'acab equip'!$G$3) -> 1 | J11: =F11+1 -> 45784 | K11: =COUNTIFS(' CADASTRO'!$S:$S,'acab equip'!$C$3,' CADASTRO'!$R:$R,'acab equip'!J11) -> 3 | L11: =COUNTIFS(' CADASTRO'!$S:$S,'acab equip'!$D$3,' CADASTRO'!$R:$R,'acab equip'!J11) -> 1 | M11: =COUNTIFS(' CADASTRO'!$R$746:$R$893,'acab equip'!J11,' CADASTRO'!$S$746:$S$893,'acab equip'!$L$3)+COUNTIFS(' CADASTRO'!$R$746:$R$893,'acab equip'!J11,' CADASTRO'!$S$746:$S$893,'acab equip'!$K$3) -> 1 | N11: =J11+1 -> 45785 | O11: =COUNTIFS(' CADASTRO'!$S:$S,'acab equip'!$C$3,' CADASTRO'!$R:$R,'acab equip'!N11) -> 0 | P11: =COUNTIFS(' CADASTRO'!$S:$S,'acab equip'!$D$3,' CADASTRO'!$R:$R,'acab equip'!N11) -> 0 | Q11: =COUNTIFS(' CADASTRO'!$R$746:$R$893,'acab equip'!N11,' CADASTRO'!$S$746:$S$893,'acab equip'!$P$3)+COUNTIFS(' CADASTRO'!$R$746:$R$893,'acab equip'!N11,' CADASTRO'!$S$746:$S$893,'acab equip'!$O$3) -> 0 | R11: =N11+1 -> 45786 | S11: =COUNTIFS(' CADASTRO'!$S:$S,'acab equip'!$C$3,' CADASTRO'!$R:$R,'acab equip'!R11) -> 2 | T11: =COUNTIFS(' CADASTRO'!$S:$S,'acab equip'!$D$3,' CADASTRO'!$R:$R,'acab equip'!R11) -> 1 | U11: =COUNTIFS(' CADASTRO'!$R$746:$R$893,'acab equip'!R11,' CADASTRO'!$S$746:$S$893,'acab equip'!$T$3)+COUNTIFS(' CADASTRO'!$R$746:$R$893,'acab equip'!R11,' CADASTRO'!$S$746:$S$893,'acab equip'!$S$3) -> 1 | V11: =R11+1 -> 45787 | W11: =COUNTIFS(' CADASTRO'!$S:$S,'acab equip'!$C$3,' CADASTRO'!$R:$R,'acab equip'!V11) -> 0 | X11: =COUNTIFS(' CADASTRO'!$S:$S,'acab equip'!$D$3,' CADASTRO'!$R:$R,'acab equip'!V11) -> 0 | Y11: =COUNTIFS(' CADASTRO'!$R$746:$R$893,'acab equip'!V11,' CADASTRO'!$S$746:$S$893,'acab equip'!$X$3)+COUNTIFS(' CADASTRO'!$R$746:$R$893,'acab equip'!V11,' CADASTRO'!$S$746:$S$893,'acab equip'!$W$3) -> 0 | Z11: =V11+1 -> 45788 | AB11: =C11+G11+K11+O11+S11+W11 -> 7 | AC11: =D11+H11+L11+P11+T11+X11-AD11 -> 1 | AD11: =M11+Q11+U11+Y11+I11+E11 -> 4 | AE11: =AB11+AC11+AD11 -> 12 | AF11: =TEXT(Z11,"mmm/aaaa") -> mai/2025
A12: SEMANA 9 | B12: =Z11+1 -> 45789 | C12: =COUNTIFS(' CADASTRO'!$S:$S,'acab equip'!$C$3,' CADASTRO'!$R:$R,'acab equip'!B12) -> 2 | D12: =COUNTIFS(' CADASTRO'!$S:$S,'acab equip'!$D$3,' CADASTRO'!$R:$R,'acab equip'!B12) -> 0 | E12: =COUNTIFS(' CADASTRO'!$R$746:$R$893,'acab equip'!B12,' CADASTRO'!$S$746:$S$893,'acab equip'!$D$3)+COUNTIFS(' CADASTRO'!$R$746:$R$893,'acab equip'!B12,' CADASTRO'!$S$746:$S$893,'acab equip'!$C$3) -> 1 | F12: =B12+1 -> 45790 | G12: =COUNTIFS(' CADASTRO'!$S:$S,'acab equip'!$C$3,' CADASTRO'!$R:$R,'acab equip'!F12) -> 0 | H12: =COUNTIFS(' CADASTRO'!$S:$S,'acab equip'!$D$3,' CADASTRO'!$R:$R,'acab equip'!F12) -> 0 | I12: =COUNTIFS(' CADASTRO'!$R$746:$R$893,'acab equip'!F12,' CADASTRO'!$S$746:$S$893,'acab equip'!$H$3)+COUNTIFS(' CADASTRO'!$R$746:$R$893,'acab equip'!F12,' CADASTRO'!$S$746:$S$893,'acab equip'!$G$3) -> 0 | J12: =F12+1 -> 45791 | K12: =COUNTIFS(' CADASTRO'!$S:$S,'acab equip'!$C$3,' CADASTRO'!$R:$R,'acab equip'!J12) -> 4 | L12: =COUNTIFS(' CADASTRO'!$S:$S,'acab equip'!$D$3,' CADASTRO'!$R:$R,'acab equip'!J12) -> 1 | M12: =COUNTIFS(' CADASTRO'!$R$746:$R$893,'acab equip'!J12,' CADASTRO'!$S$746:$S$893,'acab equip'!$L$3)+COUNTIFS(' CADASTRO'!$R$746:$R$893,'acab equip'!J12,' CADASTRO'!$S$746:$S$893,'acab equip'!$K$3) -> 2 | N12: =J12+1 -> 45792 | O12: =COUNTIFS(' CADASTRO'!$S:$S,'acab equip'!$C$3,' CADASTRO'!$R:$R,'acab equip'!N12) -> 0 | P12: =COUNTIFS(' CADASTRO'!$S:$S,'acab equip'!$D$3,' CADASTRO'!$R:$R,'acab equip'!N12) -> 0 | Q12: =COUNTIFS(' CADASTRO'!$R$746:$R$893,'acab equip'!N12,' CADASTRO'!$S$746:$S$893,'acab equip'!$P$3)+COUNTIFS(' CADASTRO'!$R$746:$R$893,'acab equip'!N12,' CADASTRO'!$S$746:$S$893,'acab equip'!$O$3) -> 0 | R12: =N12+1 -> 45793 | S12: =COUNTIFS(' CADASTRO'!$S:$S,'acab equip'!$C$3,' CADASTRO'!$R:$R,'acab equip'!R12) -> 1 | T12: =COUNTIFS(' CADASTRO'!$S:$S,'acab equip'!$D$3,' CADASTRO'!$R:$R,'acab equip'!R12) -> 2 | U12: =COUNTIFS(' CADASTRO'!$R$746:$R$893,'acab equip'!R12,' CADASTRO'!$S$746:$S$893,'acab equip'!$T$3)+COUNTIFS(' CADASTRO'!$R$746:$R$893,'acab equip'!R12,' CADASTRO'!$S$746:$S$893,'acab equip'!$S$3) -> 0 | V12: =R12+1 -> 45794 | W12: =COUNTIFS(' CADASTRO'!$S:$S,'acab equip'!$C$3,' CADASTRO'!$R:$R,'acab equip'!V12) -> 0 | X12: =COUNTIFS(' CADASTRO'!$S:$S,'acab equip'!$D$3,' CADASTRO'!$R:$R,'acab equip'!V12) -> 0 | Y12: =COUNTIFS(' CADASTRO'!$R$746:$R$893,'acab equip'!V12,' CADASTRO'!$S$746:$S$893,'acab equip'!$X$3)+COUNTIFS(' CADASTRO'!$R$746:$R$893,'acab equip'!V12,' CADASTRO'!$S$746:$S$893,'acab equip'!$W$3) -> 0 | Z12: =V12+1 -> 45795 | AB12: =C12+G12+K12+O12+S12+W12 -> 7 | AC12: =D12+H12+L12+P12+T12+X12-AD12 -> 0 | AD12: =M12+Q12+U12+Y12+I12+E12 -> 3 | AE12: =AB12+AC12+AD12 -> 10 | AF12: =TEXT(Z12,"mmm/aaaa") -> mai/2025
A13: SEMANA 10 | B13: =Z12+1 -> 45796 | C13: =COUNTIFS(' CADASTRO'!$S:$S,'acab equip'!$C$3,' CADASTRO'!$R:$R,'acab equip'!B13) -> 2 | D13: =COUNTIFS(' CADASTRO'!$S:$S,'acab equip'!$D$3,' CADASTRO'!$R:$R,'acab equip'!B13) -> 0 | E13: =COUNTIFS(' CADASTRO'!$R$746:$R$893,'acab equip'!B13,' CADASTRO'!$S$746:$S$893,'acab equip'!$D$3)+COUNTIFS(' CADASTRO'!$R$746:$R$893,'acab equip'!B13,' CADASTRO'!$S$746:$S$893,'acab equip'!$C$3) -> 0 | F13: =B13+1 -> 45797 | G13: =COUNTIFS(' CADASTRO'!$S:$S,'acab equip'!$C$3,' CADASTRO'!$R:$R,'acab equip'!F13) -> 5 | H13: =COUNTIFS(' CADASTRO'!$S:$S,'acab equip'!$D$3,' CADASTRO'!$R:$R,'acab equip'!F13) -> 2 | I13: =COUNTIFS(' CADASTRO'!$R$746:$R$893,'acab equip'!F13,' CADASTRO'!$S$746:$S$893,'acab equip'!$H$3)+COUNTIFS(' CADASTRO'!$R$746:$R$893,'acab equip'!F13,' CADASTRO'!$S$746:$S$893,'acab equip'!$G$3) -> 1 | J13: =F13+1 -> 45798 | K13: =COUNTIFS(' CADASTRO'!$S:$S,'acab equip'!$C$3,' CADASTRO'!$R:$R,'acab equip'!J13) -> 2 | L13: =COUNTIFS(' CADASTRO'!$S:$S,'acab equip'!$D$3,' CADASTRO'!$R:$R,'acab equip'!J13) -> 3 | M13: =COUNTIFS(' CADASTRO'!$R$746:$R$893,'acab equip'!J13,' CADASTRO'!$S$746:$S$893,'acab equip'!$L$3)+COUNTIFS(' CADASTRO'!$R$746:$R$893,'acab equip'!J13,' CADASTRO'!$S$746:$S$893,'acab equip'!$K$3) -> 1 | N13: =J13+1 -> 45799 | O13: =COUNTIFS(' CADASTRO'!$S:$S,'acab equip'!$C$3,' CADASTRO'!$R:$R,'acab equip'!N13) -> 2 | P13: =COUNTIFS(' CADASTRO'!$S:$S,'acab equip'!$D$3,' CADASTRO'!$R:$R,'acab equip'!N13) -> 0 | Q13: =COUNTIFS(' CADASTRO'!$R$746:$R$893,'acab equip'!N13,' CADASTRO'!$S$746:$S$893,'acab equip'!$P$3)+COUNTIFS(' CADASTRO'!$R$746:$R$893,'acab equip'!N13,' CADASTRO'!$S$746:$S$893,'acab equip'!$O$3) -> 1 | R13: =N13+1 -> 45800 | S13: =COUNTIFS(' CADASTRO'!$S:$S,'acab equip'!$C$3,' CADASTRO'!$R:$R,'acab equip'!R13) -> 0 | T13: =COUNTIFS(' CADASTRO'!$S:$S,'acab equip'!$D$3,' CADASTRO'!$R:$R,'acab equip'!R13) -> 2 | U13: =COUNTIFS(' CADASTRO'!$R$746:$R$893,'acab equip'!R13,' CADASTRO'!$S$746:$S$893,'acab equip'!$T$3)+COUNTIFS(' CADASTRO'!$R$746:$R$893,'acab equip'!R13,' CADASTRO'!$S$746:$S$893,'acab equip'!$S$3) -> 0 | V13: =R13+1 -> 45801 | W13: =COUNTIFS(' CADASTRO'!$S:$S,'acab equip'!$C$3,' CADASTRO'!$R:$R,'acab equip'!V13) -> 2 | X13: =COUNTIFS(' CADASTRO'!$S:$S,'acab equip'!$D$3,' CADASTRO'!$R:$R,'acab equip'!V13) -> 0 | Y13: =COUNTIFS(' CADASTRO'!$R$746:$R$893,'acab equip'!V13,' CADASTRO'!$S$746:$S$893,'acab equip'!$X$3)+COUNTIFS(' CADASTRO'!$R$746:$R$893,'acab equip'!V13,' CADASTRO'!$S$746:$S$893,'acab equip'!$W$3) -> 0 | Z13: =V13+1 -> 45802 | AB13: =C13+G13+K13+O13+S13+W13 -> 13 | AC13: =D13+H13+L13+P13+T13+X13-AD13 -> 4 | AD13: =M13+Q13+U13+Y13+I13+E13 -> 3 | AE13: =AB13+AC13+AD13 -> 20 | AF13: =TEXT(Z13,"mmm/aaaa") -> mai/2025
A14: SEMANA 11 | B14: =Z13+1 -> 45803 | C14: =COUNTIFS(' CADASTRO'!$S:$S,'acab equip'!$C$3,' CADASTRO'!$R:$R,'acab equip'!B14) -> 2 | D14: =COUNTIFS(' CADASTRO'!$S:$S,'acab equip'!$D$3,' CADASTRO'!$R:$R,'acab equip'!B14) -> 2 | E14: =COUNTIFS(' CADASTRO'!$R$746:$R$893,'acab equip'!B14,' CADASTRO'!$S$746:$S$893,'acab equip'!$D$3)+COUNTIFS(' CADASTRO'!$R$746:$R$893,'acab equip'!B14,' CADASTRO'!$S$746:$S$893,'acab equip'!$C$3) -> 0 | F14: =B14+1 -> 45804 | G14: =COUNTIFS(' CADASTRO'!$S:$S,'acab equip'!$C$3,' CADASTRO'!$R:$R,'acab equip'!F14) -> 2 | H14: =COUNTIFS(' CADASTRO'!$S:$S,'acab equip'!$D$3,' CADASTRO'!$R:$R,'acab equip'!F14) -> 3 | I14: =COUNTIFS(' CADASTRO'!$R$746:$R$893,'acab equip'!F14,' CADASTRO'!$S$746:$S$893,'acab equip'!$H$3)+COUNTIFS(' CADASTRO'!$R$746:$R$893,'acab equip'!F14,' CADASTRO'!$S$746:$S$893,'acab equip'!$G$3) -> 2 | J14: =F14+1 -> 45805 | K14: =COUNTIFS(' CADASTRO'!$S:$S,'acab equip'!$C$3,' CADASTRO'!$R:$R,'acab equip'!J14) -> 2 | L14: =COUNTIFS(' CADASTRO'!$S:$S,'acab equip'!$D$3,' CADASTRO'!$R:$R,'acab equip'!J14) -> 0 | M14: =COUNTIFS(' CADASTRO'!$R$746:$R$893,'acab equip'!J14,' CADASTRO'!$S$746:$S$893,'acab equip'!$L$3)+COUNTIFS(' CADASTRO'!$R$746:$R$893,'acab equip'!J14,' CADASTRO'!$S$746:$S$893,'acab equip'!$K$3) -> 2 | N14: =J14+1 -> 45806 | O14: =COUNTIFS(' CADASTRO'!$S:$S,'acab equip'!$C$3,' CADASTRO'!$R:$R,'acab equip'!N14) -> 1 | P14: =COUNTIFS(' CADASTRO'!$S:$S,'acab equip'!$D$3,' CADASTRO'!$R:$R,'acab equip'!N14) -> 0 | Q14: =COUNTIFS(' CADASTRO'!$R$746:$R$893,'acab equip'!N14,' CADASTRO'!$S$746:$S$893,'acab equip'!$P$3)+COUNTIFS(' CADASTRO'!$R$746:$R$893,'acab equip'!N14,' CADASTRO'!$S$746:$S$893,'acab equip'!$O$3) -> 0 | R14: =N14+1 -> 45807 | S14: =COUNTIFS(' CADASTRO'!$S:$S,'acab equip'!$C$3,' CADASTRO'!$R:$R,'acab equip'!R14) -> 2 | T14: =COUNTIFS(' CADASTRO'!$S:$S,'acab equip'!$D$3,' CADASTRO'!$R:$R,'acab equip'!R14) -> 2 | U14: =COUNTIFS(' CADASTRO'!$R$746:$R$893,'acab equip'!R14,' CADASTRO'!$S$746:$S$893,'acab equip'!$T$3)+COUNTIFS(' CADASTRO'!$R$746:$R$893,'acab equip'!R14,' CADASTRO'!$S$746:$S$893,'acab equip'!$S$3) -> 1 | V14: =R14+1 -> 45808 | W14: =COUNTIFS(' CADASTRO'!$S:$S,'acab equip'!$C$3,' CADASTRO'!$R:$R,'acab equip'!V14) -> 0 | X14: =COUNTIFS(' CADASTRO'!$S:$S,'acab equip'!$D$3,' CADASTRO'!$R:$R,'acab equip'!V14) -> 0 | Y14: =COUNTIFS(' CADASTRO'!$R$746:$R$893,'acab equip'!V14,' CADASTRO'!$S$746:$S$893,'acab equip'!$X$3)+COUNTIFS(' CADASTRO'!$R$746:$R$893,'acab equip'!V14,' CADASTRO'!$S$746:$S$893,'acab equip'!$W$3) -> 0 | Z14: =V14+1 -> 45809 | AB14: =C14+G14+K14+O14+S14+W14 -> 9 | AC14: =D14+H14+L14+P14+T14+X14-AD14 -> 2 | AD14: =M14+Q14+U14+Y14+I14+E14 -> 5 | AE14: =AB14+AC14+AD14 -> 16 | AF14: =TEXT(Z14,"mmm/aaaa") -> jun/2025
A15: SEMANA 12 | B15: =Z14+1 -> 45810 | C15: =COUNTIFS(' CADASTRO'!$S:$S,'acab equip'!$C$3,' CADASTRO'!$R:$R,'acab equip'!B15) -> 2 | D15: =COUNTIFS(' CADASTRO'!$S:$S,'acab equip'!$D$3,' CADASTRO'!$R:$R,'acab equip'!B15) -> 0 | E15: =COUNTIFS(' CADASTRO'!$R$746:$R$893,'acab equip'!B15,' CADASTRO'!$S$746:$S$893,'acab equip'!$D$3)+COUNTIFS(' CADASTRO'!$R$746:$R$893,'acab equip'!B15,' CADASTRO'!$S$746:$S$893,'acab equip'!$C$3) -> 0 | F15: =B15+1 -> 45811 | G15: =COUNTIFS(' CADASTRO'!$S:$S,'acab equip'!$C$3,' CADASTRO'!$R:$R,'acab equip'!F15) -> 0 | H15: =COUNTIFS(' CADASTRO'!$S:$S,'acab equip'!$D$3,' CADASTRO'!$R:$R,'acab equip'!F15) -> 3 | I15: =COUNTIFS(' CADASTRO'!$R$746:$R$893,'acab equip'!F15,' CADASTRO'!$S$746:$S$893,'acab equip'!$H$3)+COUNTIFS(' CADASTRO'!$R$746:$R$893,'acab equip'!F15,' CADASTRO'!$S$746:$S$893,'acab equip'!$G$3) -> 0 | J15: =F15+1 -> 45812 | K15: =COUNTIFS(' CADASTRO'!$S:$S,'acab equip'!$C$3,' CADASTRO'!$R:$R,'acab equip'!J15) -> 2 | L15: =COUNTIFS(' CADASTRO'!$S:$S,'acab equip'!$D$3,' CADASTRO'!$R:$R,'acab equip'!J15) -> 3 | M15: =COUNTIFS(' CADASTRO'!$R$746:$R$893,'acab equip'!J15,' CADASTRO'!$S$746:$S$893,'acab equip'!$L$3)+COUNTIFS(' CADASTRO'!$R$746:$R$893,'acab equip'!J15,' CADASTRO'!$S$746:$S$893,'acab equip'!$K$3) -> 0 | N15: =J15+1 -> 45813 | O15: =COUNTIFS(' CADASTRO'!$S:$S,'acab equip'!$C$3,' CADASTRO'!$R:$R,'acab equip'!N15) -> 1 | P15: =COUNTIFS(' CADASTRO'!$S:$S,'acab equip'!$D$3,' CADASTRO'!$R:$R,'acab equip'!N15) -> 0 | Q15: =COUNTIFS(' CADASTRO'!$R$746:$R$893,'acab equip'!N15,' CADASTRO'!$S$746:$S$893,'acab equip'!$P$3)+COUNTIFS(' CADASTRO'!$R$746:$R$893,'acab equip'!N15,' CADASTRO'!$S$746:$S$893,'acab equip'!$O$3) -> 0 | R15: =N15+1 -> 45814 | S15: =COUNTIFS(' CADASTRO'!$S:$S,'acab equip'!$C$3,' CADASTRO'!$R:$R,'acab equip'!R15) -> 0 | T15: =COUNTIFS(' CADASTRO'!$S:$S,'acab equip'!$D$3,' CADASTRO'!$R:$R,'acab equip'!R15) -> 0 | U15: =COUNTIFS(' CADASTRO'!$R$746:$R$893,'acab equip'!R15,' CADASTRO'!$S$746:$S$893,'acab equip'!$T$3)+COUNTIFS(' CADASTRO'!$R$746:$R$893,'acab equip'!R15,' CADASTRO'!$S$746:$S$893,'acab equip'!$S$3) -> 0 | V15: =R15+1 -> 45815 | W15: =COUNTIFS(' CADASTRO'!$S:$S,'acab equip'!$C$3,' CADASTRO'!$R:$R,'acab equip'!V15) -> 2 | X15: =COUNTIFS(' CADASTRO'!$S:$S,'acab equip'!$D$3,' CADASTRO'!$R:$R,'acab equip'!V15) -> 2 | Y15: =COUNTIFS(' CADASTRO'!$R$746:$R$893,'acab equip'!V15,' CADASTRO'!$S$746:$S$893,'acab equip'!$X$3)+COUNTIFS(' CADASTRO'!$R$746:$R$893,'acab equip'!V15,' CADASTRO'!$S$746:$S$893,'acab equip'!$W$3) -> 0 | Z15: =V15+1 -> 45816 | AB15: =C15+G15+K15+O15+S15+W15 -> 7 | AC15: =D15+H15+L15+P15+T15+X15-AD15 -> 8 | AD15: =M15+Q15+U15+Y15+I15+E15 -> 0 | AE15: =AB15+AC15+AD15 -> 15 | AF15: =TEXT(Z15,"mmm/aaaa") -> jun/2025
A16: SEMANA 13 | B16: =Z15+1 -> 45817 | C16: =COUNTIFS(' CADASTRO'!$S:$S,'acab equip'!$C$3,' CADASTRO'!$R:$R,'acab equip'!B16) -> 0 | D16: =COUNTIFS(' CADASTRO'!$S:$S,'acab equip'!$D$3,' CADASTRO'!$R:$R,'acab equip'!B16) -> 2 | E16: =COUNTIFS(' CADASTRO'!$R$746:$R$893,'acab equip'!B16,' CADASTRO'!$S$746:$S$893,'acab equip'!$D$3)+COUNTIFS(' CADASTRO'!$R$746:$R$893,'acab equip'!B16,' CADASTRO'!$S$746:$S$893,'acab equip'!$C$3) -> 0 | F16: =B16+1 -> 45818 | G16: =COUNTIFS(' CADASTRO'!$S:$S,'acab equip'!$C$3,' CADASTRO'!$R:$R,'acab equip'!F16) -> 1 | H16: =COUNTIFS(' CADASTRO'!$S:$S,'acab equip'!$D$3,' CADASTRO'!$R:$R,'acab equip'!F16) -> 1 | I16: =COUNTIFS(' CADASTRO'!$R$746:$R$893,'acab equip'!F16,' CADASTRO'!$S$746:$S$893,'acab equip'!$H$3)+COUNTIFS(' CADASTRO'!$R$746:$R$893,'acab equip'!F16,' CADASTRO'!$S$746:$S$893,'acab equip'!$G$3) -> 0 | J16: =F16+1 -> 45819 | K16: =COUNTIFS(' CADASTRO'!$S:$S,'acab equip'!$C$3,' CADASTRO'!$R:$R,'acab equip'!J16) -> 0 | L16: =COUNTIFS(' CADASTRO'!$S:$S,'acab equip'!$D$3,' CADASTRO'!$R:$R,'acab equip'!J16) -> 2 | M16: =COUNTIFS(' CADASTRO'!$R$746:$R$893,'acab equip'!J16,' CADASTRO'!$S$746:$S$893,'acab equip'!$L$3)+COUNTIFS(' CADASTRO'!$R$746:$R$893,'acab equip'!J16,' CADASTRO'!$S$746:$S$893,'acab equip'!$K$3) -> 0 | N16: =J16+1 -> 45820 | O16: =COUNTIFS(' CADASTRO'!$S:$S,'acab equip'!$C$3,' CADASTRO'!$R:$R,'acab equip'!N16) -> 1 | P16: =COUNTIFS(' CADASTRO'!$S:$S,'acab equip'!$D$3,' CADASTRO'!$R:$R,'acab equip'!N16) -> 3 | Q16: =COUNTIFS(' CADASTRO'!$R$746:$R$893,'acab equip'!N16,' CADASTRO'!$S$746:$S$893,'acab equip'!$P$3)+COUNTIFS(' CADASTRO'!$R$746:$R$893,'acab equip'!N16,' CADASTRO'!$S$746:$S$893,'acab equip'!$O$3) -> 0 | R16: =N16+1 -> 45821 | S16: =COUNTIFS(' CADASTRO'!$S:$S,'acab equip'!$C$3,' CADASTRO'!$R:$R,'acab equip'!R16) -> 1 | T16: =COUNTIFS(' CADASTRO'!$S:$S,'acab equip'!$D$3,' CADASTRO'!$R:$R,'acab equip'!R16) -> 0 | U16: =COUNTIFS(' CADASTRO'!$R$746:$R$893,'acab equip'!R16,' CADASTRO'!$S$746:$S$893,'acab equip'!$T$3)+COUNTIFS(' CADASTRO'!$R$746:$R$893,'acab equip'!R16,' CADASTRO'!$S$746:$S$893,'acab equip'!$S$3) -> 0 | V16: =R16+1 -> 45822 | W16: =COUNTIFS(' CADASTRO'!$S:$S,'acab equip'!$C$3,' CADASTRO'!$R:$R,'acab equip'!V16) -> 1 | X16: =COUNTIFS(' CADASTRO'!$S:$S,'acab equip'!$D$3,' CADASTRO'!$R:$R,'acab equip'!V16) -> 3 | Y16: =COUNTIFS(' CADASTRO'!$R$746:$R$893,'acab equip'!V16,' CADASTRO'!$S$746:$S$893,'acab equip'!$X$3)+COUNTIFS(' CADASTRO'!$R$746:$R$893,'acab equip'!V16,' CADASTRO'!$S$746:$S$893,'acab equip'!$W$3) -> 0 | Z16: =V16+1 -> 45823 | AB16: =C16+G16+K16+O16+S16+W16 -> 4 | AC16: =D16+H16+L16+P16+T16+X16-AD16 -> 11 | AD16: =M16+Q16+U16+Y16+I16+E16 -> 0 | AE16: =AB16+AC16+AD16 -> 15 | AF16: =TEXT(Z16,"mmm/aaaa") -> jun/2025
A17: SEMANA 14 | B17: =Z16+1 -> 45824 | C17: =COUNTIFS(' CADASTRO'!$S:$S,'acab equip'!$C$3,' CADASTRO'!$R:$R,'acab equip'!B17) -> 0 | D17: =COUNTIFS(' CADASTRO'!$S:$S,'acab equip'!$D$3,' CADASTRO'!$R:$R,'acab equip'!B17) -> 3 | E17: =COUNTIFS(' CADASTRO'!$R$746:$R$893,'acab equip'!B17,' CADASTRO'!$S$746:$S$893,'acab equip'!$D$3)+COUNTIFS(' CADASTRO'!$R$746:$R$893,'acab equip'!B17,' CADASTRO'!$S$746:$S$893,'acab equip'!$C$3) -> 0 | F17: =B17+1 -> 45825 | G17: =COUNTIFS(' CADASTRO'!$S:$S,'acab equip'!$C$3,' CADASTRO'!$R:$R,'acab equip'!F17) -> 0 | H17: =COUNTIFS(' CADASTRO'!$S:$S,'acab equip'!$D$3,' CADASTRO'!$R:$R,'acab equip'!F17) -> 3 | I17: =COUNTIFS(' CADASTRO'!$R$746:$R$893,'acab equip'!F17,' CADASTRO'!$S$746:$S$893,'acab equip'!$H$3)+COUNTIFS(' CADASTRO'!$R$746:$R$893,'acab equip'!F17,' CADASTRO'!$S$746:$S$893,'acab equip'!$G$3) -> 0 | J17: =F17+1 -> 45826 | K17: =COUNTIFS(' CADASTRO'!$S:$S,'acab equip'!$C$3,' CADASTRO'!$R:$R,'acab equip'!J17) -> 2 | L17: =COUNTIFS(' CADASTRO'!$S:$S,'acab equip'!$D$3,' CADASTRO'!$R:$R,'acab equip'!J17) -> 0 | M17: =COUNTIFS(' CADASTRO'!$R$746:$R$893,'acab equip'!J17,' CADASTRO'!$S$746:$S$893,'acab equip'!$L$3)+COUNTIFS(' CADASTRO'!$R$746:$R$893,'acab equip'!J17,' CADASTRO'!$S$746:$S$893,'acab equip'!$K$3) -> 0 | N17: =J17+1 -> 45827 | O17: =COUNTIFS(' CADASTRO'!$S:$S,'acab equip'!$C$3,' CADASTRO'!$R:$R,'acab equip'!N17) -> 2 | P17: =COUNTIFS(' CADASTRO'!$S:$S,'acab equip'!$D$3,' CADASTRO'!$R:$R,'acab equip'!N17) -> 3 | Q17: =COUNTIFS(' CADASTRO'!$R$746:$R$893,'acab equip'!N17,' CADASTRO'!$S$746:$S$893,'acab equip'!$P$3)+COUNTIFS(' CADASTRO'!$R$746:$R$893,'acab equip'!N17,' CADASTRO'!$S$746:$S$893,'acab equip'!$O$3) -> 0 | R17: =N17+1 -> 45828 | S17: =COUNTIFS(' CADASTRO'!$S:$S,'acab equip'!$C$3,' CADASTRO'!$R:$R,'acab equip'!R17) -> 1 | T17: =COUNTIFS(' CADASTRO'!$S:$S,'acab equip'!$D$3,' CADASTRO'!$R:$R,'acab equip'!R17) -> 2 | U17: =COUNTIFS(' CADASTRO'!$R$746:$R$893,'acab equip'!R17,' CADASTRO'!$S$746:$S$893,'acab equip'!$T$3)+COUNTIFS(' CADASTRO'!$R$746:$R$893,'acab equip'!R17,' CADASTRO'!$S$746:$S$893,'acab equip'!$S$3) -> 0 | V17: =R17+1 -> 45829 | W17: =COUNTIFS(' CADASTRO'!$S:$S,'acab equip'!$C$3,' CADASTRO'!$R:$R,'acab equip'!V17) -> 0 | X17: =COUNTIFS(' CADASTRO'!$S:$S,'acab equip'!$D$3,' CADASTRO'!$R:$R,'acab equip'!V17) -> 0 | Y17: =COUNTIFS(' CADASTRO'!$R$746:$R$893,'acab equip'!V17,' CADASTRO'!$S$746:$S$893,'acab equip'!$X$3)+COUNTIFS(' CADASTRO'!$R$746:$R$893,'acab equip'!V17,' CADASTRO'!$S$746:$S$893,'acab equip'!$W$3) -> 0 | Z17: =V17+1 -> 45830 | AB17: =C17+G17+K17+O17+S17+W17 -> 5 | AC17: =D17+H17+L17+P17+T17+X17-AD17 -> 11 | AD17: =M17+Q17+U17+Y17+I17+E17 -> 0 | AE17: =AB17+AC17+AD17 -> 16 | AF17: =TEXT(Z17,"mmm/aaaa") -> jun/2025
A18: SEMANA 15 | B18: =Z17+1 -> 45831 | C18: =COUNTIFS(' CADASTRO'!$S:$S,'acab equip'!$C$3,' CADASTRO'!$R:$R,'acab equip'!B18) -> 2 | D18: =COUNTIFS(' CADASTRO'!$S:$S,'acab equip'!$D$3,' CADASTRO'!$R:$R,'acab equip'!B18) -> 0 | E18: =COUNTIFS(' CADASTRO'!$R$746:$R$893,'acab equip'!B18,' CADASTRO'!$S$746:$S$893,'acab equip'!$D$3)+COUNTIFS(' CADASTRO'!$R$746:$R$893,'acab equip'!B18,' CADASTRO'!$S$746:$S$893,'acab equip'!$C$3) -> 0 | F18: =B18+1 -> 45832 | G18: =COUNTIFS(' CADASTRO'!$S:$S,'acab equip'!$C$3,' CADASTRO'!$R:$R,'acab equip'!F18) -> 1 | H18: =COUNTIFS(' CADASTRO'!$S:$S,'acab equip'!$D$3,' CADASTRO'!$R:$R,'acab equip'!F18) -> 1 | I18: =COUNTIFS(' CADASTRO'!$R$746:$R$893,'acab equip'!F18,' CADASTRO'!$S$746:$S$893,'acab equip'!$H$3)+COUNTIFS(' CADASTRO'!$R$746:$R$893,'acab equip'!F18,' CADASTRO'!$S$746:$S$893,'acab equip'!$G$3) -> 0 | J18: =F18+1 -> 45833 | K18: =COUNTIFS(' CADASTRO'!$S:$S,'acab equip'!$C$3,' CADASTRO'!$R:$R,'acab equip'!J18) -> 1 | L18: =COUNTIFS(' CADASTRO'!$S:$S,'acab equip'!$D$3,' CADASTRO'!$R:$R,'acab equip'!J18) -> 2 | M18: =COUNTIFS(' CADASTRO'!$R$746:$R$893,'acab equip'!J18,' CADASTRO'!$S$746:$S$893,'acab equip'!$L$3)+COUNTIFS(' CADASTRO'!$R$746:$R$893,'acab equip'!J18,' CADASTRO'!$S$746:$S$893,'acab equip'!$K$3) -> 0 | N18: =J18+1 -> 45834 | O18: =COUNTIFS(' CADASTRO'!$S:$S,'acab equip'!$C$3,' CADASTRO'!$R:$R,'acab equip'!N18) -> 1 | P18: =COUNTIFS(' CADASTRO'!$S:$S,'acab equip'!$D$3,' CADASTRO'!$R:$R,'acab equip'!N18) -> 2 | Q18: =COUNTIFS(' CADASTRO'!$R$746:$R$893,'acab equip'!N18,' CADASTRO'!$S$746:$S$893,'acab equip'!$P$3)+COUNTIFS(' CADASTRO'!$R$746:$R$893,'acab equip'!N18,' CADASTRO'!$S$746:$S$893,'acab equip'!$O$3) -> 0 | R18: =N18+1 -> 45835 | S18: =COUNTIFS(' CADASTRO'!$S:$S,'acab equip'!$C$3,' CADASTRO'!$R:$R,'acab equip'!R18) -> 1 | T18: =COUNTIFS(' CADASTRO'!$S:$S,'acab equip'!$D$3,' CADASTRO'!$R:$R,'acab equip'!R18) -> 3 | U18: =COUNTIFS(' CADASTRO'!$R$746:$R$893,'acab equip'!R18,' CADASTRO'!$S$746:$S$893,'acab equip'!$T$3)+COUNTIFS(' CADASTRO'!$R$746:$R$893,'acab equip'!R18,' CADASTRO'!$S$746:$S$893,'acab equip'!$S$3) -> 0 | V18: =R18+1 -> 45836 | W18: =COUNTIFS(' CADASTRO'!$S:$S,'acab equip'!$C$3,' CADASTRO'!$R:$R,'acab equip'!V18) -> 0 | X18: =COUNTIFS(' CADASTRO'!$S:$S,'acab equip'!$D$3,' CADASTRO'!$R:$R,'acab equip'!V18) -> 1 | Y18: =COUNTIFS(' CADASTRO'!$R$746:$R$893,'acab equip'!V18,' CADASTRO'!$S$746:$S$893,'acab equip'!$X$3)+COUNTIFS(' CADASTRO'!$R$746:$R$893,'acab equip'!V18,' CADASTRO'!$S$746:$S$893,'acab equip'!$W$3) -> 0 | Z18: =V18+1 -> 45837 | AB18: =C18+G18+K18+O18+S18+W18 -> 6 | AC18: =D18+H18+L18+P18+T18+X18-AD18 -> 9 | AD18: =M18+Q18+U18+Y18+I18+E18 -> 0 | AE18: =AB18+AC18+AD18 -> 15 | AF18: =TEXT(Z18,"mmm/aaaa") -> jun/2025
